metric,value
comparisons.satsa_vs_critical_alert_volume:ndcg@10%.baseline.max,1.0
comparisons.satsa_vs_critical_alert_volume:ndcg@10%.baseline.mean,0.330657
comparisons.satsa_vs_critical_alert_volume:ndcg@10%.baseline.median,0.386853
comparisons.satsa_vs_critical_alert_volume:ndcg@10%.baseline.min,0.0
comparisons.satsa_vs_critical_alert_volume:ndcg@10%.baseline.n,20
comparisons.satsa_vs_critical_alert_volume:ndcg@10%.baseline.p95,1.0
comparisons.satsa_vs_critical_alert_volume:ndcg@10%.baseline.p95_note,null
comparisons.satsa_vs_critical_alert_volume:ndcg@10%.median_difference,0.613147
comparisons.satsa_vs_critical_alert_volume:ndcg@10%.median_difference_interval.confidence,0.95
comparisons.satsa_vs_critical_alert_volume:ndcg@10%.median_difference_interval.lower,0.386853
comparisons.satsa_vs_critical_alert_volume:ndcg@10%.median_difference_interval.resamples,10000
comparisons.satsa_vs_critical_alert_volume:ndcg@10%.median_difference_interval.seed,0
comparisons.satsa_vs_critical_alert_volume:ndcg@10%.median_difference_interval.upper,1.0
comparisons.satsa_vs_critical_alert_volume:ndcg@10%.n_pairs,20
comparisons.satsa_vs_critical_alert_volume:ndcg@10%.relative_median_difference,1.584963
comparisons.satsa_vs_critical_alert_volume:ndcg@10%.relative_note,null
comparisons.satsa_vs_critical_alert_volume:ndcg@10%.treatment.max,1.0
comparisons.satsa_vs_critical_alert_volume:ndcg@10%.treatment.mean,0.980657
comparisons.satsa_vs_critical_alert_volume:ndcg@10%.treatment.median,1.0
comparisons.satsa_vs_critical_alert_volume:ndcg@10%.treatment.min,0.613147
comparisons.satsa_vs_critical_alert_volume:ndcg@10%.treatment.n,20
comparisons.satsa_vs_critical_alert_volume:ndcg@10%.treatment.p95,1.0
comparisons.satsa_vs_critical_alert_volume:ndcg@10%.treatment.p95_note,null
comparisons.satsa_vs_critical_alert_volume:ndcg@10%.treatment_greater_in_pairs,18
comparisons.satsa_vs_critical_alert_volume:ndcg@20%.baseline.max,0.831872
comparisons.satsa_vs_critical_alert_volume:ndcg@20%.baseline.mean,0.357204
comparisons.satsa_vs_critical_alert_volume:ndcg@20%.baseline.median,0.246302
comparisons.satsa_vs_critical_alert_volume:ndcg@20%.baseline.min,0.0
comparisons.satsa_vs_critical_alert_volume:ndcg@20%.baseline.n,20
comparisons.satsa_vs_critical_alert_volume:ndcg@20%.baseline.p95,0.831872
comparisons.satsa_vs_critical_alert_volume:ndcg@20%.baseline.p95_note,null
comparisons.satsa_vs_critical_alert_volume:ndcg@20%.median_difference,0.650214
comparisons.satsa_vs_critical_alert_volume:ndcg@20%.median_difference_interval.confidence,0.95
comparisons.satsa_vs_critical_alert_volume:ndcg@20%.median_difference_interval.lower,0.41443
comparisons.satsa_vs_critical_alert_volume:ndcg@20%.median_difference_interval.resamples,10000
comparisons.satsa_vs_critical_alert_volume:ndcg@20%.median_difference_interval.seed,0
comparisons.satsa_vs_critical_alert_volume:ndcg@20%.median_difference_interval.upper,0.779254
comparisons.satsa_vs_critical_alert_volume:ndcg@20%.n_pairs,20
comparisons.satsa_vs_critical_alert_volume:ndcg@20%.relative_median_difference,2.6399
comparisons.satsa_vs_critical_alert_volume:ndcg@20%.relative_note,null
comparisons.satsa_vs_critical_alert_volume:ndcg@20%.treatment.max,1.0
comparisons.satsa_vs_critical_alert_volume:ndcg@20%.treatment.mean,0.926134
comparisons.satsa_vs_critical_alert_volume:ndcg@20%.treatment.median,1.0
comparisons.satsa_vs_critical_alert_volume:ndcg@20%.treatment.min,0.58557
comparisons.satsa_vs_critical_alert_volume:ndcg@20%.treatment.n,20
comparisons.satsa_vs_critical_alert_volume:ndcg@20%.treatment.p95,1.0
comparisons.satsa_vs_critical_alert_volume:ndcg@20%.treatment.p95_note,null
comparisons.satsa_vs_critical_alert_volume:ndcg@20%.treatment_greater_in_pairs,20
comparisons.satsa_vs_critical_alert_volume:ndcg@30%.baseline.max,0.722727
comparisons.satsa_vs_critical_alert_volume:ndcg@30%.baseline.mean,0.379901
comparisons.satsa_vs_critical_alert_volume:ndcg@30%.baseline.median,0.317791
comparisons.satsa_vs_critical_alert_volume:ndcg@30%.baseline.min,0.120811
comparisons.satsa_vs_critical_alert_volume:ndcg@30%.baseline.n,20
comparisons.satsa_vs_critical_alert_volume:ndcg@30%.baseline.p95,0.722727
comparisons.satsa_vs_critical_alert_volume:ndcg@30%.baseline.p95_note,null
comparisons.satsa_vs_critical_alert_volume:ndcg@30%.median_difference,0.519188
comparisons.satsa_vs_critical_alert_volume:ndcg@30%.median_difference_interval.confidence,0.95
comparisons.satsa_vs_critical_alert_volume:ndcg@30%.median_difference_interval.lower,0.337852
comparisons.satsa_vs_critical_alert_volume:ndcg@30%.median_difference_interval.resamples,10000
comparisons.satsa_vs_critical_alert_volume:ndcg@30%.median_difference_interval.seed,0
comparisons.satsa_vs_critical_alert_volume:ndcg@30%.median_difference_interval.upper,0.664383
comparisons.satsa_vs_critical_alert_volume:ndcg@30%.n_pairs,20
comparisons.satsa_vs_critical_alert_volume:ndcg@30%.relative_median_difference,1.633737
comparisons.satsa_vs_critical_alert_volume:ndcg@30%.relative_note,null
comparisons.satsa_vs_critical_alert_volume:ndcg@30%.treatment.max,1.0
comparisons.satsa_vs_critical_alert_volume:ndcg@30%.treatment.mean,0.887305
comparisons.satsa_vs_critical_alert_volume:ndcg@30%.treatment.median,0.868795
comparisons.satsa_vs_critical_alert_volume:ndcg@30%.treatment.min,0.639945
comparisons.satsa_vs_critical_alert_volume:ndcg@30%.treatment.n,20
comparisons.satsa_vs_critical_alert_volume:ndcg@30%.treatment.p95,1.0
comparisons.satsa_vs_critical_alert_volume:ndcg@30%.treatment.p95_note,null
comparisons.satsa_vs_critical_alert_volume:ndcg@30%.treatment_greater_in_pairs,20
comparisons.satsa_vs_critical_alert_volume:precision@10%.baseline.max,1.0
comparisons.satsa_vs_critical_alert_volume:precision@10%.baseline.mean,0.325
comparisons.satsa_vs_critical_alert_volume:precision@10%.baseline.median,0.5
comparisons.satsa_vs_critical_alert_volume:precision@10%.baseline.min,0.0
comparisons.satsa_vs_critical_alert_volume:precision@10%.baseline.n,20
comparisons.satsa_vs_critical_alert_volume:precision@10%.baseline.p95,1.0
comparisons.satsa_vs_critical_alert_volume:precision@10%.baseline.p95_note,null
comparisons.satsa_vs_critical_alert_volume:precision@10%.median_difference,0.5
comparisons.satsa_vs_critical_alert_volume:precision@10%.median_difference_interval.confidence,0.95
comparisons.satsa_vs_critical_alert_volume:precision@10%.median_difference_interval.lower,0.5
comparisons.satsa_vs_critical_alert_volume:precision@10%.median_difference_interval.resamples,10000
comparisons.satsa_vs_critical_alert_volume:precision@10%.median_difference_interval.seed,0
comparisons.satsa_vs_critical_alert_volume:precision@10%.median_difference_interval.upper,1.0
comparisons.satsa_vs_critical_alert_volume:precision@10%.n_pairs,20
comparisons.satsa_vs_critical_alert_volume:precision@10%.relative_median_difference,1.0
comparisons.satsa_vs_critical_alert_volume:precision@10%.relative_note,null
comparisons.satsa_vs_critical_alert_volume:precision@10%.treatment.max,1.0
comparisons.satsa_vs_critical_alert_volume:precision@10%.treatment.mean,0.975
comparisons.satsa_vs_critical_alert_volume:precision@10%.treatment.median,1.0
comparisons.satsa_vs_critical_alert_volume:precision@10%.treatment.min,0.5
comparisons.satsa_vs_critical_alert_volume:precision@10%.treatment.n,20
comparisons.satsa_vs_critical_alert_volume:precision@10%.treatment.p95,1.0
comparisons.satsa_vs_critical_alert_volume:precision@10%.treatment.p95_note,null
comparisons.satsa_vs_critical_alert_volume:precision@10%.treatment_greater_in_pairs,18
comparisons.satsa_vs_critical_alert_volume:precision@20%.baseline.max,0.75
comparisons.satsa_vs_critical_alert_volume:precision@20%.baseline.mean,0.3625
comparisons.satsa_vs_critical_alert_volume:precision@20%.baseline.median,0.25
comparisons.satsa_vs_critical_alert_volume:precision@20%.baseline.min,0.0
comparisons.satsa_vs_critical_alert_volume:precision@20%.baseline.n,20
comparisons.satsa_vs_critical_alert_volume:precision@20%.baseline.p95,0.75
comparisons.satsa_vs_critical_alert_volume:precision@20%.baseline.p95_note,null
comparisons.satsa_vs_critical_alert_volume:precision@20%.median_difference,0.5
comparisons.satsa_vs_critical_alert_volume:precision@20%.median_difference_interval.confidence,0.95
comparisons.satsa_vs_critical_alert_volume:precision@20%.median_difference_interval.lower,0.375
comparisons.satsa_vs_critical_alert_volume:precision@20%.median_difference_interval.resamples,10000
comparisons.satsa_vs_critical_alert_volume:precision@20%.median_difference_interval.seed,0
comparisons.satsa_vs_critical_alert_volume:precision@20%.median_difference_interval.upper,0.75
comparisons.satsa_vs_critical_alert_volume:precision@20%.n_pairs,20
comparisons.satsa_vs_critical_alert_volume:precision@20%.relative_median_difference,2.0
comparisons.satsa_vs_critical_alert_volume:precision@20%.relative_note,null
comparisons.satsa_vs_critical_alert_volume:precision@20%.treatment.max,1.0
comparisons.satsa_vs_critical_alert_volume:precision@20%.treatment.mean,0.9
comparisons.satsa_vs_critical_alert_volume:precision@20%.treatment.median,1.0
comparisons.satsa_vs_critical_alert_volume:precision@20%.treatment.min,0.5
comparisons.satsa_vs_critical_alert_volume:precision@20%.treatment.n,20
comparisons.satsa_vs_critical_alert_volume:precision@20%.treatment.p95,1.0
comparisons.satsa_vs_critical_alert_volume:precision@20%.treatment.p95_note,null
comparisons.satsa_vs_critical_alert_volume:precision@20%.treatment_greater_in_pairs,20
comparisons.satsa_vs_critical_alert_volume:precision@30%.baseline.max,0.5
comparisons.satsa_vs_critical_alert_volume:precision@30%.baseline.mean,0.333333
comparisons.satsa_vs_critical_alert_volume:precision@30%.baseline.median,0.333333
comparisons.satsa_vs_critical_alert_volume:precision@30%.baseline.min,0.166667
comparisons.satsa_vs_critical_alert_volume:precision@30%.baseline.n,20
comparisons.satsa_vs_critical_alert_volume:precision@30%.baseline.p95,0.5
comparisons.satsa_vs_critical_alert_volume:precision@30%.baseline.p95_note,null
comparisons.satsa_vs_critical_alert_volume:precision@30%.median_difference,0.333333
comparisons.satsa_vs_critical_alert_volume:precision@30%.median_difference_interval.confidence,0.95
comparisons.satsa_vs_critical_alert_volume:precision@30%.median_difference_interval.lower,0.25
comparisons.satsa_vs_critical_alert_volume:precision@30%.median_difference_interval.resamples,10000
comparisons.satsa_vs_critical_alert_volume:precision@30%.median_difference_interval.seed,0
comparisons.satsa_vs_critical_alert_volume:precision@30%.median_difference_interval.upper,0.5
comparisons.satsa_vs_critical_alert_volume:precision@30%.n_pairs,20
comparisons.satsa_vs_critical_alert_volume:precision@30%.relative_median_difference,1.0
comparisons.satsa_vs_critical_alert_volume:precision@30%.relative_note,null
comparisons.satsa_vs_critical_alert_volume:precision@30%.treatment.max,0.833333
comparisons.satsa_vs_critical_alert_volume:precision@30%.treatment.mean,0.708333
comparisons.satsa_vs_critical_alert_volume:precision@30%.treatment.median,0.666667
comparisons.satsa_vs_critical_alert_volume:precision@30%.treatment.min,0.5
comparisons.satsa_vs_critical_alert_volume:precision@30%.treatment.n,20
comparisons.satsa_vs_critical_alert_volume:precision@30%.treatment.p95,0.833333
comparisons.satsa_vs_critical_alert_volume:precision@30%.treatment.p95_note,null
comparisons.satsa_vs_critical_alert_volume:precision@30%.treatment_greater_in_pairs,20
comparisons.satsa_vs_critical_alert_volume:recall@10%.baseline.max,0.4
comparisons.satsa_vs_critical_alert_volume:recall@10%.baseline.mean,0.13
comparisons.satsa_vs_critical_alert_volume:recall@10%.baseline.median,0.2
comparisons.satsa_vs_critical_alert_volume:recall@10%.baseline.min,0.0
comparisons.satsa_vs_critical_alert_volume:recall@10%.baseline.n,20
comparisons.satsa_vs_critical_alert_volume:recall@10%.baseline.p95,0.4
comparisons.satsa_vs_critical_alert_volume:recall@10%.baseline.p95_note,null
comparisons.satsa_vs_critical_alert_volume:recall@10%.median_difference,0.2
comparisons.satsa_vs_critical_alert_volume:recall@10%.median_difference_interval.confidence,0.95
comparisons.satsa_vs_critical_alert_volume:recall@10%.median_difference_interval.lower,0.2
comparisons.satsa_vs_critical_alert_volume:recall@10%.median_difference_interval.resamples,10000
comparisons.satsa_vs_critical_alert_volume:recall@10%.median_difference_interval.seed,0
comparisons.satsa_vs_critical_alert_volume:recall@10%.median_difference_interval.upper,0.4
comparisons.satsa_vs_critical_alert_volume:recall@10%.n_pairs,20
comparisons.satsa_vs_critical_alert_volume:recall@10%.relative_median_difference,1.0
comparisons.satsa_vs_critical_alert_volume:recall@10%.relative_note,null
comparisons.satsa_vs_critical_alert_volume:recall@10%.treatment.max,0.4
comparisons.satsa_vs_critical_alert_volume:recall@10%.treatment.mean,0.39
comparisons.satsa_vs_critical_alert_volume:recall@10%.treatment.median,0.4
comparisons.satsa_vs_critical_alert_volume:recall@10%.treatment.min,0.2
comparisons.satsa_vs_critical_alert_volume:recall@10%.treatment.n,20
comparisons.satsa_vs_critical_alert_volume:recall@10%.treatment.p95,0.4
comparisons.satsa_vs_critical_alert_volume:recall@10%.treatment.p95_note,null
comparisons.satsa_vs_critical_alert_volume:recall@10%.treatment_greater_in_pairs,18
comparisons.satsa_vs_critical_alert_volume:recall@20%.baseline.max,0.6
comparisons.satsa_vs_critical_alert_volume:recall@20%.baseline.mean,0.29
comparisons.satsa_vs_critical_alert_volume:recall@20%.baseline.median,0.2
comparisons.satsa_vs_critical_alert_volume:recall@20%.baseline.min,0.0
comparisons.satsa_vs_critical_alert_volume:recall@20%.baseline.n,20
comparisons.satsa_vs_critical_alert_volume:recall@20%.baseline.p95,0.6
comparisons.satsa_vs_critical_alert_volume:recall@20%.baseline.p95_note,null
comparisons.satsa_vs_critical_alert_volume:recall@20%.median_difference,0.4
comparisons.satsa_vs_critical_alert_volume:recall@20%.median_difference_interval.confidence,0.95
comparisons.satsa_vs_critical_alert_volume:recall@20%.median_difference_interval.lower,0.3
comparisons.satsa_vs_critical_alert_volume:recall@20%.median_difference_interval.resamples,10000
comparisons.satsa_vs_critical_alert_volume:recall@20%.median_difference_interval.seed,0
comparisons.satsa_vs_critical_alert_volume:recall@20%.median_difference_interval.upper,0.6
comparisons.satsa_vs_critical_alert_volume:recall@20%.n_pairs,20
comparisons.satsa_vs_critical_alert_volume:recall@20%.relative_median_difference,2.0
comparisons.satsa_vs_critical_alert_volume:recall@20%.relative_note,null
comparisons.satsa_vs_critical_alert_volume:recall@20%.treatment.max,0.8
comparisons.satsa_vs_critical_alert_volume:recall@20%.treatment.mean,0.72
comparisons.satsa_vs_critical_alert_volume:recall@20%.treatment.median,0.8
comparisons.satsa_vs_critical_alert_volume:recall@20%.treatment.min,0.4
comparisons.satsa_vs_critical_alert_volume:recall@20%.treatment.n,20
comparisons.satsa_vs_critical_alert_volume:recall@20%.treatment.p95,0.8
comparisons.satsa_vs_critical_alert_volume:recall@20%.treatment.p95_note,null
comparisons.satsa_vs_critical_alert_volume:recall@20%.treatment_greater_in_pairs,20
comparisons.satsa_vs_critical_alert_volume:recall@30%.baseline.max,0.6
comparisons.satsa_vs_critical_alert_volume:recall@30%.baseline.mean,0.4
comparisons.satsa_vs_critical_alert_volume:recall@30%.baseline.median,0.4
comparisons.satsa_vs_critical_alert_volume:recall@30%.baseline.min,0.2
comparisons.satsa_vs_critical_alert_volume:recall@30%.baseline.n,20
comparisons.satsa_vs_critical_alert_volume:recall@30%.baseline.p95,0.6
comparisons.satsa_vs_critical_alert_volume:recall@30%.baseline.p95_note,null
comparisons.satsa_vs_critical_alert_volume:recall@30%.median_difference,0.4
comparisons.satsa_vs_critical_alert_volume:recall@30%.median_difference_interval.confidence,0.95
comparisons.satsa_vs_critical_alert_volume:recall@30%.median_difference_interval.lower,0.3
comparisons.satsa_vs_critical_alert_volume:recall@30%.median_difference_interval.resamples,10000
comparisons.satsa_vs_critical_alert_volume:recall@30%.median_difference_interval.seed,0
comparisons.satsa_vs_critical_alert_volume:recall@30%.median_difference_interval.upper,0.6
comparisons.satsa_vs_critical_alert_volume:recall@30%.n_pairs,20
comparisons.satsa_vs_critical_alert_volume:recall@30%.relative_median_difference,1.0
comparisons.satsa_vs_critical_alert_volume:recall@30%.relative_note,null
comparisons.satsa_vs_critical_alert_volume:recall@30%.treatment.max,1.0
comparisons.satsa_vs_critical_alert_volume:recall@30%.treatment.mean,0.85
comparisons.satsa_vs_critical_alert_volume:recall@30%.treatment.median,0.8
comparisons.satsa_vs_critical_alert_volume:recall@30%.treatment.min,0.6
comparisons.satsa_vs_critical_alert_volume:recall@30%.treatment.n,20
comparisons.satsa_vs_critical_alert_volume:recall@30%.treatment.p95,1.0
comparisons.satsa_vs_critical_alert_volume:recall@30%.treatment.p95_note,null
comparisons.satsa_vs_critical_alert_volume:recall@30%.treatment_greater_in_pairs,20
comparisons.satsa_vs_fastest_median_closure:ndcg@10%.baseline.max,1.0
comparisons.satsa_vs_fastest_median_closure:ndcg@10%.baseline.mean,0.961315
comparisons.satsa_vs_fastest_median_closure:ndcg@10%.baseline.median,1.0
comparisons.satsa_vs_fastest_median_closure:ndcg@10%.baseline.min,0.613147
comparisons.satsa_vs_fastest_median_closure:ndcg@10%.baseline.n,20
comparisons.satsa_vs_fastest_median_closure:ndcg@10%.baseline.p95,1.0
comparisons.satsa_vs_fastest_median_closure:ndcg@10%.baseline.p95_note,null
comparisons.satsa_vs_fastest_median_closure:ndcg@10%.median_difference,0.0
comparisons.satsa_vs_fastest_median_closure:ndcg@10%.median_difference_interval.confidence,0.95
comparisons.satsa_vs_fastest_median_closure:ndcg@10%.median_difference_interval.lower,0.0
comparisons.satsa_vs_fastest_median_closure:ndcg@10%.median_difference_interval.resamples,10000
comparisons.satsa_vs_fastest_median_closure:ndcg@10%.median_difference_interval.seed,0
comparisons.satsa_vs_fastest_median_closure:ndcg@10%.median_difference_interval.upper,0.0
comparisons.satsa_vs_fastest_median_closure:ndcg@10%.n_pairs,20
comparisons.satsa_vs_fastest_median_closure:ndcg@10%.relative_median_difference,0.0
comparisons.satsa_vs_fastest_median_closure:ndcg@10%.relative_note,null
comparisons.satsa_vs_fastest_median_closure:ndcg@10%.treatment.max,1.0
comparisons.satsa_vs_fastest_median_closure:ndcg@10%.treatment.mean,0.980657
comparisons.satsa_vs_fastest_median_closure:ndcg@10%.treatment.median,1.0
comparisons.satsa_vs_fastest_median_closure:ndcg@10%.treatment.min,0.613147
comparisons.satsa_vs_fastest_median_closure:ndcg@10%.treatment.n,20
comparisons.satsa_vs_fastest_median_closure:ndcg@10%.treatment.p95,1.0
comparisons.satsa_vs_fastest_median_closure:ndcg@10%.treatment.p95_note,null
comparisons.satsa_vs_fastest_median_closure:ndcg@10%.treatment_greater_in_pairs,2
comparisons.satsa_vs_fastest_median_closure:ndcg@20%.baseline.max,1.0
comparisons.satsa_vs_fastest_median_closure:ndcg@20%.baseline.mean,0.838449
comparisons.satsa_vs_fastest_median_closure:ndcg@20%.baseline.median,0.831872
comparisons.satsa_vs_fastest_median_closure:ndcg@20%.baseline.min,0.558508
comparisons.satsa_vs_fastest_median_closure:ndcg@20%.baseline.n,20
comparisons.satsa_vs_fastest_median_closure:ndcg@20%.baseline.p95,1.0
comparisons.satsa_vs_fastest_median_closure:ndcg@20%.baseline.p95_note,null
comparisons.satsa_vs_fastest_median_closure:ndcg@20%.median_difference,0.0
comparisons.satsa_vs_fastest_median_closure:ndcg@20%.median_difference_interval.confidence,0.95
comparisons.satsa_vs_fastest_median_closure:ndcg@20%.median_difference_interval.lower,0.0
comparisons.satsa_vs_fastest_median_closure:ndcg@20%.median_difference_interval.resamples,10000
comparisons.satsa_vs_fastest_median_closure:ndcg@20%.median_difference_interval.seed,0
comparisons.satsa_vs_fastest_median_closure:ndcg@20%.median_difference_interval.upper,0.181659
comparisons.satsa_vs_fastest_median_closure:ndcg@20%.n_pairs,20
comparisons.satsa_vs_fastest_median_closure:ndcg@20%.relative_median_difference,0.0
comparisons.satsa_vs_fastest_median_closure:ndcg@20%.relative_note,null
comparisons.satsa_vs_fastest_median_closure:ndcg@20%.treatment.max,1.0
comparisons.satsa_vs_fastest_median_closure:ndcg@20%.treatment.mean,0.926134
comparisons.satsa_vs_fastest_median_closure:ndcg@20%.treatment.median,1.0
comparisons.satsa_vs_fastest_median_closure:ndcg@20%.treatment.min,0.58557
comparisons.satsa_vs_fastest_median_closure:ndcg@20%.treatment.n,20
comparisons.satsa_vs_fastest_median_closure:ndcg@20%.treatment.p95,1.0
comparisons.satsa_vs_fastest_median_closure:ndcg@20%.treatment.p95_note,null
comparisons.satsa_vs_fastest_median_closure:ndcg@20%.treatment_greater_in_pairs,9
comparisons.satsa_vs_fastest_median_closure:ndcg@30%.baseline.max,1.0
comparisons.satsa_vs_fastest_median_closure:ndcg@30%.baseline.mean,0.804045
comparisons.satsa_vs_fastest_median_closure:ndcg@30%.baseline.median,0.836979
comparisons.satsa_vs_fastest_median_closure:ndcg@30%.baseline.min,0.553146
comparisons.satsa_vs_fastest_median_closure:ndcg@30%.baseline.n,20
comparisons.satsa_vs_fastest_median_closure:ndcg@30%.baseline.p95,1.0
comparisons.satsa_vs_fastest_median_closure:ndcg@30%.baseline.p95_note,null
comparisons.satsa_vs_fastest_median_closure:ndcg@30%.median_difference,0.095237
comparisons.satsa_vs_fastest_median_closure:ndcg@30%.median_difference_interval.confidence,0.95
comparisons.satsa_vs_fastest_median_closure:ndcg@30%.median_difference_interval.lower,0.0
comparisons.satsa_vs_fastest_median_closure:ndcg@30%.median_difference_interval.resamples,10000
comparisons.satsa_vs_fastest_median_closure:ndcg@30%.median_difference_interval.seed,0
comparisons.satsa_vs_fastest_median_closure:ndcg@30%.median_difference_interval.upper,0.155589
comparisons.satsa_vs_fastest_median_closure:ndcg@30%.n_pairs,20
comparisons.satsa_vs_fastest_median_closure:ndcg@30%.relative_median_difference,0.113787
comparisons.satsa_vs_fastest_median_closure:ndcg@30%.relative_note,null
comparisons.satsa_vs_fastest_median_closure:ndcg@30%.treatment.max,1.0
comparisons.satsa_vs_fastest_median_closure:ndcg@30%.treatment.mean,0.887305
comparisons.satsa_vs_fastest_median_closure:ndcg@30%.treatment.median,0.868795
comparisons.satsa_vs_fastest_median_closure:ndcg@30%.treatment.min,0.639945
comparisons.satsa_vs_fastest_median_closure:ndcg@30%.treatment.n,20
comparisons.satsa_vs_fastest_median_closure:ndcg@30%.treatment.p95,1.0
comparisons.satsa_vs_fastest_median_closure:ndcg@30%.treatment.p95_note,null
comparisons.satsa_vs_fastest_median_closure:ndcg@30%.treatment_greater_in_pairs,12
comparisons.satsa_vs_fastest_median_closure:precision@10%.baseline.max,1.0
comparisons.satsa_vs_fastest_median_closure:precision@10%.baseline.mean,0.95
comparisons.satsa_vs_fastest_median_closure:precision@10%.baseline.median,1.0
comparisons.satsa_vs_fastest_median_closure:precision@10%.baseline.min,0.5
comparisons.satsa_vs_fastest_median_closure:precision@10%.baseline.n,20
comparisons.satsa_vs_fastest_median_closure:precision@10%.baseline.p95,1.0
comparisons.satsa_vs_fastest_median_closure:precision@10%.baseline.p95_note,null
comparisons.satsa_vs_fastest_median_closure:precision@10%.median_difference,0.0
comparisons.satsa_vs_fastest_median_closure:precision@10%.median_difference_interval.confidence,0.95
comparisons.satsa_vs_fastest_median_closure:precision@10%.median_difference_interval.lower,0.0
comparisons.satsa_vs_fastest_median_closure:precision@10%.median_difference_interval.resamples,10000
comparisons.satsa_vs_fastest_median_closure:precision@10%.median_difference_interval.seed,0
comparisons.satsa_vs_fastest_median_closure:precision@10%.median_difference_interval.upper,0.0
comparisons.satsa_vs_fastest_median_closure:precision@10%.n_pairs,20
comparisons.satsa_vs_fastest_median_closure:precision@10%.relative_median_difference,0.0
comparisons.satsa_vs_fastest_median_closure:precision@10%.relative_note,null
comparisons.satsa_vs_fastest_median_closure:precision@10%.treatment.max,1.0
comparisons.satsa_vs_fastest_median_closure:precision@10%.treatment.mean,0.975
comparisons.satsa_vs_fastest_median_closure:precision@10%.treatment.median,1.0
comparisons.satsa_vs_fastest_median_closure:precision@10%.treatment.min,0.5
comparisons.satsa_vs_fastest_median_closure:precision@10%.treatment.n,20
comparisons.satsa_vs_fastest_median_closure:precision@10%.treatment.p95,1.0
comparisons.satsa_vs_fastest_median_closure:precision@10%.treatment.p95_note,null
comparisons.satsa_vs_fastest_median_closure:precision@10%.treatment_greater_in_pairs,2
comparisons.satsa_vs_fastest_median_closure:precision@20%.baseline.max,1.0
comparisons.satsa_vs_fastest_median_closure:precision@20%.baseline.mean,0.7875
comparisons.satsa_vs_fastest_median_closure:precision@20%.baseline.median,0.75
comparisons.satsa_vs_fastest_median_closure:precision@20%.baseline.min,0.5
comparisons.satsa_vs_fastest_median_closure:precision@20%.baseline.n,20
comparisons.satsa_vs_fastest_median_closure:precision@20%.baseline.p95,1.0
comparisons.satsa_vs_fastest_median_closure:precision@20%.baseline.p95_note,null
comparisons.satsa_vs_fastest_median_closure:precision@20%.median_difference,0.0
comparisons.satsa_vs_fastest_median_closure:precision@20%.median_difference_interval.confidence,0.95
comparisons.satsa_vs_fastest_median_closure:precision@20%.median_difference_interval.lower,0.0
comparisons.satsa_vs_fastest_median_closure:precision@20%.median_difference_interval.resamples,10000
comparisons.satsa_vs_fastest_median_closure:precision@20%.median_difference_interval.seed,0
comparisons.satsa_vs_fastest_median_closure:precision@20%.median_difference_interval.upper,0.25
comparisons.satsa_vs_fastest_median_closure:precision@20%.n_pairs,20
comparisons.satsa_vs_fastest_median_closure:precision@20%.relative_median_difference,0.0
comparisons.satsa_vs_fastest_median_closure:precision@20%.relative_note,null
comparisons.satsa_vs_fastest_median_closure:precision@20%.treatment.max,1.0
comparisons.satsa_vs_fastest_median_closure:precision@20%.treatment.mean,0.9
comparisons.satsa_vs_fastest_median_closure:precision@20%.treatment.median,1.0
comparisons.satsa_vs_fastest_median_closure:precision@20%.treatment.min,0.5
comparisons.satsa_vs_fastest_median_closure:precision@20%.treatment.n,20
comparisons.satsa_vs_fastest_median_closure:precision@20%.treatment.p95,1.0
comparisons.satsa_vs_fastest_median_closure:precision@20%.treatment.p95_note,null
comparisons.satsa_vs_fastest_median_closure:precision@20%.treatment_greater_in_pairs,8
comparisons.satsa_vs_fastest_median_closure:precision@30%.baseline.max,0.833333
comparisons.satsa_vs_fastest_median_closure:precision@30%.baseline.mean,0.625
comparisons.satsa_vs_fastest_median_closure:precision@30%.baseline.median,0.666667
comparisons.satsa_vs_fastest_median_closure:precision@30%.baseline.min,0.333333
comparisons.satsa_vs_fastest_median_closure:precision@30%.baseline.n,20
comparisons.satsa_vs_fastest_median_closure:precision@30%.baseline.p95,0.833333
comparisons.satsa_vs_fastest_median_closure:precision@30%.baseline.p95_note,null
comparisons.satsa_vs_fastest_median_closure:precision@30%.median_difference,0.083333
comparisons.satsa_vs_fastest_median_closure:precision@30%.median_difference_interval.confidence,0.95
comparisons.satsa_vs_fastest_median_closure:precision@30%.median_difference_interval.lower,0.0
comparisons.satsa_vs_fastest_median_closure:precision@30%.median_difference_interval.resamples,10000
comparisons.satsa_vs_fastest_median_closure:precision@30%.median_difference_interval.seed,0
comparisons.satsa_vs_fastest_median_closure:precision@30%.median_difference_interval.upper,0.166667
comparisons.satsa_vs_fastest_median_closure:precision@30%.n_pairs,20
comparisons.satsa_vs_fastest_median_closure:precision@30%.relative_median_difference,0.125
comparisons.satsa_vs_fastest_median_closure:precision@30%.relative_note,null
comparisons.satsa_vs_fastest_median_closure:precision@30%.treatment.max,0.833333
comparisons.satsa_vs_fastest_median_closure:precision@30%.treatment.mean,0.708333
comparisons.satsa_vs_fastest_median_closure:precision@30%.treatment.median,0.666667
comparisons.satsa_vs_fastest_median_closure:precision@30%.treatment.min,0.5
comparisons.satsa_vs_fastest_median_closure:precision@30%.treatment.n,20
comparisons.satsa_vs_fastest_median_closure:precision@30%.treatment.p95,0.833333
comparisons.satsa_vs_fastest_median_closure:precision@30%.treatment.p95_note,null
comparisons.satsa_vs_fastest_median_closure:precision@30%.treatment_greater_in_pairs,10
comparisons.satsa_vs_fastest_median_closure:recall@10%.baseline.max,0.4
comparisons.satsa_vs_fastest_median_closure:recall@10%.baseline.mean,0.38
comparisons.satsa_vs_fastest_median_closure:recall@10%.baseline.median,0.4
comparisons.satsa_vs_fastest_median_closure:recall@10%.baseline.min,0.2
comparisons.satsa_vs_fastest_median_closure:recall@10%.baseline.n,20
comparisons.satsa_vs_fastest_median_closure:recall@10%.baseline.p95,0.4
comparisons.satsa_vs_fastest_median_closure:recall@10%.baseline.p95_note,null
comparisons.satsa_vs_fastest_median_closure:recall@10%.median_difference,0.0
comparisons.satsa_vs_fastest_median_closure:recall@10%.median_difference_interval.confidence,0.95
comparisons.satsa_vs_fastest_median_closure:recall@10%.median_difference_interval.lower,0.0
comparisons.satsa_vs_fastest_median_closure:recall@10%.median_difference_interval.resamples,10000
comparisons.satsa_vs_fastest_median_closure:recall@10%.median_difference_interval.seed,0
comparisons.satsa_vs_fastest_median_closure:recall@10%.median_difference_interval.upper,0.0
comparisons.satsa_vs_fastest_median_closure:recall@10%.n_pairs,20
comparisons.satsa_vs_fastest_median_closure:recall@10%.relative_median_difference,0.0
comparisons.satsa_vs_fastest_median_closure:recall@10%.relative_note,null
comparisons.satsa_vs_fastest_median_closure:recall@10%.treatment.max,0.4
comparisons.satsa_vs_fastest_median_closure:recall@10%.treatment.mean,0.39
comparisons.satsa_vs_fastest_median_closure:recall@10%.treatment.median,0.4
comparisons.satsa_vs_fastest_median_closure:recall@10%.treatment.min,0.2
comparisons.satsa_vs_fastest_median_closure:recall@10%.treatment.n,20
comparisons.satsa_vs_fastest_median_closure:recall@10%.treatment.p95,0.4
comparisons.satsa_vs_fastest_median_closure:recall@10%.treatment.p95_note,null
comparisons.satsa_vs_fastest_median_closure:recall@10%.treatment_greater_in_pairs,2
comparisons.satsa_vs_fastest_median_closure:recall@20%.baseline.max,0.8
comparisons.satsa_vs_fastest_median_closure:recall@20%.baseline.mean,0.63
comparisons.satsa_vs_fastest_median_closure:recall@20%.baseline.median,0.6
comparisons.satsa_vs_fastest_median_closure:recall@20%.baseline.min,0.4
comparisons.satsa_vs_fastest_median_closure:recall@20%.baseline.n,20
comparisons.satsa_vs_fastest_median_closure:recall@20%.baseline.p95,0.8
comparisons.satsa_vs_fastest_median_closure:recall@20%.baseline.p95_note,null
comparisons.satsa_vs_fastest_median_closure:recall@20%.median_difference,0.0
comparisons.satsa_vs_fastest_median_closure:recall@20%.median_difference_interval.confidence,0.95
comparisons.satsa_vs_fastest_median_closure:recall@20%.median_difference_interval.lower,0.0
comparisons.satsa_vs_fastest_median_closure:recall@20%.median_difference_interval.resamples,10000
comparisons.satsa_vs_fastest_median_closure:recall@20%.median_difference_interval.seed,0
comparisons.satsa_vs_fastest_median_closure:recall@20%.median_difference_interval.upper,0.2
comparisons.satsa_vs_fastest_median_closure:recall@20%.n_pairs,20
comparisons.satsa_vs_fastest_median_closure:recall@20%.relative_median_difference,0.0
comparisons.satsa_vs_fastest_median_closure:recall@20%.relative_note,null
comparisons.satsa_vs_fastest_median_closure:recall@20%.treatment.max,0.8
comparisons.satsa_vs_fastest_median_closure:recall@20%.treatment.mean,0.72
comparisons.satsa_vs_fastest_median_closure:recall@20%.treatment.median,0.8
comparisons.satsa_vs_fastest_median_closure:recall@20%.treatment.min,0.4
comparisons.satsa_vs_fastest_median_closure:recall@20%.treatment.n,20
comparisons.satsa_vs_fastest_median_closure:recall@20%.treatment.p95,0.8
comparisons.satsa_vs_fastest_median_closure:recall@20%.treatment.p95_note,null
comparisons.satsa_vs_fastest_median_closure:recall@20%.treatment_greater_in_pairs,8
comparisons.satsa_vs_fastest_median_closure:recall@30%.baseline.max,1.0
comparisons.satsa_vs_fastest_median_closure:recall@30%.baseline.mean,0.75
comparisons.satsa_vs_fastest_median_closure:recall@30%.baseline.median,0.8
comparisons.satsa_vs_fastest_median_closure:recall@30%.baseline.min,0.4
comparisons.satsa_vs_fastest_median_closure:recall@30%.baseline.n,20
comparisons.satsa_vs_fastest_median_closure:recall@30%.baseline.p95,1.0
comparisons.satsa_vs_fastest_median_closure:recall@30%.baseline.p95_note,null
comparisons.satsa_vs_fastest_median_closure:recall@30%.median_difference,0.1
comparisons.satsa_vs_fastest_median_closure:recall@30%.median_difference_interval.confidence,0.95
comparisons.satsa_vs_fastest_median_closure:recall@30%.median_difference_interval.lower,0.0
comparisons.satsa_vs_fastest_median_closure:recall@30%.median_difference_interval.resamples,10000
comparisons.satsa_vs_fastest_median_closure:recall@30%.median_difference_interval.seed,0
comparisons.satsa_vs_fastest_median_closure:recall@30%.median_difference_interval.upper,0.2
comparisons.satsa_vs_fastest_median_closure:recall@30%.n_pairs,20
comparisons.satsa_vs_fastest_median_closure:recall@30%.relative_median_difference,0.125
comparisons.satsa_vs_fastest_median_closure:recall@30%.relative_note,null
comparisons.satsa_vs_fastest_median_closure:recall@30%.treatment.max,1.0
comparisons.satsa_vs_fastest_median_closure:recall@30%.treatment.mean,0.85
comparisons.satsa_vs_fastest_median_closure:recall@30%.treatment.median,0.8
comparisons.satsa_vs_fastest_median_closure:recall@30%.treatment.min,0.6
comparisons.satsa_vs_fastest_median_closure:recall@30%.treatment.n,20
comparisons.satsa_vs_fastest_median_closure:recall@30%.treatment.p95,1.0
comparisons.satsa_vs_fastest_median_closure:recall@30%.treatment.p95_note,null
comparisons.satsa_vs_fastest_median_closure:recall@30%.treatment_greater_in_pairs,10
comparisons.satsa_vs_random:ndcg@10%.baseline.max,0.287592
comparisons.satsa_vs_random:ndcg@10%.baseline.mean,0.24971
comparisons.satsa_vs_random:ndcg@10%.baseline.median,0.243869
comparisons.satsa_vs_random:ndcg@10%.baseline.min,0.215474
comparisons.satsa_vs_random:ndcg@10%.baseline.n,20
comparisons.satsa_vs_random:ndcg@10%.baseline.p95,0.285892
comparisons.satsa_vs_random:ndcg@10%.baseline.p95_note,null
comparisons.satsa_vs_random:ndcg@10%.median_difference,0.756131
comparisons.satsa_vs_random:ndcg@10%.median_difference_interval.confidence,0.95
comparisons.satsa_vs_random:ndcg@10%.median_difference_interval.lower,0.736131
comparisons.satsa_vs_random:ndcg@10%.median_difference_interval.resamples,10000
comparisons.satsa_vs_random:ndcg@10%.median_difference_interval.seed,0
comparisons.satsa_vs_random:ndcg@10%.median_difference_interval.upper,0.76281
comparisons.satsa_vs_random:ndcg@10%.n_pairs,20
comparisons.satsa_vs_random:ndcg@10%.relative_median_difference,3.10057
comparisons.satsa_vs_random:ndcg@10%.relative_note,null
comparisons.satsa_vs_random:ndcg@10%.treatment.max,1.0
comparisons.satsa_vs_random:ndcg@10%.treatment.mean,0.980657
comparisons.satsa_vs_random:ndcg@10%.treatment.median,1.0
comparisons.satsa_vs_random:ndcg@10%.treatment.min,0.613147
comparisons.satsa_vs_random:ndcg@10%.treatment.n,20
comparisons.satsa_vs_random:ndcg@10%.treatment.p95,1.0
comparisons.satsa_vs_random:ndcg@10%.treatment.p95_note,null
comparisons.satsa_vs_random:ndcg@10%.treatment_greater_in_pairs,20
comparisons.satsa_vs_random:ndcg@20%.baseline.max,0.272567
comparisons.satsa_vs_random:ndcg@20%.baseline.mean,0.25108
comparisons.satsa_vs_random:ndcg@20%.baseline.median,0.247891
comparisons.satsa_vs_random:ndcg@20%.baseline.min,0.232116
comparisons.satsa_vs_random:ndcg@20%.baseline.n,20
comparisons.satsa_vs_random:ndcg@20%.baseline.p95,0.272527
comparisons.satsa_vs_random:ndcg@20%.baseline.p95_note,null
comparisons.satsa_vs_random:ndcg@20%.median_difference,0.738201
comparisons.satsa_vs_random:ndcg@20%.median_difference_interval.confidence,0.95
comparisons.satsa_vs_random:ndcg@20%.median_difference_interval.lower,0.59429
comparisons.satsa_vs_random:ndcg@20%.median_difference_interval.resamples,10000
comparisons.satsa_vs_random:ndcg@20%.median_difference_interval.seed,0
comparisons.satsa_vs_random:ndcg@20%.median_difference_interval.upper,0.753798
comparisons.satsa_vs_random:ndcg@20%.n_pairs,20
comparisons.satsa_vs_random:ndcg@20%.relative_median_difference,2.977927
comparisons.satsa_vs_random:ndcg@20%.relative_note,null
comparisons.satsa_vs_random:ndcg@20%.treatment.max,1.0
comparisons.satsa_vs_random:ndcg@20%.treatment.mean,0.926134
comparisons.satsa_vs_random:ndcg@20%.treatment.median,1.0
comparisons.satsa_vs_random:ndcg@20%.treatment.min,0.58557
comparisons.satsa_vs_random:ndcg@20%.treatment.n,20
comparisons.satsa_vs_random:ndcg@20%.treatment.p95,1.0
comparisons.satsa_vs_random:ndcg@20%.treatment.p95_note,null
comparisons.satsa_vs_random:ndcg@20%.treatment_greater_in_pairs,20
comparisons.satsa_vs_random:ndcg@30%.baseline.max,0.302641
comparisons.satsa_vs_random:ndcg@30%.baseline.mean,0.279402
comparisons.satsa_vs_random:ndcg@30%.baseline.median,0.27575
comparisons.satsa_vs_random:ndcg@30%.baseline.min,0.258809
comparisons.satsa_vs_random:ndcg@30%.baseline.n,20
comparisons.satsa_vs_random:ndcg@30%.baseline.p95,0.301359
comparisons.satsa_vs_random:ndcg@30%.baseline.p95_note,null
comparisons.satsa_vs_random:ndcg@30%.median_difference,0.590507
comparisons.satsa_vs_random:ndcg@30%.median_difference_interval.confidence,0.95
comparisons.satsa_vs_random:ndcg@30%.median_difference_interval.lower,0.555094
comparisons.satsa_vs_random:ndcg@30%.median_difference_interval.resamples,10000
comparisons.satsa_vs_random:ndcg@30%.median_difference_interval.seed,0
comparisons.satsa_vs_random:ndcg@30%.median_difference_interval.upper,0.709637
comparisons.satsa_vs_random:ndcg@30%.n_pairs,20
comparisons.satsa_vs_random:ndcg@30%.relative_median_difference,2.14146
comparisons.satsa_vs_random:ndcg@30%.relative_note,null
comparisons.satsa_vs_random:ndcg@30%.treatment.max,1.0
comparisons.satsa_vs_random:ndcg@30%.treatment.mean,0.887305
comparisons.satsa_vs_random:ndcg@30%.treatment.median,0.868795
comparisons.satsa_vs_random:ndcg@30%.treatment.min,0.639945
comparisons.satsa_vs_random:ndcg@30%.treatment.n,20
comparisons.satsa_vs_random:ndcg@30%.treatment.p95,1.0
comparisons.satsa_vs_random:ndcg@30%.treatment.p95_note,null
comparisons.satsa_vs_random:ndcg@30%.treatment_greater_in_pairs,20
comparisons.satsa_vs_random:precision@10%.baseline.max,0.2875
comparisons.satsa_vs_random:precision@10%.baseline.mean,0.249625
comparisons.satsa_vs_random:precision@10%.baseline.median,0.245
comparisons.satsa_vs_random:precision@10%.baseline.min,0.22
comparisons.satsa_vs_random:precision@10%.baseline.n,20
comparisons.satsa_vs_random:precision@10%.baseline.p95,0.28275
comparisons.satsa_vs_random:precision@10%.baseline.p95_note,null
comparisons.satsa_vs_random:precision@10%.median_difference,0.755
comparisons.satsa_vs_random:precision@10%.median_difference_interval.confidence,0.95
comparisons.satsa_vs_random:precision@10%.median_difference_interval.lower,0.735
comparisons.satsa_vs_random:precision@10%.median_difference_interval.resamples,10000
comparisons.satsa_vs_random:precision@10%.median_difference_interval.seed,0
comparisons.satsa_vs_random:precision@10%.median_difference_interval.upper,0.76375
comparisons.satsa_vs_random:precision@10%.n_pairs,20
comparisons.satsa_vs_random:precision@10%.relative_median_difference,3.081633
comparisons.satsa_vs_random:precision@10%.relative_note,null
comparisons.satsa_vs_random:precision@10%.treatment.max,1.0
comparisons.satsa_vs_random:precision@10%.treatment.mean,0.975
comparisons.satsa_vs_random:precision@10%.treatment.median,1.0
comparisons.satsa_vs_random:precision@10%.treatment.min,0.5
comparisons.satsa_vs_random:precision@10%.treatment.n,20
comparisons.satsa_vs_random:precision@10%.treatment.p95,1.0
comparisons.satsa_vs_random:precision@10%.treatment.p95_note,null
comparisons.satsa_vs_random:precision@10%.treatment_greater_in_pairs,20
comparisons.satsa_vs_random:precision@20%.baseline.max,0.26875
comparisons.satsa_vs_random:precision@20%.baseline.mean,0.251563
comparisons.satsa_vs_random:precision@20%.baseline.median,0.250625
comparisons.satsa_vs_random:precision@20%.baseline.min,0.23375
comparisons.satsa_vs_random:precision@20%.baseline.n,20
comparisons.satsa_vs_random:precision@20%.baseline.p95,0.267563
comparisons.satsa_vs_random:precision@20%.baseline.p95_note,null
comparisons.satsa_vs_random:precision@20%.median_difference,0.7375
comparisons.satsa_vs_random:precision@20%.median_difference_interval.confidence,0.95
comparisons.satsa_vs_random:precision@20%.median_difference_interval.lower,0.511875
comparisons.satsa_vs_random:precision@20%.median_difference_interval.resamples,10000
comparisons.satsa_vs_random:precision@20%.median_difference_interval.seed,0
comparisons.satsa_vs_random:precision@20%.median_difference_interval.upper,0.754375
comparisons.satsa_vs_random:precision@20%.n_pairs,20
comparisons.satsa_vs_random:precision@20%.relative_median_difference,2.942643
comparisons.satsa_vs_random:precision@20%.relative_note,null
comparisons.satsa_vs_random:precision@20%.treatment.max,1.0
comparisons.satsa_vs_random:precision@20%.treatment.mean,0.9
comparisons.satsa_vs_random:precision@20%.treatment.median,1.0
comparisons.satsa_vs_random:precision@20%.treatment.min,0.5
comparisons.satsa_vs_random:precision@20%.treatment.n,20
comparisons.satsa_vs_random:precision@20%.treatment.p95,1.0
comparisons.satsa_vs_random:precision@20%.treatment.p95_note,null
comparisons.satsa_vs_random:precision@20%.treatment_greater_in_pairs,20
comparisons.satsa_vs_random:precision@30%.baseline.max,0.264167
comparisons.satsa_vs_random:precision@30%.baseline.mean,0.248625
comparisons.satsa_vs_random:precision@30%.baseline.median,0.245833
comparisons.satsa_vs_random:precision@30%.baseline.min,0.235833
comparisons.satsa_vs_random:precision@30%.baseline.n,20
comparisons.satsa_vs_random:precision@30%.baseline.p95,0.263375
comparisons.satsa_vs_random:precision@30%.baseline.p95_note,null
comparisons.satsa_vs_random:precision@30%.median_difference,0.422083
comparisons.satsa_vs_random:precision@30%.median_difference_interval.confidence,0.95
comparisons.satsa_vs_random:precision@30%.median_difference_interval.lower,0.41
comparisons.satsa_vs_random:precision@30%.median_difference_interval.resamples,10000
comparisons.satsa_vs_random:precision@30%.median_difference_interval.seed,0
comparisons.satsa_vs_random:precision@30%.median_difference_interval.upper,0.585417
comparisons.satsa_vs_random:precision@30%.n_pairs,20
comparisons.satsa_vs_random:precision@30%.relative_median_difference,1.716949
comparisons.satsa_vs_random:precision@30%.relative_note,null
comparisons.satsa_vs_random:precision@30%.treatment.max,0.833333
comparisons.satsa_vs_random:precision@30%.treatment.mean,0.708333
comparisons.satsa_vs_random:precision@30%.treatment.median,0.666667
comparisons.satsa_vs_random:precision@30%.treatment.min,0.5
comparisons.satsa_vs_random:precision@30%.treatment.n,20
comparisons.satsa_vs_random:precision@30%.treatment.p95,0.833333
comparisons.satsa_vs_random:precision@30%.treatment.p95_note,null
comparisons.satsa_vs_random:precision@30%.treatment_greater_in_pairs,20
comparisons.satsa_vs_random:recall@10%.baseline.max,0.115
comparisons.satsa_vs_random:recall@10%.baseline.mean,0.09985
comparisons.satsa_vs_random:recall@10%.baseline.median,0.098
comparisons.satsa_vs_random:recall@10%.baseline.min,0.088
comparisons.satsa_vs_random:recall@10%.baseline.n,20
comparisons.satsa_vs_random:recall@10%.baseline.p95,0.1131
comparisons.satsa_vs_random:recall@10%.baseline.p95_note,null
comparisons.satsa_vs_random:recall@10%.median_difference,0.302
comparisons.satsa_vs_random:recall@10%.median_difference_interval.confidence,0.95
comparisons.satsa_vs_random:recall@10%.median_difference_interval.lower,0.294
comparisons.satsa_vs_random:recall@10%.median_difference_interval.resamples,10000
comparisons.satsa_vs_random:recall@10%.median_difference_interval.seed,0
comparisons.satsa_vs_random:recall@10%.median_difference_interval.upper,0.3055
comparisons.satsa_vs_random:recall@10%.n_pairs,20
comparisons.satsa_vs_random:recall@10%.relative_median_difference,3.081633
comparisons.satsa_vs_random:recall@10%.relative_note,null
comparisons.satsa_vs_random:recall@10%.treatment.max,0.4
comparisons.satsa_vs_random:recall@10%.treatment.mean,0.39
comparisons.satsa_vs_random:recall@10%.treatment.median,0.4
comparisons.satsa_vs_random:recall@10%.treatment.min,0.2
comparisons.satsa_vs_random:recall@10%.treatment.n,20
comparisons.satsa_vs_random:recall@10%.treatment.p95,0.4
comparisons.satsa_vs_random:recall@10%.treatment.p95_note,null
comparisons.satsa_vs_random:recall@10%.treatment_greater_in_pairs,20
comparisons.satsa_vs_random:recall@20%.baseline.max,0.215
comparisons.satsa_vs_random:recall@20%.baseline.mean,0.20125
comparisons.satsa_vs_random:recall@20%.baseline.median,0.2005
comparisons.satsa_vs_random:recall@20%.baseline.min,0.187
comparisons.satsa_vs_random:recall@20%.baseline.n,20
comparisons.satsa_vs_random:recall@20%.baseline.p95,0.21405
comparisons.satsa_vs_random:recall@20%.baseline.p95_note,null
comparisons.satsa_vs_random:recall@20%.median_difference,0.59
comparisons.satsa_vs_random:recall@20%.median_difference_interval.confidence,0.95
comparisons.satsa_vs_random:recall@20%.median_difference_interval.lower,0.4095
comparisons.satsa_vs_random:recall@20%.median_difference_interval.resamples,10000
comparisons.satsa_vs_random:recall@20%.median_difference_interval.seed,0
comparisons.satsa_vs_random:recall@20%.median_difference_interval.upper,0.6035
comparisons.satsa_vs_random:recall@20%.n_pairs,20
comparisons.satsa_vs_random:recall@20%.relative_median_difference,2.942643
comparisons.satsa_vs_random:recall@20%.relative_note,null
comparisons.satsa_vs_random:recall@20%.treatment.max,0.8
comparisons.satsa_vs_random:recall@20%.treatment.mean,0.72
comparisons.satsa_vs_random:recall@20%.treatment.median,0.8
comparisons.satsa_vs_random:recall@20%.treatment.min,0.4
comparisons.satsa_vs_random:recall@20%.treatment.n,20
comparisons.satsa_vs_random:recall@20%.treatment.p95,0.8
comparisons.satsa_vs_random:recall@20%.treatment.p95_note,null
comparisons.satsa_vs_random:recall@20%.treatment_greater_in_pairs,20
comparisons.satsa_vs_random:recall@30%.baseline.max,0.317
comparisons.satsa_vs_random:recall@30%.baseline.mean,0.29835
comparisons.satsa_vs_random:recall@30%.baseline.median,0.295
comparisons.satsa_vs_random:recall@30%.baseline.min,0.283
comparisons.satsa_vs_random:recall@30%.baseline.n,20
comparisons.satsa_vs_random:recall@30%.baseline.p95,0.31605
comparisons.satsa_vs_random:recall@30%.baseline.p95_note,null
comparisons.satsa_vs_random:recall@30%.median_difference,0.5065
comparisons.satsa_vs_random:recall@30%.median_difference_interval.confidence,0.95
comparisons.satsa_vs_random:recall@30%.median_difference_interval.lower,0.492
comparisons.satsa_vs_random:recall@30%.median_difference_interval.resamples,10000
comparisons.satsa_vs_random:recall@30%.median_difference_interval.seed,0
comparisons.satsa_vs_random:recall@30%.median_difference_interval.upper,0.7025
comparisons.satsa_vs_random:recall@30%.n_pairs,20
comparisons.satsa_vs_random:recall@30%.relative_median_difference,1.716949
comparisons.satsa_vs_random:recall@30%.relative_note,null
comparisons.satsa_vs_random:recall@30%.treatment.max,1.0
comparisons.satsa_vs_random:recall@30%.treatment.mean,0.85
comparisons.satsa_vs_random:recall@30%.treatment.median,0.8
comparisons.satsa_vs_random:recall@30%.treatment.min,0.6
comparisons.satsa_vs_random:recall@30%.treatment.n,20
comparisons.satsa_vs_random:recall@30%.treatment.p95,1.0
comparisons.satsa_vs_random:recall@30%.treatment.p95_note,null
comparisons.satsa_vs_random:recall@30%.treatment_greater_in_pairs,20
design.confidence_level,0.95
design.k_percentages[0],10
design.k_percentages[1],20
design.k_percentages[2],30
design.n_entities,20
design.n_pathological,5
design.random_trials_per_replicate,200
design.replicates,20
design.smallest_top_n,2
performance.total_elapsed_seconds,906.749409
replicates[0].elapsed_seconds,46.978938
replicates[0].methods.critical_alert_volume.10.ndcg,0.38685280723454163
replicates[0].methods.critical_alert_volume.10.precision,0.5
replicates[0].methods.critical_alert_volume.10.recall,0.2
replicates[0].methods.critical_alert_volume.10.top_n,2
replicates[0].methods.critical_alert_volume.20.ndcg,0.44149241373678083
replicates[0].methods.critical_alert_volume.20.precision,0.5
replicates[0].methods.critical_alert_volume.20.recall,0.4
replicates[0].methods.critical_alert_volume.20.top_n,4
replicates[0].methods.critical_alert_volume.30.ndcg,0.5043776700708298
replicates[0].methods.critical_alert_volume.30.precision,0.5
replicates[0].methods.critical_alert_volume.30.recall,0.6
replicates[0].methods.critical_alert_volume.30.top_n,6
replicates[0].methods.critical_alert_volume.review_volume_to_find_all,18
replicates[0].methods.fastest_median_closure.10.ndcg,1.0
replicates[0].methods.fastest_median_closure.10.precision,1.0
replicates[0].methods.fastest_median_closure.10.recall,0.4
replicates[0].methods.fastest_median_closure.10.top_n,2
replicates[0].methods.fastest_median_closure.20.ndcg,0.6366824387328317
replicates[0].methods.fastest_median_closure.20.precision,0.5
replicates[0].methods.fastest_median_closure.20.recall,0.4
replicates[0].methods.fastest_median_closure.20.top_n,4
replicates[0].methods.fastest_median_closure.30.ndcg,0.6739577727076379
replicates[0].methods.fastest_median_closure.30.precision,0.5
replicates[0].methods.fastest_median_closure.30.recall,0.6
replicates[0].methods.fastest_median_closure.30.top_n,6
replicates[0].methods.fastest_median_closure.review_volume_to_find_all,11
replicates[0].methods.random.10.ndcg,0.23967132018086354
replicates[0].methods.random.10.precision,0.2425
replicates[0].methods.random.10.recall,0.09700000000000002
replicates[0].methods.random.10.top_n,2
replicates[0].methods.random.20.ndcg,0.25600471314458784
replicates[0].methods.random.20.precision,0.26375
replicates[0].methods.random.20.recall,0.21100000000000002
replicates[0].methods.random.20.top_n,4
replicates[0].methods.random.30.ndcg,0.2728708398293588
replicates[0].methods.random.30.precision,0.2425
replicates[0].methods.random.30.recall,0.29100000000000004
replicates[0].methods.random.30.top_n,6
replicates[0].methods.random.review_volume_to_find_all,17.725
replicates[0].methods.satsa.10.ndcg,1.0
replicates[0].methods.satsa.10.precision,1.0
replicates[0].methods.satsa.10.recall,0.4
replicates[0].methods.satsa.10.top_n,2
replicates[0].methods.satsa.20.ndcg,0.8048099750039491
replicates[0].methods.satsa.20.precision,0.75
replicates[0].methods.satsa.20.recall,0.6
replicates[0].methods.satsa.20.top_n,4
replicates[0].methods.satsa.30.ndcg,0.830419897363192
replicates[0].methods.satsa.30.precision,0.6666666666666666
replicates[0].methods.satsa.30.recall,0.8
replicates[0].methods.satsa.30.top_n,6
replicates[0].methods.satsa.review_volume_to_find_all,12
replicates[0].n_entities,20
replicates[0].n_pathological,5
replicates[0].seed,100
replicates[1].elapsed_seconds,47.853104
replicates[1].methods.critical_alert_volume.10.ndcg,0.38685280723454163
replicates[1].methods.critical_alert_volume.10.precision,0.5
replicates[1].methods.critical_alert_volume.10.recall,0.2
replicates[1].methods.critical_alert_volume.10.top_n,2
replicates[1].methods.critical_alert_volume.20.ndcg,0.24630238874073
replicates[1].methods.critical_alert_volume.20.precision,0.25
replicates[1].methods.critical_alert_volume.20.recall,0.2
replicates[1].methods.critical_alert_volume.20.top_n,4
replicates[1].methods.critical_alert_volume.30.ndcg,0.34519134224686937
replicates[1].methods.critical_alert_volume.30.precision,0.3333333333333333
replicates[1].methods.critical_alert_volume.30.recall,0.4
replicates[1].methods.critical_alert_volume.30.top_n,6
replicates[1].methods.critical_alert_volume.review_volume_to_find_all,14
replicates[1].methods.fastest_median_closure.10.ndcg,1.0
replicates[1].methods.fastest_median_closure.10.precision,1.0
replicates[1].methods.fastest_median_closure.10.recall,0.4
replicates[1].methods.fastest_median_closure.10.top_n,2
replicates[1].methods.fastest_median_closure.20.ndcg,1.0
replicates[1].methods.fastest_median_closure.20.precision,1.0
replicates[1].methods.fastest_median_closure.20.recall,0.8
replicates[1].methods.fastest_median_closure.20.top_n,4
replicates[1].methods.fastest_median_closure.30.ndcg,0.8687949224876582
replicates[1].methods.fastest_median_closure.30.precision,0.6666666666666666
replicates[1].methods.fastest_median_closure.30.recall,0.8
replicates[1].methods.fastest_median_closure.30.top_n,6
replicates[1].methods.fastest_median_closure.review_volume_to_find_all,7
replicates[1].methods.random.10.ndcg,0.2569342640361727
replicates[1].methods.random.10.precision,0.2575
replicates[1].methods.random.10.recall,0.10300000000000001
replicates[1].methods.random.10.top_n,2
replicates[1].methods.random.20.ndcg,0.26265722548769144
replicates[1].methods.random.20.precision,0.265
replicates[1].methods.random.20.recall,0.212
replicates[1].methods.random.20.top_n,4
replicates[1].methods.random.30.ndcg,0.28056661606345457
replicates[1].methods.random.30.precision,0.24583333333333332
replicates[1].methods.random.30.recall,0.295
replicates[1].methods.random.30.top_n,6
replicates[1].methods.random.review_volume_to_find_all,17.35
replicates[1].methods.satsa.10.ndcg,1.0
replicates[1].methods.satsa.10.precision,1.0
replicates[1].methods.satsa.10.recall,0.4
replicates[1].methods.satsa.10.top_n,2
replicates[1].methods.satsa.20.ndcg,1.0
replicates[1].methods.satsa.20.precision,1.0
replicates[1].methods.satsa.20.recall,0.8
replicates[1].methods.satsa.20.top_n,4
replicates[1].methods.satsa.30.ndcg,0.8687949224876582
replicates[1].methods.satsa.30.precision,0.6666666666666666
replicates[1].methods.satsa.30.recall,0.8
replicates[1].methods.satsa.30.top_n,6
replicates[1].methods.satsa.review_volume_to_find_all,11
replicates[1].n_entities,20
replicates[1].n_pathological,5
replicates[1].seed,101
replicates[2].elapsed_seconds,47.624248
replicates[2].methods.critical_alert_volume.10.ndcg,0.38685280723454163
replicates[2].methods.critical_alert_volume.10.precision,0.5
replicates[2].methods.critical_alert_volume.10.recall,0.2
replicates[2].methods.critical_alert_volume.10.top_n,2
replicates[2].methods.critical_alert_volume.20.ndcg,0.24630238874073
replicates[2].methods.critical_alert_volume.20.precision,0.25
replicates[2].methods.critical_alert_volume.20.recall,0.2
replicates[2].methods.critical_alert_volume.20.top_n,4
replicates[2].methods.critical_alert_volume.30.ndcg,0.4660026449463635
replicates[2].methods.critical_alert_volume.30.precision,0.5
replicates[2].methods.critical_alert_volume.30.recall,0.6
replicates[2].methods.critical_alert_volume.30.top_n,6
replicates[2].methods.critical_alert_volume.review_volume_to_find_all,15
replicates[2].methods.fastest_median_closure.10.ndcg,1.0
replicates[2].methods.fastest_median_closure.10.precision,1.0
replicates[2].methods.fastest_median_closure.10.recall,0.4
replicates[2].methods.fastest_median_closure.10.top_n,2
replicates[2].methods.fastest_median_closure.20.ndcg,1.0
replicates[2].methods.fastest_median_closure.20.precision,1.0
replicates[2].methods.fastest_median_closure.20.recall,0.8
replicates[2].methods.fastest_median_closure.20.top_n,4
replicates[2].methods.fastest_median_closure.30.ndcg,0.9896062251871524
replicates[2].methods.fastest_median_closure.30.precision,0.8333333333333334
replicates[2].methods.fastest_median_closure.30.recall,1.0
replicates[2].methods.fastest_median_closure.30.top_n,6
replicates[2].methods.fastest_median_closure.review_volume_to_find_all,6
replicates[2].methods.random.10.ndcg,0.24259162367444564
replicates[2].methods.random.10.precision,0.2375
replicates[2].methods.random.10.recall,0.095
replicates[2].methods.random.10.top_n,2
replicates[2].methods.random.20.ndcg,0.2438725664185336
replicates[2].methods.random.20.precision,0.24125
replicates[2].methods.random.20.recall,0.193
replicates[2].methods.random.20.top_n,4
replicates[2].methods.random.30.ndcg,0.2796078568512665
replicates[2].methods.random.30.precision,0.2508333333333333
replicates[2].methods.random.30.recall,0.301
replicates[2].methods.random.30.top_n,6
replicates[2].methods.random.review_volume_to_find_all,17.435
replicates[2].methods.satsa.10.ndcg,1.0
replicates[2].methods.satsa.10.precision,1.0
replicates[2].methods.satsa.10.recall,0.4
replicates[2].methods.satsa.10.top_n,2
replicates[2].methods.satsa.20.ndcg,1.0
replicates[2].methods.satsa.20.precision,1.0
replicates[2].methods.satsa.20.recall,0.8
replicates[2].methods.satsa.20.top_n,4
replicates[2].methods.satsa.30.ndcg,0.8687949224876582
replicates[2].methods.satsa.30.precision,0.6666666666666666
replicates[2].methods.satsa.30.recall,0.8
replicates[2].methods.satsa.30.top_n,6
replicates[2].methods.satsa.review_volume_to_find_all,7
replicates[2].n_entities,20
replicates[2].n_pathological,5
replicates[2].seed,102
replicates[3].elapsed_seconds,42.179329
replicates[3].methods.critical_alert_volume.10.ndcg,0.0
replicates[3].methods.critical_alert_volume.10.precision,0.0
replicates[3].methods.critical_alert_volume.10.recall,0.0
replicates[3].methods.critical_alert_volume.10.top_n,2
replicates[3].methods.critical_alert_volume.20.ndcg,0.19519002499605084
replicates[3].methods.critical_alert_volume.20.precision,0.25
replicates[3].methods.critical_alert_volume.20.recall,0.2
replicates[3].methods.critical_alert_volume.20.top_n,4
replicates[3].methods.critical_alert_volume.30.ndcg,0.29039140533630226
replicates[3].methods.critical_alert_volume.30.precision,0.3333333333333333
replicates[3].methods.critical_alert_volume.30.recall,0.4
replicates[3].methods.critical_alert_volume.30.top_n,6
replicates[3].methods.critical_alert_volume.review_volume_to_find_all,19
replicates[3].methods.fastest_median_closure.10.ndcg,1.0
replicates[3].methods.fastest_median_closure.10.precision,1.0
replicates[3].methods.fastest_median_closure.10.recall,0.4
replicates[3].methods.fastest_median_closure.10.top_n,2
replicates[3].methods.fastest_median_closure.20.ndcg,0.8318724637288826
replicates[3].methods.fastest_median_closure.20.precision,0.75
replicates[3].methods.fastest_median_closure.20.recall,0.6
replicates[3].methods.fastest_median_closure.20.top_n,4
replicates[3].methods.fastest_median_closure.30.ndcg,0.8435378753444459
replicates[3].methods.fastest_median_closure.30.precision,0.6666666666666666
replicates[3].methods.fastest_median_closure.30.recall,0.8
replicates[3].methods.fastest_median_closure.30.top_n,6
replicates[3].methods.fastest_median_closure.review_volume_to_find_all,17
replicates[3].methods.random.10.ndcg,0.2348545675297548
replicates[3].methods.random.10.precision,0.2275
replicates[3].methods.random.10.recall,0.091
replicates[3].methods.random.10.top_n,2
replicates[3].methods.random.20.ndcg,0.24477345637399295
replicates[3].methods.random.20.precision,0.2425
replicates[3].methods.random.20.recall,0.19400000000000003
replicates[3].methods.random.20.top_n,4
replicates[3].methods.random.30.ndcg,0.2719337542813251
replicates[3].methods.random.30.precision,0.24
replicates[3].methods.random.30.recall,0.28800000000000003
replicates[3].methods.random.30.top_n,6
replicates[3].methods.random.review_volume_to_find_all,17.51
replicates[3].methods.satsa.10.ndcg,1.0
replicates[3].methods.satsa.10.precision,1.0
replicates[3].methods.satsa.10.recall,0.4
replicates[3].methods.satsa.10.top_n,2
replicates[3].methods.satsa.20.ndcg,1.0
replicates[3].methods.satsa.20.precision,1.0
replicates[3].methods.satsa.20.recall,0.8
replicates[3].methods.satsa.20.top_n,4
replicates[3].methods.satsa.30.ndcg,1.0
replicates[3].methods.satsa.30.precision,0.8333333333333334
replicates[3].methods.satsa.30.recall,1.0
replicates[3].methods.satsa.30.top_n,6
replicates[3].methods.satsa.review_volume_to_find_all,5
replicates[3].n_entities,20
replicates[3].n_pathological,5
replicates[3].seed,103
replicates[4].elapsed_seconds,42.004121
replicates[4].methods.critical_alert_volume.10.ndcg,0.0
replicates[4].methods.critical_alert_volume.10.precision,0.0
replicates[4].methods.critical_alert_volume.10.recall,0.0
replicates[4].methods.critical_alert_volume.10.top_n,2
replicates[4].methods.critical_alert_volume.20.ndcg,0.16812753627111746
replicates[4].methods.critical_alert_volume.20.precision,0.25
replicates[4].methods.critical_alert_volume.20.recall,0.2
replicates[4].methods.critical_alert_volume.20.top_n,4
replicates[4].methods.critical_alert_volume.30.ndcg,0.27727342735504823
replicates[4].methods.critical_alert_volume.30.precision,0.3333333333333333
replicates[4].methods.critical_alert_volume.30.recall,0.4
replicates[4].methods.critical_alert_volume.30.top_n,6
replicates[4].methods.critical_alert_volume.review_volume_to_find_all,18
replicates[4].methods.fastest_median_closure.10.ndcg,1.0
replicates[4].methods.fastest_median_closure.10.precision,1.0
replicates[4].methods.fastest_median_closure.10.recall,0.4
replicates[4].methods.fastest_median_closure.10.top_n,2
replicates[4].methods.fastest_median_closure.20.ndcg,1.0
replicates[4].methods.fastest_median_closure.20.precision,1.0
replicates[4].methods.fastest_median_closure.20.recall,0.8
replicates[4].methods.fastest_median_closure.20.top_n,4
replicates[4].methods.fastest_median_closure.30.ndcg,1.0
replicates[4].methods.fastest_median_closure.30.precision,0.8333333333333334
replicates[4].methods.fastest_median_closure.30.recall,1.0
replicates[4].methods.fastest_median_closure.30.top_n,6
replicates[4].methods.fastest_median_closure.review_volume_to_find_all,5
replicates[4].methods.random.10.ndcg,0.2537230956021002
replicates[4].methods.random.10.precision,0.2475
replicates[4].methods.random.10.recall,0.099
replicates[4].methods.random.10.top_n,2
replicates[4].methods.random.20.ndcg,0.26094088186436876
replicates[4].methods.random.20.precision,0.2625
replicates[4].methods.random.20.recall,0.21
replicates[4].methods.random.20.top_n,4
replicates[4].methods.random.30.ndcg,0.28805194536787476
replicates[4].methods.random.30.precision,0.2558333333333333
replicates[4].methods.random.30.recall,0.307
replicates[4].methods.random.30.top_n,6
replicates[4].methods.random.review_volume_to_find_all,17.515
replicates[4].methods.satsa.10.ndcg,1.0
replicates[4].methods.satsa.10.precision,1.0
replicates[4].methods.satsa.10.recall,0.4
replicates[4].methods.satsa.10.top_n,2
replicates[4].methods.satsa.20.ndcg,1.0
replicates[4].methods.satsa.20.precision,1.0
replicates[4].methods.satsa.20.recall,0.8
replicates[4].methods.satsa.20.top_n,4
replicates[4].methods.satsa.30.ndcg,1.0
replicates[4].methods.satsa.30.precision,0.8333333333333334
replicates[4].methods.satsa.30.recall,1.0
replicates[4].methods.satsa.30.top_n,6
replicates[4].methods.satsa.review_volume_to_find_all,5
replicates[4].n_entities,20
replicates[4].n_pathological,5
replicates[4].seed,104
replicates[5].elapsed_seconds,50.344489
replicates[5].methods.critical_alert_volume.10.ndcg,0.38685280723454163
replicates[5].methods.critical_alert_volume.10.precision,0.5
replicates[5].methods.critical_alert_volume.10.recall,0.2
replicates[5].methods.critical_alert_volume.10.top_n,2
replicates[5].methods.critical_alert_volume.20.ndcg,0.24630238874073
replicates[5].methods.critical_alert_volume.20.precision,0.25
replicates[5].methods.critical_alert_volume.20.recall,0.2
replicates[5].methods.critical_alert_volume.20.top_n,4
replicates[5].methods.critical_alert_volume.30.ndcg,0.21398626473452756
replicates[5].methods.critical_alert_volume.30.precision,0.16666666666666666
replicates[5].methods.critical_alert_volume.30.recall,0.2
replicates[5].methods.critical_alert_volume.30.top_n,6
replicates[5].methods.critical_alert_volume.review_volume_to_find_all,19
replicates[5].methods.fastest_median_closure.10.ndcg,1.0
replicates[5].methods.fastest_median_closure.10.precision,1.0
replicates[5].methods.fastest_median_closure.10.recall,0.4
replicates[5].methods.fastest_median_closure.10.top_n,2
replicates[5].methods.fastest_median_closure.20.ndcg,0.8048099750039491
replicates[5].methods.fastest_median_closure.20.precision,0.75
replicates[5].methods.fastest_median_closure.20.recall,0.6
replicates[5].methods.fastest_median_closure.20.top_n,4
replicates[5].methods.fastest_median_closure.30.ndcg,0.830419897363192
replicates[5].methods.fastest_median_closure.30.precision,0.6666666666666666
replicates[5].methods.fastest_median_closure.30.recall,0.8
replicates[5].methods.fastest_median_closure.30.top_n,6
replicates[5].methods.fastest_median_closure.review_volume_to_find_all,9
replicates[5].methods.random.10.ndcg,0.27080279210851815
replicates[5].methods.random.10.precision,0.2725
replicates[5].methods.random.10.recall,0.109
replicates[5].methods.random.10.top_n,2
replicates[5].methods.random.20.ndcg,0.2672838853556491
replicates[5].methods.random.20.precision,0.26625
replicates[5].methods.random.20.recall,0.213
replicates[5].methods.random.20.top_n,4
replicates[5].methods.random.30.ndcg,0.2954788218830415
replicates[5].methods.random.30.precision,0.2608333333333333
replicates[5].methods.random.30.recall,0.313
replicates[5].methods.random.30.top_n,6
replicates[5].methods.random.review_volume_to_find_all,17.335
replicates[5].methods.satsa.10.ndcg,1.0
replicates[5].methods.satsa.10.precision,1.0
replicates[5].methods.satsa.10.recall,0.4
replicates[5].methods.satsa.10.top_n,2
replicates[5].methods.satsa.20.ndcg,1.0
replicates[5].methods.satsa.20.precision,1.0
replicates[5].methods.satsa.20.recall,0.8
replicates[5].methods.satsa.20.top_n,4
replicates[5].methods.satsa.30.ndcg,0.8687949224876582
replicates[5].methods.satsa.30.precision,0.6666666666666666
replicates[5].methods.satsa.30.recall,0.8
replicates[5].methods.satsa.30.top_n,6
replicates[5].methods.satsa.review_volume_to_find_all,7
replicates[5].n_entities,20
replicates[5].n_pathological,5
replicates[5].seed,105
replicates[6].elapsed_seconds,45.108669
replicates[6].methods.critical_alert_volume.10.ndcg,0.6131471927654584
replicates[6].methods.critical_alert_volume.10.precision,0.5
replicates[6].methods.critical_alert_volume.10.recall,0.2
replicates[6].methods.critical_alert_volume.10.top_n,2
replicates[6].methods.critical_alert_volume.20.ndcg,0.5855700749881525
replicates[6].methods.critical_alert_volume.20.precision,0.5
replicates[6].methods.critical_alert_volume.20.recall,0.4
replicates[6].methods.critical_alert_volume.20.top_n,4
replicates[6].methods.critical_alert_volume.30.ndcg,0.639945385422766
replicates[6].methods.critical_alert_volume.30.precision,0.5
replicates[6].methods.critical_alert_volume.30.recall,0.6
replicates[6].methods.critical_alert_volume.30.top_n,6
replicates[6].methods.critical_alert_volume.review_volume_to_find_all,17
replicates[6].methods.fastest_median_closure.10.ndcg,1.0
replicates[6].methods.fastest_median_closure.10.precision,1.0
replicates[6].methods.fastest_median_closure.10.recall,0.4
replicates[6].methods.fastest_median_closure.10.top_n,2
replicates[6].methods.fastest_median_closure.20.ndcg,0.8318724637288826
replicates[6].methods.fastest_median_closure.20.precision,0.75
replicates[6].methods.fastest_median_closure.20.recall,0.6
replicates[6].methods.fastest_median_closure.20.top_n,4
replicates[6].methods.fastest_median_closure.30.ndcg,0.7227265726449519
replicates[6].methods.fastest_median_closure.30.precision,0.5
replicates[6].methods.fastest_median_closure.30.recall,0.6
replicates[6].methods.fastest_median_closure.30.top_n,6
replicates[6].methods.fastest_median_closure.review_volume_to_find_all,19
replicates[6].methods.random.10.ndcg,0.24580279210851813
replicates[6].methods.random.10.precision,0.2475
replicates[6].methods.random.10.recall,0.099
replicates[6].methods.random.10.top_n,2
replicates[6].methods.random.20.ndcg,0.23810945996847876
replicates[6].methods.random.20.precision,0.23625
replicates[6].methods.random.20.recall,0.18900000000000003
replicates[6].methods.random.20.top_n,4
replicates[6].methods.random.30.ndcg,0.27194439878066523
replicates[6].methods.random.30.precision,0.24333333333333332
replicates[6].methods.random.30.recall,0.29200000000000004
replicates[6].methods.random.30.top_n,6
replicates[6].methods.random.review_volume_to_find_all,17.235
replicates[6].methods.satsa.10.ndcg,1.0
replicates[6].methods.satsa.10.precision,1.0
replicates[6].methods.satsa.10.recall,0.4
replicates[6].methods.satsa.10.top_n,2
replicates[6].methods.satsa.20.ndcg,0.8048099750039491
replicates[6].methods.satsa.20.precision,0.75
replicates[6].methods.satsa.20.recall,0.6
replicates[6].methods.satsa.20.top_n,4
replicates[6].methods.satsa.30.ndcg,0.8200261225503442
replicates[6].methods.satsa.30.precision,0.6666666666666666
replicates[6].methods.satsa.30.recall,0.8
replicates[6].methods.satsa.30.top_n,6
replicates[6].methods.satsa.review_volume_to_find_all,16
replicates[6].n_entities,20
replicates[6].n_pathological,5
replicates[6].seed,106
replicates[7].elapsed_seconds,51.809988
replicates[7].methods.critical_alert_volume.10.ndcg,0.0
replicates[7].methods.critical_alert_volume.10.precision,0.0
replicates[7].methods.critical_alert_volume.10.recall,0.0
replicates[7].methods.critical_alert_volume.10.top_n,2
replicates[7].methods.critical_alert_volume.20.ndcg,0.19519002499605084
replicates[7].methods.critical_alert_volume.20.precision,0.25
replicates[7].methods.critical_alert_volume.20.recall,0.2
replicates[7].methods.critical_alert_volume.20.top_n,4
replicates[7].methods.critical_alert_volume.30.ndcg,0.16958010263680806
replicates[7].methods.critical_alert_volume.30.precision,0.16666666666666666
replicates[7].methods.critical_alert_volume.30.recall,0.2
replicates[7].methods.critical_alert_volume.30.top_n,6
replicates[7].methods.critical_alert_volume.review_volume_to_find_all,20
replicates[7].methods.fastest_median_closure.10.ndcg,1.0
replicates[7].methods.fastest_median_closure.10.precision,1.0
replicates[7].methods.fastest_median_closure.10.recall,0.4
replicates[7].methods.fastest_median_closure.10.top_n,2
replicates[7].methods.fastest_median_closure.20.ndcg,0.8048099750039491
replicates[7].methods.fastest_median_closure.20.precision,0.75
replicates[7].methods.fastest_median_closure.20.recall,0.6
replicates[7].methods.fastest_median_closure.20.top_n,4
replicates[7].methods.fastest_median_closure.30.ndcg,0.6992148198508501
replicates[7].methods.fastest_median_closure.30.precision,0.5
replicates[7].methods.fastest_median_closure.30.recall,0.6
replicates[7].methods.fastest_median_closure.30.top_n,6
replicates[7].methods.fastest_median_closure.review_volume_to_find_all,16
replicates[7].methods.random.10.ndcg,0.278539848253209
replicates[7].methods.random.10.precision,0.2825
replicates[7].methods.random.10.recall,0.113
replicates[7].methods.random.10.top_n,2
replicates[7].methods.random.20.ndcg,0.2647017200374786
replicates[7].methods.random.20.precision,0.2625
replicates[7].methods.random.20.recall,0.21
replicates[7].methods.random.20.top_n,4
replicates[7].methods.random.30.ndcg,0.2880392155391618
replicates[7].methods.random.30.precision,0.25166666666666665
replicates[7].methods.random.30.recall,0.30200000000000005
replicates[7].methods.random.30.top_n,6
replicates[7].methods.random.review_volume_to_find_all,17.565
replicates[7].methods.satsa.10.ndcg,1.0
replicates[7].methods.satsa.10.precision,1.0
replicates[7].methods.satsa.10.recall,0.4
replicates[7].methods.satsa.10.top_n,2
replicates[7].methods.satsa.20.ndcg,1.0
replicates[7].methods.satsa.20.precision,1.0
replicates[7].methods.satsa.20.recall,0.8
replicates[7].methods.satsa.20.top_n,4
replicates[7].methods.satsa.30.ndcg,0.9896062251871524
replicates[7].methods.satsa.30.precision,0.8333333333333334
replicates[7].methods.satsa.30.recall,1.0
replicates[7].methods.satsa.30.top_n,6
replicates[7].methods.satsa.review_volume_to_find_all,6
replicates[7].n_entities,20
replicates[7].n_pathological,5
replicates[7].seed,107
replicates[8].elapsed_seconds,45.122382
replicates[8].methods.critical_alert_volume.10.ndcg,0.6131471927654584
replicates[8].methods.critical_alert_volume.10.precision,0.5
replicates[8].methods.critical_alert_volume.10.recall,0.2
replicates[8].methods.critical_alert_volume.10.top_n,2
replicates[8].methods.critical_alert_volume.20.ndcg,0.5585075862632192
replicates[8].methods.critical_alert_volume.20.precision,0.5
replicates[8].methods.critical_alert_volume.20.recall,0.4
replicates[8].methods.critical_alert_volume.20.top_n,4
replicates[8].methods.critical_alert_volume.30.ndcg,0.48522855511632257
replicates[8].methods.critical_alert_volume.30.precision,0.3333333333333333
replicates[8].methods.critical_alert_volume.30.recall,0.4
replicates[8].methods.critical_alert_volume.30.top_n,6
replicates[8].methods.critical_alert_volume.review_volume_to_find_all,18
replicates[8].methods.fastest_median_closure.10.ndcg,1.0
replicates[8].methods.fastest_median_closure.10.precision,1.0
replicates[8].methods.fastest_median_closure.10.recall,0.4
replicates[8].methods.fastest_median_closure.10.top_n,2
replicates[8].methods.fastest_median_closure.20.ndcg,1.0
replicates[8].methods.fastest_median_closure.20.precision,1.0
replicates[8].methods.fastest_median_closure.20.recall,0.8
replicates[8].methods.fastest_median_closure.20.top_n,4
replicates[8].methods.fastest_median_closure.30.ndcg,0.8687949224876582
replicates[8].methods.fastest_median_closure.30.precision,0.6666666666666666
replicates[8].methods.fastest_median_closure.30.recall,0.8
replicates[8].methods.fastest_median_closure.30.top_n,6
replicates[8].methods.fastest_median_closure.review_volume_to_find_all,13
replicates[8].methods.random.10.ndcg,0.24401396054259064
replicates[8].methods.random.10.precision,0.2525
replicates[8].methods.random.10.recall,0.10100000000000002
replicates[8].methods.random.10.top_n,2
replicates[8].methods.random.20.ndcg,0.24730005636851057
replicates[8].methods.random.20.precision,0.2525
replicates[8].methods.random.20.recall,0.20199999999999999
replicates[8].methods.random.20.top_n,4
replicates[8].methods.random.30.ndcg,0.2716606565996652
replicates[8].methods.random.30.precision,0.24333333333333332
replicates[8].methods.random.30.recall,0.29200000000000004
replicates[8].methods.random.30.top_n,6
replicates[8].methods.random.review_volume_to_find_all,17.61
replicates[8].methods.satsa.10.ndcg,1.0
replicates[8].methods.satsa.10.precision,1.0
replicates[8].methods.satsa.10.recall,0.4
replicates[8].methods.satsa.10.top_n,2
replicates[8].methods.satsa.20.ndcg,1.0
replicates[8].methods.satsa.20.precision,1.0
replicates[8].methods.satsa.20.recall,0.8
replicates[8].methods.satsa.20.top_n,4
replicates[8].methods.satsa.30.ndcg,1.0
replicates[8].methods.satsa.30.precision,0.8333333333333334
replicates[8].methods.satsa.30.recall,1.0
replicates[8].methods.satsa.30.top_n,6
replicates[8].methods.satsa.review_volume_to_find_all,5
replicates[8].n_entities,20
replicates[8].n_pathological,5
replicates[8].seed,108
replicates[9].elapsed_seconds,47.047975
replicates[9].methods.critical_alert_volume.10.ndcg,0.6131471927654584
replicates[9].methods.critical_alert_volume.10.precision,0.5
replicates[9].methods.critical_alert_volume.10.recall,0.2
replicates[9].methods.critical_alert_volume.10.top_n,2
replicates[9].methods.critical_alert_volume.20.ndcg,0.5585075862632192
replicates[9].methods.critical_alert_volume.20.precision,0.5
replicates[9].methods.critical_alert_volume.20.recall,0.4
replicates[9].methods.critical_alert_volume.20.top_n,4
replicates[9].methods.critical_alert_volume.30.ndcg,0.48522855511632257
replicates[9].methods.critical_alert_volume.30.precision,0.3333333333333333
replicates[9].methods.critical_alert_volume.30.recall,0.4
replicates[9].methods.critical_alert_volume.30.top_n,6
replicates[9].methods.critical_alert_volume.review_volume_to_find_all,14
replicates[9].methods.fastest_median_closure.10.ndcg,1.0
replicates[9].methods.fastest_median_closure.10.precision,1.0
replicates[9].methods.fastest_median_closure.10.recall,0.4
replicates[9].methods.fastest_median_closure.10.top_n,2
replicates[9].methods.fastest_median_closure.20.ndcg,1.0
replicates[9].methods.fastest_median_closure.20.precision,1.0
replicates[9].methods.fastest_median_closure.20.recall,0.8
replicates[9].methods.fastest_median_closure.20.top_n,4
replicates[9].methods.fastest_median_closure.30.ndcg,0.9896062251871524
replicates[9].methods.fastest_median_closure.30.precision,0.8333333333333334
replicates[9].methods.fastest_median_closure.30.recall,1.0
replicates[9].methods.fastest_median_closure.30.top_n,6
replicates[9].methods.fastest_median_closure.review_volume_to_find_all,6
replicates[9].methods.random.10.ndcg,0.2280657359638273
replicates[9].methods.random.10.precision,0.2275
replicates[9].methods.random.10.recall,0.091
replicates[9].methods.random.10.top_n,2
replicates[9].methods.random.20.ndcg,0.23825736441884957
replicates[9].methods.random.20.precision,0.24125
replicates[9].methods.random.20.recall,0.193
replicates[9].methods.random.20.top_n,4
replicates[9].methods.random.30.ndcg,0.27136490315453476
replicates[9].methods.random.30.precision,0.24583333333333332
replicates[9].methods.random.30.recall,0.295
replicates[9].methods.random.30.top_n,6
replicates[9].methods.random.review_volume_to_find_all,17.305
replicates[9].methods.satsa.10.ndcg,1.0
replicates[9].methods.satsa.10.precision,1.0
replicates[9].methods.satsa.10.recall,0.4
replicates[9].methods.satsa.10.top_n,2
replicates[9].methods.satsa.20.ndcg,0.8318724637288826
replicates[9].methods.satsa.20.precision,0.75
replicates[9].methods.satsa.20.recall,0.6
replicates[9].methods.satsa.20.top_n,4
replicates[9].methods.satsa.30.ndcg,0.7227265726449519
replicates[9].methods.satsa.30.precision,0.5
replicates[9].methods.satsa.30.recall,0.6
replicates[9].methods.satsa.30.top_n,6
replicates[9].methods.satsa.review_volume_to_find_all,11
replicates[9].n_entities,20
replicates[9].n_pathological,5
replicates[9].seed,109
replicates[10].elapsed_seconds,41.187775
replicates[10].methods.critical_alert_volume.10.ndcg,0.0
replicates[10].methods.critical_alert_volume.10.precision,0.0
replicates[10].methods.critical_alert_volume.10.recall,0.0
replicates[10].methods.critical_alert_volume.10.top_n,2
replicates[10].methods.critical_alert_volume.20.ndcg,0.16812753627111746
replicates[10].methods.critical_alert_volume.20.precision,0.25
replicates[10].methods.critical_alert_volume.20.recall,0.2
replicates[10].methods.critical_alert_volume.20.top_n,4
replicates[10].methods.critical_alert_volume.30.ndcg,0.14606834984270645
replicates[10].methods.critical_alert_volume.30.precision,0.16666666666666666
replicates[10].methods.critical_alert_volume.30.recall,0.2
replicates[10].methods.critical_alert_volume.30.top_n,6
replicates[10].methods.critical_alert_volume.review_volume_to_find_all,17
replicates[10].methods.fastest_median_closure.10.ndcg,1.0
replicates[10].methods.fastest_median_closure.10.precision,1.0
replicates[10].methods.fastest_median_closure.10.recall,0.4
replicates[10].methods.fastest_median_closure.10.top_n,2
replicates[10].methods.fastest_median_closure.20.ndcg,1.0
replicates[10].methods.fastest_median_closure.20.precision,1.0
replicates[10].methods.fastest_median_closure.20.recall,0.8
replicates[10].methods.fastest_median_closure.20.top_n,4
replicates[10].methods.fastest_median_closure.30.ndcg,0.8687949224876582
replicates[10].methods.fastest_median_closure.30.precision,0.6666666666666666
replicates[10].methods.fastest_median_closure.30.recall,0.8
replicates[10].methods.fastest_median_closure.30.top_n,6
replicates[10].methods.fastest_median_closure.review_volume_to_find_all,9
replicates[10].methods.random.10.ndcg,0.28759162367444563
replicates[10].methods.random.10.precision,0.2825
replicates[10].methods.random.10.recall,0.113
replicates[10].methods.random.10.top_n,2
replicates[10].methods.random.20.ndcg,0.2525695733114244
replicates[10].methods.random.20.precision,0.2375
replicates[10].methods.random.20.recall,0.19
replicates[10].methods.random.20.top_n,4
replicates[10].methods.random.30.ndcg,0.2822793512986061
replicates[10].methods.random.30.precision,0.24166666666666664
replicates[10].methods.random.30.recall,0.29
replicates[10].methods.random.30.top_n,6
replicates[10].methods.random.review_volume_to_find_all,17.525
replicates[10].methods.satsa.10.ndcg,1.0
replicates[10].methods.satsa.10.precision,1.0
replicates[10].methods.satsa.10.recall,0.4
replicates[10].methods.satsa.10.top_n,2
replicates[10].methods.satsa.20.ndcg,1.0
replicates[10].methods.satsa.20.precision,1.0
replicates[10].methods.satsa.20.recall,0.8
replicates[10].methods.satsa.20.top_n,4
replicates[10].methods.satsa.30.ndcg,0.9896062251871524
replicates[10].methods.satsa.30.precision,0.8333333333333334
replicates[10].methods.satsa.30.recall,1.0
replicates[10].methods.satsa.30.top_n,6
replicates[10].methods.satsa.review_volume_to_find_all,6
replicates[10].n_entities,20
replicates[10].n_pathological,5
replicates[10].seed,110
replicates[11].elapsed_seconds,40.823081
replicates[11].methods.critical_alert_volume.10.ndcg,0.0
replicates[11].methods.critical_alert_volume.10.precision,0.0
replicates[11].methods.critical_alert_volume.10.recall,0.0
replicates[11].methods.critical_alert_volume.10.top_n,2
replicates[11].methods.critical_alert_volume.20.ndcg,0.19519002499605084
replicates[11].methods.critical_alert_volume.20.precision,0.25
replicates[11].methods.critical_alert_volume.20.recall,0.2
replicates[11].methods.critical_alert_volume.20.top_n,4
replicates[11].methods.critical_alert_volume.30.ndcg,0.16958010263680806
replicates[11].methods.critical_alert_volume.30.precision,0.16666666666666666
replicates[11].methods.critical_alert_volume.30.recall,0.2
replicates[11].methods.critical_alert_volume.30.top_n,6
replicates[11].methods.critical_alert_volume.review_volume_to_find_all,19
replicates[11].methods.fastest_median_closure.10.ndcg,0.6131471927654584
replicates[11].methods.fastest_median_closure.10.precision,0.5
replicates[11].methods.fastest_median_closure.10.recall,0.2
replicates[11].methods.fastest_median_closure.10.top_n,2
replicates[11].methods.fastest_median_closure.20.ndcg,0.5585075862632192
replicates[11].methods.fastest_median_closure.20.precision,0.5
replicates[11].methods.fastest_median_closure.20.recall,0.4
replicates[11].methods.fastest_median_closure.20.top_n,4
replicates[11].methods.fastest_median_closure.30.ndcg,0.6164336326286644
replicates[11].methods.fastest_median_closure.30.precision,0.5
replicates[11].methods.fastest_median_closure.30.recall,0.6
replicates[11].methods.fastest_median_closure.30.top_n,6
replicates[11].methods.fastest_median_closure.review_volume_to_find_all,12
replicates[11].methods.random.10.ndcg,0.28565735963827293
replicates[11].methods.random.10.precision,0.28
replicates[11].methods.random.10.recall,0.11200000000000002
replicates[11].methods.random.10.top_n,2
replicates[11].methods.random.20.ndcg,0.2725671022496446
replicates[11].methods.random.20.precision,0.265
replicates[11].methods.random.20.recall,0.212
replicates[11].methods.random.20.top_n,4
replicates[11].methods.random.30.ndcg,0.30264098657112837
replicates[11].methods.random.30.precision,0.2633333333333333
replicates[11].methods.random.30.recall,0.316
replicates[11].methods.random.30.top_n,6
replicates[11].methods.random.review_volume_to_find_all,17.595
replicates[11].methods.satsa.10.ndcg,1.0
replicates[11].methods.satsa.10.precision,1.0
replicates[11].methods.satsa.10.recall,0.4
replicates[11].methods.satsa.10.top_n,2
replicates[11].methods.satsa.20.ndcg,0.8318724637288826
replicates[11].methods.satsa.20.precision,0.75
replicates[11].methods.satsa.20.recall,0.6
replicates[11].methods.satsa.20.top_n,4
replicates[11].methods.satsa.30.ndcg,0.8435378753444459
replicates[11].methods.satsa.30.precision,0.6666666666666666
replicates[11].methods.satsa.30.recall,0.8
replicates[11].methods.satsa.30.top_n,6
replicates[11].methods.satsa.review_volume_to_find_all,8
replicates[11].n_entities,20
replicates[11].n_pathological,5
replicates[11].seed,111
replicates[12].elapsed_seconds,46.358609
replicates[12].methods.critical_alert_volume.10.ndcg,0.6131471927654584
replicates[12].methods.critical_alert_volume.10.precision,0.5
replicates[12].methods.critical_alert_volume.10.recall,0.2
replicates[12].methods.critical_alert_volume.10.top_n,2
replicates[12].methods.critical_alert_volume.20.ndcg,0.5855700749881525
replicates[12].methods.critical_alert_volume.20.precision,0.5
replicates[12].methods.critical_alert_volume.20.recall,0.4
replicates[12].methods.critical_alert_volume.20.top_n,4
replicates[12].methods.critical_alert_volume.30.ndcg,0.639945385422766
replicates[12].methods.critical_alert_volume.30.precision,0.5
replicates[12].methods.critical_alert_volume.30.recall,0.6
replicates[12].methods.critical_alert_volume.30.top_n,6
replicates[12].methods.critical_alert_volume.review_volume_to_find_all,9
replicates[12].methods.fastest_median_closure.10.ndcg,1.0
replicates[12].methods.fastest_median_closure.10.precision,1.0
replicates[12].methods.fastest_median_closure.10.recall,0.4
replicates[12].methods.fastest_median_closure.10.top_n,2
replicates[12].methods.fastest_median_closure.20.ndcg,1.0
replicates[12].methods.fastest_median_closure.20.precision,1.0
replicates[12].methods.fastest_median_closure.20.recall,0.8
replicates[12].methods.fastest_median_closure.20.top_n,4
replicates[12].methods.fastest_median_closure.30.ndcg,1.0
replicates[12].methods.fastest_median_closure.30.precision,0.8333333333333334
replicates[12].methods.fastest_median_closure.30.recall,1.0
replicates[12].methods.fastest_median_closure.30.top_n,6
replicates[12].methods.fastest_median_closure.review_volume_to_find_all,5
replicates[12].methods.random.10.ndcg,0.23952588771061833
replicates[12].methods.random.10.precision,0.235
replicates[12].methods.random.10.recall,0.094
replicates[12].methods.random.10.top_n,2
replicates[12].methods.random.20.ndcg,0.24848169215618554
replicates[12].methods.random.20.precision,0.24875
replicates[12].methods.random.20.recall,0.199
replicates[12].methods.random.20.top_n,4
replicates[12].methods.random.30.ndcg,0.2769676202407735
replicates[12].methods.random.30.precision,0.24666666666666665
replicates[12].methods.random.30.recall,0.29600000000000004
replicates[12].methods.random.30.top_n,6
replicates[12].methods.random.review_volume_to_find_all,17.58
replicates[12].methods.satsa.10.ndcg,1.0
replicates[12].methods.satsa.10.precision,1.0
replicates[12].methods.satsa.10.recall,0.4
replicates[12].methods.satsa.10.top_n,2
replicates[12].methods.satsa.20.ndcg,1.0
replicates[12].methods.satsa.20.precision,1.0
replicates[12].methods.satsa.20.recall,0.8
replicates[12].methods.satsa.20.top_n,4
replicates[12].methods.satsa.30.ndcg,0.8687949224876582
replicates[12].methods.satsa.30.precision,0.6666666666666666
replicates[12].methods.satsa.30.recall,0.8
replicates[12].methods.satsa.30.top_n,6
replicates[12].methods.satsa.review_volume_to_find_all,13
replicates[12].n_entities,20
replicates[12].n_pathological,5
replicates[12].seed,112
replicates[13].elapsed_seconds,43.753323
replicates[13].methods.critical_alert_volume.10.ndcg,0.0
replicates[13].methods.critical_alert_volume.10.precision,0.0
replicates[13].methods.critical_alert_volume.10.recall,0.0
replicates[13].methods.critical_alert_volume.10.top_n,2
replicates[13].methods.critical_alert_volume.20.ndcg,0.16812753627111746
replicates[13].methods.critical_alert_volume.20.precision,0.25
replicates[13].methods.critical_alert_volume.20.recall,0.2
replicates[13].methods.critical_alert_volume.20.top_n,4
replicates[13].methods.critical_alert_volume.30.ndcg,0.14606834984270645
replicates[13].methods.critical_alert_volume.30.precision,0.16666666666666666
replicates[13].methods.critical_alert_volume.30.recall,0.2
replicates[13].methods.critical_alert_volume.30.top_n,6
replicates[13].methods.critical_alert_volume.review_volume_to_find_all,17
replicates[13].methods.fastest_median_closure.10.ndcg,1.0
replicates[13].methods.fastest_median_closure.10.precision,1.0
replicates[13].methods.fastest_median_closure.10.recall,0.4
replicates[13].methods.fastest_median_closure.10.top_n,2
replicates[13].methods.fastest_median_closure.20.ndcg,0.6366824387328317
replicates[13].methods.fastest_median_closure.20.precision,0.5
replicates[13].methods.fastest_median_closure.20.recall,0.4
replicates[13].methods.fastest_median_closure.20.top_n,4
replicates[13].methods.fastest_median_closure.30.ndcg,0.5531464700081437
replicates[13].methods.fastest_median_closure.30.precision,0.3333333333333333
replicates[13].methods.fastest_median_closure.30.recall,0.4
replicates[13].methods.fastest_median_closure.30.top_n,6
replicates[13].methods.fastest_median_closure.review_volume_to_find_all,18
replicates[13].methods.random.10.ndcg,0.21547411228938165
replicates[13].methods.random.10.precision,0.22
replicates[13].methods.random.10.recall,0.08800000000000001
replicates[13].methods.random.10.top_n,2
replicates[13].methods.random.20.ndcg,0.23262709935063955
replicates[13].methods.random.20.precision,0.24125
replicates[13].methods.random.20.recall,0.193
replicates[13].methods.random.20.top_n,4
replicates[13].methods.random.30.ndcg,0.25880892829653074
replicates[13].methods.random.30.precision,0.2358333333333333
replicates[13].methods.random.30.recall,0.28300000000000003
replicates[13].methods.random.30.top_n,6
replicates[13].methods.random.review_volume_to_find_all,17.55
replicates[13].methods.satsa.10.ndcg,1.0
replicates[13].methods.satsa.10.precision,1.0
replicates[13].methods.satsa.10.recall,0.4
replicates[13].methods.satsa.10.top_n,2
replicates[13].methods.satsa.20.ndcg,1.0
replicates[13].methods.satsa.20.precision,1.0
replicates[13].methods.satsa.20.recall,0.8
replicates[13].methods.satsa.20.top_n,4
replicates[13].methods.satsa.30.ndcg,1.0
replicates[13].methods.satsa.30.precision,0.8333333333333334
replicates[13].methods.satsa.30.recall,1.0
replicates[13].methods.satsa.30.top_n,6
replicates[13].methods.satsa.review_volume_to_find_all,5
replicates[13].n_entities,20
replicates[13].n_pathological,5
replicates[13].seed,113
replicates[14].elapsed_seconds,42.789856
replicates[14].methods.critical_alert_volume.10.ndcg,0.0
replicates[14].methods.critical_alert_volume.10.precision,0.0
replicates[14].methods.critical_alert_volume.10.recall,0.0
replicates[14].methods.critical_alert_volume.10.top_n,2
replicates[14].methods.critical_alert_volume.20.ndcg,0.16812753627111746
replicates[14].methods.critical_alert_volume.20.precision,0.25
replicates[14].methods.critical_alert_volume.20.recall,0.2
replicates[14].methods.critical_alert_volume.20.top_n,4
replicates[14].methods.critical_alert_volume.30.ndcg,0.26687965254220064
replicates[14].methods.critical_alert_volume.30.precision,0.3333333333333333
replicates[14].methods.critical_alert_volume.30.recall,0.4
replicates[14].methods.critical_alert_volume.30.top_n,6
replicates[14].methods.critical_alert_volume.review_volume_to_find_all,20
replicates[14].methods.fastest_median_closure.10.ndcg,1.0
replicates[14].methods.fastest_median_closure.10.precision,1.0
replicates[14].methods.fastest_median_closure.10.recall,0.4
replicates[14].methods.fastest_median_closure.10.top_n,2
replicates[14].methods.fastest_median_closure.20.ndcg,0.8048099750039491
replicates[14].methods.fastest_median_closure.20.precision,0.75
replicates[14].methods.fastest_median_closure.20.recall,0.6
replicates[14].methods.fastest_median_closure.20.top_n,4
replicates[14].methods.fastest_median_closure.30.ndcg,0.6992148198508501
replicates[14].methods.fastest_median_closure.30.precision,0.5
replicates[14].methods.fastest_median_closure.30.recall,0.6
replicates[14].methods.fastest_median_closure.30.top_n,6
replicates[14].methods.fastest_median_closure.review_volume_to_find_all,13
replicates[14].methods.random.10.ndcg,0.2858027921085181
replicates[14].methods.random.10.precision,0.2875
replicates[14].methods.random.10.recall,0.115
replicates[14].methods.random.10.top_n,2
replicates[14].methods.random.20.ndcg,0.27252438410584656
replicates[14].methods.random.20.precision,0.26875
replicates[14].methods.random.20.recall,0.215
replicates[14].methods.random.20.top_n,4
replicates[14].methods.random.30.ndcg,0.30129182248957515
replicates[14].methods.random.30.precision,0.26416666666666666
replicates[14].methods.random.30.recall,0.317
replicates[14].methods.random.30.top_n,6
replicates[14].methods.random.review_volume_to_find_all,17.51
replicates[14].methods.satsa.10.ndcg,1.0
replicates[14].methods.satsa.10.precision,1.0
replicates[14].methods.satsa.10.recall,0.4
replicates[14].methods.satsa.10.top_n,2
replicates[14].methods.satsa.20.ndcg,0.8318724637288826
replicates[14].methods.satsa.20.precision,0.75
replicates[14].methods.satsa.20.recall,0.6
replicates[14].methods.satsa.20.top_n,4
replicates[14].methods.satsa.30.ndcg,0.8539316501572937
replicates[14].methods.satsa.30.precision,0.6666666666666666
replicates[14].methods.satsa.30.recall,0.8
replicates[14].methods.satsa.30.top_n,6
replicates[14].methods.satsa.review_volume_to_find_all,8
replicates[14].n_entities,20
replicates[14].n_pathological,5
replicates[14].seed,114
replicates[15].elapsed_seconds,39.2242
replicates[15].methods.critical_alert_volume.10.ndcg,0.0
replicates[15].methods.critical_alert_volume.10.precision,0.0
replicates[15].methods.critical_alert_volume.10.recall,0.0
replicates[15].methods.critical_alert_volume.10.top_n,2
replicates[15].methods.critical_alert_volume.20.ndcg,0.0
replicates[15].methods.critical_alert_volume.20.precision,0.0
replicates[15].methods.critical_alert_volume.20.recall,0.0
replicates[15].methods.critical_alert_volume.20.top_n,4
replicates[15].methods.critical_alert_volume.30.ndcg,0.1208113026994942
replicates[15].methods.critical_alert_volume.30.precision,0.16666666666666666
replicates[15].methods.critical_alert_volume.30.recall,0.2
replicates[15].methods.critical_alert_volume.30.top_n,6
replicates[15].methods.critical_alert_volume.review_volume_to_find_all,20
replicates[15].methods.fastest_median_closure.10.ndcg,0.6131471927654584
replicates[15].methods.fastest_median_closure.10.precision,0.5
replicates[15].methods.fastest_median_closure.10.recall,0.2
replicates[15].methods.fastest_median_closure.10.top_n,2
replicates[15].methods.fastest_median_closure.20.ndcg,0.5855700749881525
replicates[15].methods.fastest_median_closure.20.precision,0.5
replicates[15].methods.fastest_median_closure.20.recall,0.4
replicates[15].methods.fastest_median_closure.20.top_n,4
replicates[15].methods.fastest_median_closure.30.ndcg,0.6295516106099184
replicates[15].methods.fastest_median_closure.30.precision,0.5
replicates[15].methods.fastest_median_closure.30.recall,0.6
replicates[15].methods.fastest_median_closure.30.top_n,6
replicates[15].methods.fastest_median_closure.review_volume_to_find_all,20
replicates[15].methods.random.10.ndcg,0.23467132018086354
replicates[15].methods.random.10.precision,0.2375
replicates[15].methods.random.10.recall,0.095
replicates[15].methods.random.10.top_n,2
replicates[15].methods.random.20.ndcg,0.23690671104438268
replicates[15].methods.random.20.precision,0.24
replicates[15].methods.random.20.recall,0.192
replicates[15].methods.random.20.top_n,4
replicates[15].methods.random.30.ndcg,0.2657551912700179
replicates[15].methods.random.30.precision,0.23916666666666664
replicates[15].methods.random.30.recall,0.287
replicates[15].methods.random.30.top_n,6
replicates[15].methods.random.review_volume_to_find_all,17.53
replicates[15].methods.satsa.10.ndcg,1.0
replicates[15].methods.satsa.10.precision,1.0
replicates[15].methods.satsa.10.recall,0.4
replicates[15].methods.satsa.10.top_n,2
replicates[15].methods.satsa.20.ndcg,0.8318724637288826
replicates[15].methods.satsa.20.precision,0.75
replicates[15].methods.satsa.20.recall,0.6
replicates[15].methods.satsa.20.top_n,4
replicates[15].methods.satsa.30.ndcg,0.7227265726449519
replicates[15].methods.satsa.30.precision,0.5
replicates[15].methods.satsa.30.recall,0.6
replicates[15].methods.satsa.30.top_n,6
replicates[15].methods.satsa.review_volume_to_find_all,17
replicates[15].n_entities,20
replicates[15].n_pathological,5
replicates[15].seed,115
replicates[16].elapsed_seconds,40.494452
replicates[16].methods.critical_alert_volume.10.ndcg,1.0
replicates[16].methods.critical_alert_volume.10.precision,1.0
replicates[16].methods.critical_alert_volume.10.recall,0.4
replicates[16].methods.critical_alert_volume.10.top_n,2
replicates[16].methods.critical_alert_volume.20.ndcg,0.8318724637288826
replicates[16].methods.critical_alert_volume.20.precision,0.75
replicates[16].methods.critical_alert_volume.20.recall,0.6
replicates[16].methods.critical_alert_volume.20.top_n,4
replicates[16].methods.critical_alert_volume.30.ndcg,0.7227265726449519
replicates[16].methods.critical_alert_volume.30.precision,0.5
replicates[16].methods.critical_alert_volume.30.recall,0.6
replicates[16].methods.critical_alert_volume.30.top_n,6
replicates[16].methods.critical_alert_volume.review_volume_to_find_all,18
replicates[16].methods.fastest_median_closure.10.ndcg,1.0
replicates[16].methods.fastest_median_closure.10.precision,1.0
replicates[16].methods.fastest_median_closure.10.recall,0.4
replicates[16].methods.fastest_median_closure.10.top_n,2
replicates[16].methods.fastest_median_closure.20.ndcg,0.6366824387328317
replicates[16].methods.fastest_median_closure.20.precision,0.5
replicates[16].methods.fastest_median_closure.20.recall,0.4
replicates[16].methods.fastest_median_closure.20.top_n,4
replicates[16].methods.fastest_median_closure.30.ndcg,0.6843515475204855
replicates[16].methods.fastest_median_closure.30.precision,0.5
replicates[16].methods.fastest_median_closure.30.recall,0.6
replicates[16].methods.fastest_median_closure.30.top_n,6
replicates[16].methods.fastest_median_closure.review_volume_to_find_all,12
replicates[16].methods.random.10.ndcg,0.2437230956021002
replicates[16].methods.random.10.precision,0.2375
replicates[16].methods.random.10.recall,0.095
replicates[16].methods.random.10.top_n,2
replicates[16].methods.random.20.ndcg,0.23927850374940765
replicates[16].methods.random.20.precision,0.23375
replicates[16].methods.random.20.recall,0.187
replicates[16].methods.random.20.top_n,4
replicates[16].methods.random.30.ndcg,0.27453195322714663
replicates[16].methods.random.30.precision,0.24333333333333332
replicates[16].methods.random.30.recall,0.292
replicates[16].methods.random.30.top_n,6
replicates[16].methods.random.review_volume_to_find_all,17.265
replicates[16].methods.satsa.10.ndcg,1.0
replicates[16].methods.satsa.10.precision,1.0
replicates[16].methods.satsa.10.recall,0.4
replicates[16].methods.satsa.10.top_n,2
replicates[16].methods.satsa.20.ndcg,1.0
replicates[16].methods.satsa.20.precision,1.0
replicates[16].methods.satsa.20.recall,0.8
replicates[16].methods.satsa.20.top_n,4
replicates[16].methods.satsa.30.ndcg,1.0
replicates[16].methods.satsa.30.precision,0.8333333333333334
replicates[16].methods.satsa.30.recall,1.0
replicates[16].methods.satsa.30.top_n,6
replicates[16].methods.satsa.review_volume_to_find_all,5
replicates[16].n_entities,20
replicates[16].n_pathological,5
replicates[16].seed,116
replicates[17].elapsed_seconds,44.817391
replicates[17].methods.critical_alert_volume.10.ndcg,0.6131471927654584
replicates[17].methods.critical_alert_volume.10.precision,0.5
replicates[17].methods.critical_alert_volume.10.recall,0.2
replicates[17].methods.critical_alert_volume.10.top_n,2
replicates[17].methods.critical_alert_volume.20.ndcg,0.5855700749881525
replicates[17].methods.critical_alert_volume.20.precision,0.5
replicates[17].methods.critical_alert_volume.20.recall,0.4
replicates[17].methods.critical_alert_volume.20.top_n,4
replicates[17].methods.critical_alert_volume.30.ndcg,0.639945385422766
replicates[17].methods.critical_alert_volume.30.precision,0.5
replicates[17].methods.critical_alert_volume.30.recall,0.6
replicates[17].methods.critical_alert_volume.30.top_n,6
replicates[17].methods.critical_alert_volume.review_volume_to_find_all,9
replicates[17].methods.fastest_median_closure.10.ndcg,1.0
replicates[17].methods.fastest_median_closure.10.precision,1.0
replicates[17].methods.fastest_median_closure.10.recall,0.4
replicates[17].methods.fastest_median_closure.10.top_n,2
replicates[17].methods.fastest_median_closure.20.ndcg,1.0
replicates[17].methods.fastest_median_closure.20.precision,1.0
replicates[17].methods.fastest_median_closure.20.recall,0.8
replicates[17].methods.fastest_median_closure.20.top_n,4
replicates[17].methods.fastest_median_closure.30.ndcg,1.0
replicates[17].methods.fastest_median_closure.30.precision,0.8333333333333334
replicates[17].methods.fastest_median_closure.30.recall,1.0
replicates[17].methods.fastest_median_closure.30.top_n,6
replicates[17].methods.fastest_median_closure.review_volume_to_find_all,5
replicates[17].methods.random.10.ndcg,0.2238685280723454
replicates[17].methods.random.10.precision,0.225
replicates[17].methods.random.10.recall,0.09
replicates[17].methods.random.10.top_n,2
replicates[17].methods.random.20.ndcg,0.23211597571319278
replicates[17].methods.random.20.precision,0.23625
replicates[17].methods.random.20.recall,0.18900000000000003
replicates[17].methods.random.20.top_n,4
replicates[17].methods.random.30.ndcg,0.267445284353289
replicates[17].methods.random.30.precision,0.24416666666666664
replicates[17].methods.random.30.recall,0.293
replicates[17].methods.random.30.top_n,6
replicates[17].methods.random.review_volume_to_find_all,17.495
replicates[17].methods.satsa.10.ndcg,1.0
replicates[17].methods.satsa.10.precision,1.0
replicates[17].methods.satsa.10.recall,0.4
replicates[17].methods.satsa.10.top_n,2
replicates[17].methods.satsa.20.ndcg,1.0
replicates[17].methods.satsa.20.precision,1.0
replicates[17].methods.satsa.20.recall,0.8
replicates[17].methods.satsa.20.top_n,4
replicates[17].methods.satsa.30.ndcg,0.9896062251871524
replicates[17].methods.satsa.30.precision,0.8333333333333334
replicates[17].methods.satsa.30.recall,1.0
replicates[17].methods.satsa.30.top_n,6
replicates[17].methods.satsa.review_volume_to_find_all,6
replicates[17].n_entities,20
replicates[17].n_pathological,5
replicates[17].seed,117
replicates[18].elapsed_seconds,42.800496
replicates[18].methods.critical_alert_volume.10.ndcg,0.0
replicates[18].methods.critical_alert_volume.10.precision,0.0
replicates[18].methods.critical_alert_volume.10.recall,0.0
replicates[18].methods.critical_alert_volume.10.top_n,2
replicates[18].methods.critical_alert_volume.20.ndcg,0.16812753627111746
replicates[18].methods.critical_alert_volume.20.precision,0.25
replicates[18].methods.critical_alert_volume.20.recall,0.2
replicates[18].methods.critical_alert_volume.20.top_n,4
replicates[18].methods.critical_alert_volume.30.ndcg,0.14606834984270645
replicates[18].methods.critical_alert_volume.30.precision,0.16666666666666666
replicates[18].methods.critical_alert_volume.30.recall,0.2
replicates[18].methods.critical_alert_volume.30.top_n,6
replicates[18].methods.critical_alert_volume.review_volume_to_find_all,19
replicates[18].methods.fastest_median_closure.10.ndcg,1.0
replicates[18].methods.fastest_median_closure.10.precision,1.0
replicates[18].methods.fastest_median_closure.10.recall,0.4
replicates[18].methods.fastest_median_closure.10.top_n,2
replicates[18].methods.fastest_median_closure.20.ndcg,0.6366824387328317
replicates[18].methods.fastest_median_closure.20.precision,0.5
replicates[18].methods.fastest_median_closure.20.recall,0.4
replicates[18].methods.fastest_median_closure.20.top_n,4
replicates[18].methods.fastest_median_closure.30.ndcg,0.6739577727076379
replicates[18].methods.fastest_median_closure.30.precision,0.5
replicates[18].methods.fastest_median_closure.30.recall,0.6
replicates[18].methods.fastest_median_closure.30.top_n,6
replicates[18].methods.fastest_median_closure.review_volume_to_find_all,16
replicates[18].methods.random.10.ndcg,0.26080279210851814
replicates[18].methods.random.10.precision,0.2625
replicates[18].methods.random.10.recall,0.105
replicates[18].methods.random.10.top_n,2
replicates[18].methods.random.20.ndcg,0.2655261867059727
replicates[18].methods.random.20.precision,0.2675
replicates[18].methods.random.20.recall,0.21400000000000002
replicates[18].methods.random.20.top_n,4
replicates[18].methods.random.30.ndcg,0.2937438667246823
replicates[18].methods.random.30.precision,0.26166666666666666
replicates[18].methods.random.30.recall,0.314
replicates[18].methods.random.30.top_n,6
replicates[18].methods.random.review_volume_to_find_all,17.825
replicates[18].methods.satsa.10.ndcg,0.6131471927654584
replicates[18].methods.satsa.10.precision,0.5
replicates[18].methods.satsa.10.recall,0.2
replicates[18].methods.satsa.10.top_n,2
replicates[18].methods.satsa.20.ndcg,0.5855700749881525
replicates[18].methods.satsa.20.precision,0.5
replicates[18].methods.satsa.20.recall,0.4
replicates[18].methods.satsa.20.top_n,4
replicates[18].methods.satsa.30.ndcg,0.639945385422766
replicates[18].methods.satsa.30.precision,0.5
replicates[18].methods.satsa.30.recall,0.6
replicates[18].methods.satsa.30.top_n,6
replicates[18].methods.satsa.review_volume_to_find_all,12
replicates[18].n_entities,20
replicates[18].n_pathological,5
replicates[18].seed,118
replicates[19].elapsed_seconds,49.41391
replicates[19].methods.critical_alert_volume.10.ndcg,1.0
replicates[19].methods.critical_alert_volume.10.precision,1.0
replicates[19].methods.critical_alert_volume.10.recall,0.4
replicates[19].methods.critical_alert_volume.10.top_n,2
replicates[19].methods.critical_alert_volume.20.ndcg,0.8318724637288826
replicates[19].methods.critical_alert_volume.20.precision,0.75
replicates[19].methods.critical_alert_volume.20.recall,0.6
replicates[19].methods.critical_alert_volume.20.top_n,4
replicates[19].methods.critical_alert_volume.30.ndcg,0.7227265726449519
replicates[19].methods.critical_alert_volume.30.precision,0.5
replicates[19].methods.critical_alert_volume.30.recall,0.6
replicates[19].methods.critical_alert_volume.30.top_n,6
replicates[19].methods.critical_alert_volume.review_volume_to_find_all,14
replicates[19].methods.fastest_median_closure.10.ndcg,1.0
replicates[19].methods.fastest_median_closure.10.precision,1.0
replicates[19].methods.fastest_median_closure.10.recall,0.4
replicates[19].methods.fastest_median_closure.10.top_n,2
replicates[19].methods.fastest_median_closure.20.ndcg,1.0
replicates[19].methods.fastest_median_closure.20.precision,1.0
replicates[19].methods.fastest_median_closure.20.recall,0.8
replicates[19].methods.fastest_median_closure.20.top_n,4
replicates[19].methods.fastest_median_closure.30.ndcg,0.8687949224876582
replicates[19].methods.fastest_median_closure.30.precision,0.6666666666666666
replicates[19].methods.fastest_median_closure.30.recall,0.8
replicates[19].methods.fastest_median_closure.30.top_n,6
replicates[19].methods.fastest_median_closure.review_volume_to_find_all,7
replicates[19].methods.random.10.ndcg,0.22207969650641793
replicates[19].methods.random.10.precision,0.23
replicates[19].methods.random.10.recall,0.09200000000000001
replicates[19].methods.random.10.top_n,2
replicates[19].methods.random.20.ndcg,0.2451038231891285
replicates[19].methods.random.20.precision,0.25875
replicates[19].methods.random.20.recall,0.207
replicates[19].methods.random.20.top_n,4
replicates[19].methods.random.30.ndcg,0.27306510620141855
replicates[19].methods.random.30.precision,0.2525
replicates[19].methods.random.30.recall,0.303
replicates[19].methods.random.30.top_n,6
replicates[19].methods.random.review_volume_to_find_all,17.425
replicates[19].methods.satsa.10.ndcg,1.0
replicates[19].methods.satsa.10.precision,1.0
replicates[19].methods.satsa.10.recall,0.4
replicates[19].methods.satsa.10.top_n,2
replicates[19].methods.satsa.20.ndcg,1.0
replicates[19].methods.satsa.20.precision,1.0
replicates[19].methods.satsa.20.recall,0.8
replicates[19].methods.satsa.20.top_n,4
replicates[19].methods.satsa.30.ndcg,0.8687949224876582
replicates[19].methods.satsa.30.precision,0.6666666666666666
replicates[19].methods.satsa.30.recall,0.8
replicates[19].methods.satsa.30.top_n,6
replicates[19].methods.satsa.review_volume_to_find_all,7
replicates[19].n_entities,20
replicates[19].n_pathological,5
replicates[19].seed,119
review_volume_to_find_all.critical_alert_volume.max,20.0
review_volume_to_find_all.critical_alert_volume.mean,16.7
review_volume_to_find_all.critical_alert_volume.median,18.0
review_volume_to_find_all.critical_alert_volume.min,9.0
review_volume_to_find_all.critical_alert_volume.n,20
review_volume_to_find_all.critical_alert_volume.p95,20.0
review_volume_to_find_all.critical_alert_volume.p95_note,null
review_volume_to_find_all.fastest_median_closure.max,20.0
review_volume_to_find_all.fastest_median_closure.mean,11.3
review_volume_to_find_all.fastest_median_closure.median,11.5
review_volume_to_find_all.fastest_median_closure.min,5.0
review_volume_to_find_all.fastest_median_closure.n,20
review_volume_to_find_all.fastest_median_closure.p95,19.05
review_volume_to_find_all.fastest_median_closure.p95_note,null
review_volume_to_find_all.random.max,17.825
review_volume_to_find_all.random.mean,17.49425
review_volume_to_find_all.random.median,17.5125
review_volume_to_find_all.random.min,17.235
review_volume_to_find_all.random.n,20
review_volume_to_find_all.random.p95,17.73
review_volume_to_find_all.random.p95_note,null
review_volume_to_find_all.satsa.max,17.0
review_volume_to_find_all.satsa.mean,8.6
review_volume_to_find_all.satsa.median,7.0
review_volume_to_find_all.satsa.min,5.0
review_volume_to_find_all.satsa.n,20
review_volume_to_find_all.satsa.p95,16.05
review_volume_to_find_all.satsa.p95_note,null
summary.ndcg@10%.critical_alert_volume.max,1.0
summary.ndcg@10%.critical_alert_volume.mean,0.330657
summary.ndcg@10%.critical_alert_volume.median,0.386853
summary.ndcg@10%.critical_alert_volume.min,0.0
summary.ndcg@10%.critical_alert_volume.n,20
summary.ndcg@10%.critical_alert_volume.p95,1.0
summary.ndcg@10%.critical_alert_volume.p95_note,null
summary.ndcg@10%.fastest_median_closure.max,1.0
summary.ndcg@10%.fastest_median_closure.mean,0.961315
summary.ndcg@10%.fastest_median_closure.median,1.0
summary.ndcg@10%.fastest_median_closure.min,0.613147
summary.ndcg@10%.fastest_median_closure.n,20
summary.ndcg@10%.fastest_median_closure.p95,1.0
summary.ndcg@10%.fastest_median_closure.p95_note,null
summary.ndcg@10%.random.max,0.287592
summary.ndcg@10%.random.mean,0.24971
summary.ndcg@10%.random.median,0.243869
summary.ndcg@10%.random.min,0.215474
summary.ndcg@10%.random.n,20
summary.ndcg@10%.random.p95,0.285892
summary.ndcg@10%.random.p95_note,null
summary.ndcg@10%.satsa.max,1.0
summary.ndcg@10%.satsa.mean,0.980657
summary.ndcg@10%.satsa.median,1.0
summary.ndcg@10%.satsa.min,0.613147
summary.ndcg@10%.satsa.n,20
summary.ndcg@10%.satsa.p95,1.0
summary.ndcg@10%.satsa.p95_note,null
summary.ndcg@20%.critical_alert_volume.max,0.831872
summary.ndcg@20%.critical_alert_volume.mean,0.357204
summary.ndcg@20%.critical_alert_volume.median,0.246302
summary.ndcg@20%.critical_alert_volume.min,0.0
summary.ndcg@20%.critical_alert_volume.n,20
summary.ndcg@20%.critical_alert_volume.p95,0.831872
summary.ndcg@20%.critical_alert_volume.p95_note,null
summary.ndcg@20%.fastest_median_closure.max,1.0
summary.ndcg@20%.fastest_median_closure.mean,0.838449
summary.ndcg@20%.fastest_median_closure.median,0.831872
summary.ndcg@20%.fastest_median_closure.min,0.558508
summary.ndcg@20%.fastest_median_closure.n,20
summary.ndcg@20%.fastest_median_closure.p95,1.0
summary.ndcg@20%.fastest_median_closure.p95_note,null
summary.ndcg@20%.random.max,0.272567
summary.ndcg@20%.random.mean,0.25108
summary.ndcg@20%.random.median,0.247891
summary.ndcg@20%.random.min,0.232116
summary.ndcg@20%.random.n,20
summary.ndcg@20%.random.p95,0.272527
summary.ndcg@20%.random.p95_note,null
summary.ndcg@20%.satsa.max,1.0
summary.ndcg@20%.satsa.mean,0.926134
summary.ndcg@20%.satsa.median,1.0
summary.ndcg@20%.satsa.min,0.58557
summary.ndcg@20%.satsa.n,20
summary.ndcg@20%.satsa.p95,1.0
summary.ndcg@20%.satsa.p95_note,null
summary.ndcg@30%.critical_alert_volume.max,0.722727
summary.ndcg@30%.critical_alert_volume.mean,0.379901
summary.ndcg@30%.critical_alert_volume.median,0.317791
summary.ndcg@30%.critical_alert_volume.min,0.120811
summary.ndcg@30%.critical_alert_volume.n,20
summary.ndcg@30%.critical_alert_volume.p95,0.722727
summary.ndcg@30%.critical_alert_volume.p95_note,null
summary.ndcg@30%.fastest_median_closure.max,1.0
summary.ndcg@30%.fastest_median_closure.mean,0.804045
summary.ndcg@30%.fastest_median_closure.median,0.836979
summary.ndcg@30%.fastest_median_closure.min,0.553146
summary.ndcg@30%.fastest_median_closure.n,20
summary.ndcg@30%.fastest_median_closure.p95,1.0
summary.ndcg@30%.fastest_median_closure.p95_note,null
summary.ndcg@30%.random.max,0.302641
summary.ndcg@30%.random.mean,0.279402
summary.ndcg@30%.random.median,0.27575
summary.ndcg@30%.random.min,0.258809
summary.ndcg@30%.random.n,20
summary.ndcg@30%.random.p95,0.301359
summary.ndcg@30%.random.p95_note,null
summary.ndcg@30%.satsa.max,1.0
summary.ndcg@30%.satsa.mean,0.887305
summary.ndcg@30%.satsa.median,0.868795
summary.ndcg@30%.satsa.min,0.639945
summary.ndcg@30%.satsa.n,20
summary.ndcg@30%.satsa.p95,1.0
summary.ndcg@30%.satsa.p95_note,null
summary.precision@10%.critical_alert_volume.max,1.0
summary.precision@10%.critical_alert_volume.mean,0.325
summary.precision@10%.critical_alert_volume.median,0.5
summary.precision@10%.critical_alert_volume.min,0.0
summary.precision@10%.critical_alert_volume.n,20
summary.precision@10%.critical_alert_volume.p95,1.0
summary.precision@10%.critical_alert_volume.p95_note,null
summary.precision@10%.fastest_median_closure.max,1.0
summary.precision@10%.fastest_median_closure.mean,0.95
summary.precision@10%.fastest_median_closure.median,1.0
summary.precision@10%.fastest_median_closure.min,0.5
summary.precision@10%.fastest_median_closure.n,20
summary.precision@10%.fastest_median_closure.p95,1.0
summary.precision@10%.fastest_median_closure.p95_note,null
summary.precision@10%.random.max,0.2875
summary.precision@10%.random.mean,0.249625
summary.precision@10%.random.median,0.245
summary.precision@10%.random.min,0.22
summary.precision@10%.random.n,20
summary.precision@10%.random.p95,0.28275
summary.precision@10%.random.p95_note,null
summary.precision@10%.satsa.max,1.0
summary.precision@10%.satsa.mean,0.975
summary.precision@10%.satsa.median,1.0
summary.precision@10%.satsa.min,0.5
summary.precision@10%.satsa.n,20
summary.precision@10%.satsa.p95,1.0
summary.precision@10%.satsa.p95_note,null
summary.precision@20%.critical_alert_volume.max,0.75
summary.precision@20%.critical_alert_volume.mean,0.3625
summary.precision@20%.critical_alert_volume.median,0.25
summary.precision@20%.critical_alert_volume.min,0.0
summary.precision@20%.critical_alert_volume.n,20
summary.precision@20%.critical_alert_volume.p95,0.75
summary.precision@20%.critical_alert_volume.p95_note,null
summary.precision@20%.fastest_median_closure.max,1.0
summary.precision@20%.fastest_median_closure.mean,0.7875
summary.precision@20%.fastest_median_closure.median,0.75
summary.precision@20%.fastest_median_closure.min,0.5
summary.precision@20%.fastest_median_closure.n,20
summary.precision@20%.fastest_median_closure.p95,1.0
summary.precision@20%.fastest_median_closure.p95_note,null
summary.precision@20%.random.max,0.26875
summary.precision@20%.random.mean,0.251563
summary.precision@20%.random.median,0.250625
summary.precision@20%.random.min,0.23375
summary.precision@20%.random.n,20
summary.precision@20%.random.p95,0.267563
summary.precision@20%.random.p95_note,null
summary.precision@20%.satsa.max,1.0
summary.precision@20%.satsa.mean,0.9
summary.precision@20%.satsa.median,1.0
summary.precision@20%.satsa.min,0.5
summary.precision@20%.satsa.n,20
summary.precision@20%.satsa.p95,1.0
summary.precision@20%.satsa.p95_note,null
summary.precision@30%.critical_alert_volume.max,0.5
summary.precision@30%.critical_alert_volume.mean,0.333333
summary.precision@30%.critical_alert_volume.median,0.333333
summary.precision@30%.critical_alert_volume.min,0.166667
summary.precision@30%.critical_alert_volume.n,20
summary.precision@30%.critical_alert_volume.p95,0.5
summary.precision@30%.critical_alert_volume.p95_note,null
summary.precision@30%.fastest_median_closure.max,0.833333
summary.precision@30%.fastest_median_closure.mean,0.625
summary.precision@30%.fastest_median_closure.median,0.666667
summary.precision@30%.fastest_median_closure.min,0.333333
summary.precision@30%.fastest_median_closure.n,20
summary.precision@30%.fastest_median_closure.p95,0.833333
summary.precision@30%.fastest_median_closure.p95_note,null
summary.precision@30%.random.max,0.264167
summary.precision@30%.random.mean,0.248625
summary.precision@30%.random.median,0.245833
summary.precision@30%.random.min,0.235833
summary.precision@30%.random.n,20
summary.precision@30%.random.p95,0.263375
summary.precision@30%.random.p95_note,null
summary.precision@30%.satsa.max,0.833333
summary.precision@30%.satsa.mean,0.708333
summary.precision@30%.satsa.median,0.666667
summary.precision@30%.satsa.min,0.5
summary.precision@30%.satsa.n,20
summary.precision@30%.satsa.p95,0.833333
summary.precision@30%.satsa.p95_note,null
summary.recall@10%.critical_alert_volume.max,0.4
summary.recall@10%.critical_alert_volume.mean,0.13
summary.recall@10%.critical_alert_volume.median,0.2
summary.recall@10%.critical_alert_volume.min,0.0
summary.recall@10%.critical_alert_volume.n,20
summary.recall@10%.critical_alert_volume.p95,0.4
summary.recall@10%.critical_alert_volume.p95_note,null
summary.recall@10%.fastest_median_closure.max,0.4
summary.recall@10%.fastest_median_closure.mean,0.38
summary.recall@10%.fastest_median_closure.median,0.4
summary.recall@10%.fastest_median_closure.min,0.2
summary.recall@10%.fastest_median_closure.n,20
summary.recall@10%.fastest_median_closure.p95,0.4
summary.recall@10%.fastest_median_closure.p95_note,null
summary.recall@10%.random.max,0.115
summary.recall@10%.random.mean,0.09985
summary.recall@10%.random.median,0.098
summary.recall@10%.random.min,0.088
summary.recall@10%.random.n,20
summary.recall@10%.random.p95,0.1131
summary.recall@10%.random.p95_note,null
summary.recall@10%.satsa.max,0.4
summary.recall@10%.satsa.mean,0.39
summary.recall@10%.satsa.median,0.4
summary.recall@10%.satsa.min,0.2
summary.recall@10%.satsa.n,20
summary.recall@10%.satsa.p95,0.4
summary.recall@10%.satsa.p95_note,null
summary.recall@20%.critical_alert_volume.max,0.6
summary.recall@20%.critical_alert_volume.mean,0.29
summary.recall@20%.critical_alert_volume.median,0.2
summary.recall@20%.critical_alert_volume.min,0.0
summary.recall@20%.critical_alert_volume.n,20
summary.recall@20%.critical_alert_volume.p95,0.6
summary.recall@20%.critical_alert_volume.p95_note,null
summary.recall@20%.fastest_median_closure.max,0.8
summary.recall@20%.fastest_median_closure.mean,0.63
summary.recall@20%.fastest_median_closure.median,0.6
summary.recall@20%.fastest_median_closure.min,0.4
summary.recall@20%.fastest_median_closure.n,20
summary.recall@20%.fastest_median_closure.p95,0.8
summary.recall@20%.fastest_median_closure.p95_note,null
summary.recall@20%.random.max,0.215
summary.recall@20%.random.mean,0.20125
summary.recall@20%.random.median,0.2005
summary.recall@20%.random.min,0.187
summary.recall@20%.random.n,20
summary.recall@20%.random.p95,0.21405
summary.recall@20%.random.p95_note,null
summary.recall@20%.satsa.max,0.8
summary.recall@20%.satsa.mean,0.72
summary.recall@20%.satsa.median,0.8
summary.recall@20%.satsa.min,0.4
summary.recall@20%.satsa.n,20
summary.recall@20%.satsa.p95,0.8
summary.recall@20%.satsa.p95_note,null
summary.recall@30%.critical_alert_volume.max,0.6
summary.recall@30%.critical_alert_volume.mean,0.4
summary.recall@30%.critical_alert_volume.median,0.4
summary.recall@30%.critical_alert_volume.min,0.2
summary.recall@30%.critical_alert_volume.n,20
summary.recall@30%.critical_alert_volume.p95,0.6
summary.recall@30%.critical_alert_volume.p95_note,null
summary.recall@30%.fastest_median_closure.max,1.0
summary.recall@30%.fastest_median_closure.mean,0.75
summary.recall@30%.fastest_median_closure.median,0.8
summary.recall@30%.fastest_median_closure.min,0.4
summary.recall@30%.fastest_median_closure.n,20
summary.recall@30%.fastest_median_closure.p95,1.0
summary.recall@30%.fastest_median_closure.p95_note,null
summary.recall@30%.random.max,0.317
summary.recall@30%.random.mean,0.29835
summary.recall@30%.random.median,0.295
summary.recall@30%.random.min,0.283
summary.recall@30%.random.n,20
summary.recall@30%.random.p95,0.31605
summary.recall@30%.random.p95_note,null
summary.recall@30%.satsa.max,1.0
summary.recall@30%.satsa.mean,0.85
summary.recall@30%.satsa.median,0.8
summary.recall@30%.satsa.min,0.6
summary.recall@30%.satsa.n,20
summary.recall@30%.satsa.p95,1.0
summary.recall@30%.satsa.p95_note,null
