metric,value
per_scenario[0].conditions[0].analysis_seconds,0.227419
per_scenario[0].conditions[0].catalog_family_metrics.f1,null
per_scenario[0].conditions[0].catalog_family_metrics.fn,0
per_scenario[0].conditions[0].catalog_family_metrics.fp,0
per_scenario[0].conditions[0].catalog_family_metrics.precision,null
per_scenario[0].conditions[0].catalog_family_metrics.recall,null
per_scenario[0].conditions[0].catalog_family_metrics.tp,0
per_scenario[0].conditions[0].finding_count,0
per_scenario[0].conditions[0].recommendation_count,0
per_scenario[0].conditions[0].risk.total_score,0.0
per_scenario[0].conditions[0].traceability.evidence_reference_coverage,null
per_scenario[0].conditions[0].traceability.evidence_references,0
per_scenario[0].conditions[0].traceability.findings,0
per_scenario[0].conditions[0].traceability.findings_with_all_evidence_references_resolved,0
per_scenario[0].conditions[0].traceability.resolved_evidence_references,0
per_scenario[0].conditions[0].validation_matches_expected,true
per_scenario[0].conditions[0].validation_seconds,0.588077
per_scenario[0].conditions[0].validation_totals.accepted,20
per_scenario[0].conditions[0].validation_totals.received,20
per_scenario[0].conditions[0].validation_totals.rejected,0
per_scenario[0].conditions[0].validation_warning_count,0
per_scenario[0].conditions[1].paired_delta_vs_control,null
per_scenario[0].conditions[1].perturbation_ground_truth.dangling_references_after_omission.escalations_or_dispositions,0
per_scenario[0].conditions[1].perturbation_ground_truth.dangling_references_after_omission.investigation_steps,6
per_scenario[0].conditions[1].perturbation_ground_truth.omitted_records,2
per_scenario[0].conditions[1].validation_matches_expected,true
per_scenario[0].conditions[1].validation_seconds,0.460623
per_scenario[0].conditions[1].validation_totals.accepted,12
per_scenario[0].conditions[1].validation_totals.received,18
per_scenario[0].conditions[1].validation_totals.rejected,6
per_scenario[0].conditions[1].validation_warning_count,9
per_scenario[0].conditions[2].analysis_seconds,0.491736
per_scenario[0].conditions[2].catalog_family_metrics.f1,null
per_scenario[0].conditions[2].catalog_family_metrics.fn,0
per_scenario[0].conditions[2].catalog_family_metrics.fp,1
per_scenario[0].conditions[2].catalog_family_metrics.precision,0.0
per_scenario[0].conditions[2].catalog_family_metrics.recall,null
per_scenario[0].conditions[2].catalog_family_metrics.tp,0
per_scenario[0].conditions[2].finding_count,2
per_scenario[0].conditions[2].paired_delta_vs_control.family_set_changed,true
per_scenario[0].conditions[2].paired_delta_vs_control.finding_count_change,2
per_scenario[0].conditions[2].paired_delta_vs_control.risk_fields_changed.total_score.control,0.0
per_scenario[0].conditions[2].paired_delta_vs_control.risk_fields_changed.total_score.perturbed,6.18
per_scenario[0].conditions[2].perturbation_ground_truth.dangling_references_after_omission.escalations_or_dispositions,0
per_scenario[0].conditions[2].perturbation_ground_truth.dangling_references_after_omission.investigation_steps,0
per_scenario[0].conditions[2].perturbation_ground_truth.omitted_records,6
per_scenario[0].conditions[2].recommendation_count,0
per_scenario[0].conditions[2].risk.total_score,6.18
per_scenario[0].conditions[2].traceability.evidence_reference_coverage,1.0
per_scenario[0].conditions[2].traceability.evidence_references,2
per_scenario[0].conditions[2].traceability.findings,2
per_scenario[0].conditions[2].traceability.findings_with_all_evidence_references_resolved,1
per_scenario[0].conditions[2].traceability.resolved_evidence_references,2
per_scenario[0].conditions[2].validation_matches_expected,true
per_scenario[0].conditions[2].validation_seconds,0.486784
per_scenario[0].conditions[2].validation_totals.accepted,14
per_scenario[0].conditions[2].validation_totals.received,14
per_scenario[0].conditions[2].validation_totals.rejected,0
per_scenario[0].conditions[2].validation_warning_count,0
per_scenario[0].conditions[3].analysis_seconds,0.691664
per_scenario[0].conditions[3].catalog_family_metrics.f1,null
per_scenario[0].conditions[3].catalog_family_metrics.fn,0
per_scenario[0].conditions[3].catalog_family_metrics.fp,0
per_scenario[0].conditions[3].catalog_family_metrics.precision,null
per_scenario[0].conditions[3].catalog_family_metrics.recall,null
per_scenario[0].conditions[3].catalog_family_metrics.tp,0
per_scenario[0].conditions[3].finding_count,1
per_scenario[0].conditions[3].paired_delta_vs_control.family_set_changed,false
per_scenario[0].conditions[3].paired_delta_vs_control.finding_count_change,1
per_scenario[0].conditions[3].perturbation_ground_truth.dangling_references_after_omission.escalations_or_dispositions,0
per_scenario[0].conditions[3].perturbation_ground_truth.dangling_references_after_omission.investigation_steps,0
per_scenario[0].conditions[3].perturbation_ground_truth.omitted_records,1
per_scenario[0].conditions[3].recommendation_count,0
per_scenario[0].conditions[3].risk.total_score,0.0
per_scenario[0].conditions[3].traceability.evidence_reference_coverage,null
per_scenario[0].conditions[3].traceability.evidence_references,0
per_scenario[0].conditions[3].traceability.findings,1
per_scenario[0].conditions[3].traceability.findings_with_all_evidence_references_resolved,0
per_scenario[0].conditions[3].traceability.resolved_evidence_references,0
per_scenario[0].conditions[3].validation_matches_expected,true
per_scenario[0].conditions[3].validation_seconds,0.467416
per_scenario[0].conditions[3].validation_totals.accepted,19
per_scenario[0].conditions[3].validation_totals.received,19
per_scenario[0].conditions[3].validation_totals.rejected,0
per_scenario[0].conditions[3].validation_warning_count,0
per_scenario[0].conditions[4].analysis_seconds,0.615852
per_scenario[0].conditions[4].catalog_family_metrics.f1,null
per_scenario[0].conditions[4].catalog_family_metrics.fn,0
per_scenario[0].conditions[4].catalog_family_metrics.fp,0
per_scenario[0].conditions[4].catalog_family_metrics.precision,null
per_scenario[0].conditions[4].catalog_family_metrics.recall,null
per_scenario[0].conditions[4].catalog_family_metrics.tp,0
per_scenario[0].conditions[4].finding_count,1
per_scenario[0].conditions[4].paired_delta_vs_control.family_set_changed,false
per_scenario[0].conditions[4].paired_delta_vs_control.finding_count_change,1
per_scenario[0].conditions[4].perturbation_ground_truth.dangling_references_after_omission.escalations_or_dispositions,0
per_scenario[0].conditions[4].perturbation_ground_truth.dangling_references_after_omission.investigation_steps,0
per_scenario[0].conditions[4].perturbation_ground_truth.omitted_records,4
per_scenario[0].conditions[4].recommendation_count,0
per_scenario[0].conditions[4].risk.total_score,0.0
per_scenario[0].conditions[4].traceability.evidence_reference_coverage,null
per_scenario[0].conditions[4].traceability.evidence_references,0
per_scenario[0].conditions[4].traceability.findings,1
per_scenario[0].conditions[4].traceability.findings_with_all_evidence_references_resolved,0
per_scenario[0].conditions[4].traceability.resolved_evidence_references,0
per_scenario[0].conditions[4].validation_matches_expected,true
per_scenario[0].conditions[4].validation_seconds,0.432889
per_scenario[0].conditions[4].validation_totals.accepted,16
per_scenario[0].conditions[4].validation_totals.received,16
per_scenario[0].conditions[4].validation_totals.rejected,0
per_scenario[0].conditions[4].validation_warning_count,0
per_scenario[0].conditions[5].analysis_seconds,0.544125
per_scenario[0].conditions[5].catalog_family_metrics.f1,null
per_scenario[0].conditions[5].catalog_family_metrics.fn,0
per_scenario[0].conditions[5].catalog_family_metrics.fp,0
per_scenario[0].conditions[5].catalog_family_metrics.precision,null
per_scenario[0].conditions[5].catalog_family_metrics.recall,null
per_scenario[0].conditions[5].catalog_family_metrics.tp,0
per_scenario[0].conditions[5].finding_count,1
per_scenario[0].conditions[5].paired_delta_vs_control.family_set_changed,false
per_scenario[0].conditions[5].paired_delta_vs_control.finding_count_change,1
per_scenario[0].conditions[5].perturbation_ground_truth.dangling_references_after_omission.escalations_or_dispositions,0
per_scenario[0].conditions[5].perturbation_ground_truth.dangling_references_after_omission.investigation_steps,0
per_scenario[0].conditions[5].perturbation_ground_truth.omitted_records,3
per_scenario[0].conditions[5].recommendation_count,0
per_scenario[0].conditions[5].risk.total_score,0.0
per_scenario[0].conditions[5].traceability.evidence_reference_coverage,null
per_scenario[0].conditions[5].traceability.evidence_references,0
per_scenario[0].conditions[5].traceability.findings,1
per_scenario[0].conditions[5].traceability.findings_with_all_evidence_references_resolved,0
per_scenario[0].conditions[5].traceability.resolved_evidence_references,0
per_scenario[0].conditions[5].validation_matches_expected,true
per_scenario[0].conditions[5].validation_seconds,0.462168
per_scenario[0].conditions[5].validation_totals.accepted,17
per_scenario[0].conditions[5].validation_totals.received,17
per_scenario[0].conditions[5].validation_totals.rejected,0
per_scenario[0].conditions[5].validation_warning_count,4
per_scenario[0].conditions[6].analysis_seconds,0.295371
per_scenario[0].conditions[6].catalog_family_metrics.f1,null
per_scenario[0].conditions[6].catalog_family_metrics.fn,0
per_scenario[0].conditions[6].catalog_family_metrics.fp,0
per_scenario[0].conditions[6].catalog_family_metrics.precision,null
per_scenario[0].conditions[6].catalog_family_metrics.recall,null
per_scenario[0].conditions[6].catalog_family_metrics.tp,0
per_scenario[0].conditions[6].finding_count,0
per_scenario[0].conditions[6].paired_delta_vs_control.family_set_changed,false
per_scenario[0].conditions[6].paired_delta_vs_control.finding_count_change,0
per_scenario[0].conditions[6].parameters.rate,0.1
per_scenario[0].conditions[6].parameters.seed,0
per_scenario[0].conditions[6].perturbation_ground_truth.dangling_references_after_omission.escalations_or_dispositions,0
per_scenario[0].conditions[6].perturbation_ground_truth.dangling_references_after_omission.investigation_steps,0
per_scenario[0].conditions[6].perturbation_ground_truth.eligible_records,16
per_scenario[0].conditions[6].perturbation_ground_truth.removed[0].row_index,1
per_scenario[0].conditions[6].perturbation_ground_truth.removed[1].row_index,0
per_scenario[0].conditions[6].recommendation_count,0
per_scenario[0].conditions[6].risk.total_score,0.0
per_scenario[0].conditions[6].traceability.evidence_reference_coverage,null
per_scenario[0].conditions[6].traceability.evidence_references,0
per_scenario[0].conditions[6].traceability.findings,0
per_scenario[0].conditions[6].traceability.findings_with_all_evidence_references_resolved,0
per_scenario[0].conditions[6].traceability.resolved_evidence_references,0
per_scenario[0].conditions[6].validation_matches_expected,true
per_scenario[0].conditions[6].validation_seconds,0.546417
per_scenario[0].conditions[6].validation_totals.accepted,18
per_scenario[0].conditions[6].validation_totals.received,18
per_scenario[0].conditions[6].validation_totals.rejected,0
per_scenario[0].conditions[6].validation_warning_count,1
per_scenario[0].conditions[7].analysis_seconds,0.375139
per_scenario[0].conditions[7].catalog_family_metrics.f1,null
per_scenario[0].conditions[7].catalog_family_metrics.fn,0
per_scenario[0].conditions[7].catalog_family_metrics.fp,0
per_scenario[0].conditions[7].catalog_family_metrics.precision,null
per_scenario[0].conditions[7].catalog_family_metrics.recall,null
per_scenario[0].conditions[7].catalog_family_metrics.tp,0
per_scenario[0].conditions[7].finding_count,0
per_scenario[0].conditions[7].paired_delta_vs_control.family_set_changed,false
per_scenario[0].conditions[7].paired_delta_vs_control.finding_count_change,0
per_scenario[0].conditions[7].parameters.rate,0.1
per_scenario[0].conditions[7].parameters.seed,0
per_scenario[0].conditions[7].perturbation_ground_truth.cascaded_investigation_steps_removed,0
per_scenario[0].conditions[7].perturbation_ground_truth.dangling_references_after_omission.escalations_or_dispositions,0
per_scenario[0].conditions[7].perturbation_ground_truth.dangling_references_after_omission.investigation_steps,0
per_scenario[0].conditions[7].perturbation_ground_truth.eligible_records,16
per_scenario[0].conditions[7].perturbation_ground_truth.removed[0].row_index,1
per_scenario[0].conditions[7].perturbation_ground_truth.removed[1].row_index,0
per_scenario[0].conditions[7].recommendation_count,0
per_scenario[0].conditions[7].risk.total_score,0.0
per_scenario[0].conditions[7].traceability.evidence_reference_coverage,null
per_scenario[0].conditions[7].traceability.evidence_references,0
per_scenario[0].conditions[7].traceability.findings,0
per_scenario[0].conditions[7].traceability.findings_with_all_evidence_references_resolved,0
per_scenario[0].conditions[7].traceability.resolved_evidence_references,0
per_scenario[0].conditions[7].validation_matches_expected,true
per_scenario[0].conditions[7].validation_seconds,0.592483
per_scenario[0].conditions[7].validation_totals.accepted,18
per_scenario[0].conditions[7].validation_totals.received,18
per_scenario[0].conditions[7].validation_totals.rejected,0
per_scenario[0].conditions[7].validation_warning_count,1
per_scenario[0].conditions[8].analysis_seconds,0.338291
per_scenario[0].conditions[8].catalog_family_metrics.f1,null
per_scenario[0].conditions[8].catalog_family_metrics.fn,0
per_scenario[0].conditions[8].catalog_family_metrics.fp,0
per_scenario[0].conditions[8].catalog_family_metrics.precision,null
per_scenario[0].conditions[8].catalog_family_metrics.recall,null
per_scenario[0].conditions[8].catalog_family_metrics.tp,0
per_scenario[0].conditions[8].finding_count,0
per_scenario[0].conditions[8].paired_delta_vs_control.family_set_changed,false
per_scenario[0].conditions[8].paired_delta_vs_control.finding_count_change,0
per_scenario[0].conditions[8].parameters.rate,0.1
per_scenario[0].conditions[8].parameters.seed,1
per_scenario[0].conditions[8].perturbation_ground_truth.dangling_references_after_omission.escalations_or_dispositions,0
per_scenario[0].conditions[8].perturbation_ground_truth.dangling_references_after_omission.investigation_steps,0
per_scenario[0].conditions[8].perturbation_ground_truth.eligible_records,16
per_scenario[0].conditions[8].perturbation_ground_truth.removed[0].row_index,1
per_scenario[0].conditions[8].perturbation_ground_truth.removed[1].row_index,0
per_scenario[0].conditions[8].recommendation_count,0
per_scenario[0].conditions[8].risk.total_score,0.0
per_scenario[0].conditions[8].traceability.evidence_reference_coverage,null
per_scenario[0].conditions[8].traceability.evidence_references,0
per_scenario[0].conditions[8].traceability.findings,0
per_scenario[0].conditions[8].traceability.findings_with_all_evidence_references_resolved,0
per_scenario[0].conditions[8].traceability.resolved_evidence_references,0
per_scenario[0].conditions[8].validation_matches_expected,true
per_scenario[0].conditions[8].validation_seconds,0.544394
per_scenario[0].conditions[8].validation_totals.accepted,18
per_scenario[0].conditions[8].validation_totals.received,18
per_scenario[0].conditions[8].validation_totals.rejected,0
per_scenario[0].conditions[8].validation_warning_count,1
per_scenario[0].conditions[9].analysis_seconds,0.223699
per_scenario[0].conditions[9].catalog_family_metrics.f1,null
per_scenario[0].conditions[9].catalog_family_metrics.fn,0
per_scenario[0].conditions[9].catalog_family_metrics.fp,0
per_scenario[0].conditions[9].catalog_family_metrics.precision,null
per_scenario[0].conditions[9].catalog_family_metrics.recall,null
per_scenario[0].conditions[9].catalog_family_metrics.tp,0
per_scenario[0].conditions[9].finding_count,0
per_scenario[0].conditions[9].paired_delta_vs_control.family_set_changed,false
per_scenario[0].conditions[9].paired_delta_vs_control.finding_count_change,0
per_scenario[0].conditions[9].parameters.rate,0.1
per_scenario[0].conditions[9].parameters.seed,1
per_scenario[0].conditions[9].perturbation_ground_truth.cascaded_investigation_steps_removed,0
per_scenario[0].conditions[9].perturbation_ground_truth.dangling_references_after_omission.escalations_or_dispositions,0
per_scenario[0].conditions[9].perturbation_ground_truth.dangling_references_after_omission.investigation_steps,0
per_scenario[0].conditions[9].perturbation_ground_truth.eligible_records,16
per_scenario[0].conditions[9].perturbation_ground_truth.removed[0].row_index,1
per_scenario[0].conditions[9].perturbation_ground_truth.removed[1].row_index,0
per_scenario[0].conditions[9].recommendation_count,0
per_scenario[0].conditions[9].risk.total_score,0.0
per_scenario[0].conditions[9].traceability.evidence_reference_coverage,null
per_scenario[0].conditions[9].traceability.evidence_references,0
per_scenario[0].conditions[9].traceability.findings,0
per_scenario[0].conditions[9].traceability.findings_with_all_evidence_references_resolved,0
per_scenario[0].conditions[9].traceability.resolved_evidence_references,0
per_scenario[0].conditions[9].validation_matches_expected,true
per_scenario[0].conditions[9].validation_seconds,0.526345
per_scenario[0].conditions[9].validation_totals.accepted,18
per_scenario[0].conditions[9].validation_totals.received,18
per_scenario[0].conditions[9].validation_totals.rejected,0
per_scenario[0].conditions[9].validation_warning_count,1
per_scenario[0].conditions[10].analysis_seconds,0.262775
per_scenario[0].conditions[10].catalog_family_metrics.f1,null
per_scenario[0].conditions[10].catalog_family_metrics.fn,0
per_scenario[0].conditions[10].catalog_family_metrics.fp,0
per_scenario[0].conditions[10].catalog_family_metrics.precision,null
per_scenario[0].conditions[10].catalog_family_metrics.recall,null
per_scenario[0].conditions[10].catalog_family_metrics.tp,0
per_scenario[0].conditions[10].finding_count,0
per_scenario[0].conditions[10].paired_delta_vs_control.family_set_changed,false
per_scenario[0].conditions[10].paired_delta_vs_control.finding_count_change,0
per_scenario[0].conditions[10].parameters.rate,0.1
per_scenario[0].conditions[10].parameters.seed,2
per_scenario[0].conditions[10].perturbation_ground_truth.dangling_references_after_omission.escalations_or_dispositions,0
per_scenario[0].conditions[10].perturbation_ground_truth.dangling_references_after_omission.investigation_steps,0
per_scenario[0].conditions[10].perturbation_ground_truth.eligible_records,16
per_scenario[0].conditions[10].perturbation_ground_truth.removed[0].row_index,1
per_scenario[0].conditions[10].perturbation_ground_truth.removed[1].row_index,4
per_scenario[0].conditions[10].recommendation_count,0
per_scenario[0].conditions[10].risk.total_score,0.0
per_scenario[0].conditions[10].traceability.evidence_reference_coverage,null
per_scenario[0].conditions[10].traceability.evidence_references,0
per_scenario[0].conditions[10].traceability.findings,0
per_scenario[0].conditions[10].traceability.findings_with_all_evidence_references_resolved,0
per_scenario[0].conditions[10].traceability.resolved_evidence_references,0
per_scenario[0].conditions[10].validation_matches_expected,true
per_scenario[0].conditions[10].validation_seconds,0.578856
per_scenario[0].conditions[10].validation_totals.accepted,18
per_scenario[0].conditions[10].validation_totals.received,18
per_scenario[0].conditions[10].validation_totals.rejected,0
per_scenario[0].conditions[10].validation_warning_count,0
per_scenario[0].conditions[11].analysis_seconds,0.224214
per_scenario[0].conditions[11].catalog_family_metrics.f1,null
per_scenario[0].conditions[11].catalog_family_metrics.fn,0
per_scenario[0].conditions[11].catalog_family_metrics.fp,0
per_scenario[0].conditions[11].catalog_family_metrics.precision,null
per_scenario[0].conditions[11].catalog_family_metrics.recall,null
per_scenario[0].conditions[11].catalog_family_metrics.tp,0
per_scenario[0].conditions[11].finding_count,0
per_scenario[0].conditions[11].paired_delta_vs_control.family_set_changed,false
per_scenario[0].conditions[11].paired_delta_vs_control.finding_count_change,0
per_scenario[0].conditions[11].parameters.rate,0.1
per_scenario[0].conditions[11].parameters.seed,2
per_scenario[0].conditions[11].perturbation_ground_truth.cascaded_investigation_steps_removed,0
per_scenario[0].conditions[11].perturbation_ground_truth.dangling_references_after_omission.escalations_or_dispositions,0
per_scenario[0].conditions[11].perturbation_ground_truth.dangling_references_after_omission.investigation_steps,0
per_scenario[0].conditions[11].perturbation_ground_truth.eligible_records,16
per_scenario[0].conditions[11].perturbation_ground_truth.removed[0].row_index,1
per_scenario[0].conditions[11].perturbation_ground_truth.removed[1].row_index,4
per_scenario[0].conditions[11].recommendation_count,0
per_scenario[0].conditions[11].risk.total_score,0.0
per_scenario[0].conditions[11].traceability.evidence_reference_coverage,null
per_scenario[0].conditions[11].traceability.evidence_references,0
per_scenario[0].conditions[11].traceability.findings,0
per_scenario[0].conditions[11].traceability.findings_with_all_evidence_references_resolved,0
per_scenario[0].conditions[11].traceability.resolved_evidence_references,0
per_scenario[0].conditions[11].validation_matches_expected,true
per_scenario[0].conditions[11].validation_seconds,0.52793
per_scenario[0].conditions[11].validation_totals.accepted,18
per_scenario[0].conditions[11].validation_totals.received,18
per_scenario[0].conditions[11].validation_totals.rejected,0
per_scenario[0].conditions[11].validation_warning_count,0
per_scenario[0].conditions[12].paired_delta_vs_control,null
per_scenario[0].conditions[12].parameters.rate,0.1
per_scenario[0].conditions[12].parameters.seed,3
per_scenario[0].conditions[12].perturbation_ground_truth.dangling_references_after_omission.escalations_or_dispositions,0
per_scenario[0].conditions[12].perturbation_ground_truth.dangling_references_after_omission.investigation_steps,3
per_scenario[0].conditions[12].perturbation_ground_truth.eligible_records,16
per_scenario[0].conditions[12].perturbation_ground_truth.removed[0].row_index,0
per_scenario[0].conditions[12].perturbation_ground_truth.removed[1].row_index,4
per_scenario[0].conditions[12].validation_matches_expected,true
per_scenario[0].conditions[12].validation_seconds,0.46918
per_scenario[0].conditions[12].validation_totals.accepted,15
per_scenario[0].conditions[12].validation_totals.received,18
per_scenario[0].conditions[12].validation_totals.rejected,3
per_scenario[0].conditions[12].validation_warning_count,5
per_scenario[0].conditions[13].analysis_seconds,0.28828
per_scenario[0].conditions[13].catalog_family_metrics.f1,null
per_scenario[0].conditions[13].catalog_family_metrics.fn,0
per_scenario[0].conditions[13].catalog_family_metrics.fp,0
per_scenario[0].conditions[13].catalog_family_metrics.precision,null
per_scenario[0].conditions[13].catalog_family_metrics.recall,null
per_scenario[0].conditions[13].catalog_family_metrics.tp,0
per_scenario[0].conditions[13].finding_count,0
per_scenario[0].conditions[13].paired_delta_vs_control.family_set_changed,false
per_scenario[0].conditions[13].paired_delta_vs_control.finding_count_change,0
per_scenario[0].conditions[13].parameters.rate,0.1
per_scenario[0].conditions[13].parameters.seed,3
per_scenario[0].conditions[13].perturbation_ground_truth.cascaded_investigation_steps_removed,3
per_scenario[0].conditions[13].perturbation_ground_truth.dangling_references_after_omission.escalations_or_dispositions,0
per_scenario[0].conditions[13].perturbation_ground_truth.dangling_references_after_omission.investigation_steps,0
per_scenario[0].conditions[13].perturbation_ground_truth.eligible_records,16
per_scenario[0].conditions[13].perturbation_ground_truth.removed[0].row_index,0
per_scenario[0].conditions[13].perturbation_ground_truth.removed[1].row_index,4
per_scenario[0].conditions[13].recommendation_count,0
per_scenario[0].conditions[13].risk.total_score,0.0
per_scenario[0].conditions[13].traceability.evidence_reference_coverage,null
per_scenario[0].conditions[13].traceability.evidence_references,0
per_scenario[0].conditions[13].traceability.findings,0
per_scenario[0].conditions[13].traceability.findings_with_all_evidence_references_resolved,0
per_scenario[0].conditions[13].traceability.resolved_evidence_references,0
per_scenario[0].conditions[13].validation_matches_expected,true
per_scenario[0].conditions[13].validation_seconds,0.481918
per_scenario[0].conditions[13].validation_totals.accepted,15
per_scenario[0].conditions[13].validation_totals.received,15
per_scenario[0].conditions[13].validation_totals.rejected,0
per_scenario[0].conditions[13].validation_warning_count,5
per_scenario[0].conditions[14].analysis_seconds,0.247149
per_scenario[0].conditions[14].catalog_family_metrics.f1,null
per_scenario[0].conditions[14].catalog_family_metrics.fn,0
per_scenario[0].conditions[14].catalog_family_metrics.fp,0
per_scenario[0].conditions[14].catalog_family_metrics.precision,null
per_scenario[0].conditions[14].catalog_family_metrics.recall,null
per_scenario[0].conditions[14].catalog_family_metrics.tp,0
per_scenario[0].conditions[14].finding_count,0
per_scenario[0].conditions[14].paired_delta_vs_control.family_set_changed,false
per_scenario[0].conditions[14].paired_delta_vs_control.finding_count_change,0
per_scenario[0].conditions[14].parameters.rate,0.1
per_scenario[0].conditions[14].parameters.seed,4
per_scenario[0].conditions[14].perturbation_ground_truth.dangling_references_after_omission.escalations_or_dispositions,0
per_scenario[0].conditions[14].perturbation_ground_truth.dangling_references_after_omission.investigation_steps,0
per_scenario[0].conditions[14].perturbation_ground_truth.eligible_records,16
per_scenario[0].conditions[14].perturbation_ground_truth.removed[0].row_index,0
per_scenario[0].conditions[14].perturbation_ground_truth.removed[1].row_index,3
per_scenario[0].conditions[14].recommendation_count,0
per_scenario[0].conditions[14].risk.total_score,0.0
per_scenario[0].conditions[14].traceability.evidence_reference_coverage,null
per_scenario[0].conditions[14].traceability.evidence_references,0
per_scenario[0].conditions[14].traceability.findings,0
per_scenario[0].conditions[14].traceability.findings_with_all_evidence_references_resolved,0
per_scenario[0].conditions[14].traceability.resolved_evidence_references,0
per_scenario[0].conditions[14].validation_matches_expected,true
per_scenario[0].conditions[14].validation_seconds,0.482115
per_scenario[0].conditions[14].validation_totals.accepted,18
per_scenario[0].conditions[14].validation_totals.received,18
per_scenario[0].conditions[14].validation_totals.rejected,0
per_scenario[0].conditions[14].validation_warning_count,0
per_scenario[0].conditions[15].analysis_seconds,0.464888
per_scenario[0].conditions[15].catalog_family_metrics.f1,null
per_scenario[0].conditions[15].catalog_family_metrics.fn,0
per_scenario[0].conditions[15].catalog_family_metrics.fp,0
per_scenario[0].conditions[15].catalog_family_metrics.precision,null
per_scenario[0].conditions[15].catalog_family_metrics.recall,null
per_scenario[0].conditions[15].catalog_family_metrics.tp,0
per_scenario[0].conditions[15].finding_count,0
per_scenario[0].conditions[15].paired_delta_vs_control.family_set_changed,false
per_scenario[0].conditions[15].paired_delta_vs_control.finding_count_change,0
per_scenario[0].conditions[15].parameters.rate,0.1
per_scenario[0].conditions[15].parameters.seed,4
per_scenario[0].conditions[15].perturbation_ground_truth.cascaded_investigation_steps_removed,0
per_scenario[0].conditions[15].perturbation_ground_truth.dangling_references_after_omission.escalations_or_dispositions,0
per_scenario[0].conditions[15].perturbation_ground_truth.dangling_references_after_omission.investigation_steps,0
per_scenario[0].conditions[15].perturbation_ground_truth.eligible_records,16
per_scenario[0].conditions[15].perturbation_ground_truth.removed[0].row_index,0
per_scenario[0].conditions[15].perturbation_ground_truth.removed[1].row_index,3
per_scenario[0].conditions[15].recommendation_count,0
per_scenario[0].conditions[15].risk.total_score,0.0
per_scenario[0].conditions[15].traceability.evidence_reference_coverage,null
per_scenario[0].conditions[15].traceability.evidence_references,0
per_scenario[0].conditions[15].traceability.findings,0
per_scenario[0].conditions[15].traceability.findings_with_all_evidence_references_resolved,0
per_scenario[0].conditions[15].traceability.resolved_evidence_references,0
per_scenario[0].conditions[15].validation_matches_expected,true
per_scenario[0].conditions[15].validation_seconds,0.506457
per_scenario[0].conditions[15].validation_totals.accepted,18
per_scenario[0].conditions[15].validation_totals.received,18
per_scenario[0].conditions[15].validation_totals.rejected,0
per_scenario[0].conditions[15].validation_warning_count,0
per_scenario[0].conditions[16].paired_delta_vs_control,null
per_scenario[0].conditions[16].parameters.rate,0.25
per_scenario[0].conditions[16].parameters.seed,0
per_scenario[0].conditions[16].perturbation_ground_truth.dangling_references_after_omission.escalations_or_dispositions,0
per_scenario[0].conditions[16].perturbation_ground_truth.dangling_references_after_omission.investigation_steps,2
per_scenario[0].conditions[16].perturbation_ground_truth.eligible_records,16
per_scenario[0].conditions[16].perturbation_ground_truth.removed[0].row_index,0
per_scenario[0].conditions[16].perturbation_ground_truth.removed[1].row_index,2
per_scenario[0].conditions[16].perturbation_ground_truth.removed[2].row_index,1
per_scenario[0].conditions[16].perturbation_ground_truth.removed[3].row_index,4
per_scenario[0].conditions[16].validation_matches_expected,true
per_scenario[0].conditions[16].validation_seconds,0.518295
per_scenario[0].conditions[16].validation_totals.accepted,14
per_scenario[0].conditions[16].validation_totals.received,16
per_scenario[0].conditions[16].validation_totals.rejected,2
per_scenario[0].conditions[16].validation_warning_count,7
per_scenario[0].conditions[17].analysis_seconds,0.374641
per_scenario[0].conditions[17].catalog_family_metrics.f1,null
per_scenario[0].conditions[17].catalog_family_metrics.fn,0
per_scenario[0].conditions[17].catalog_family_metrics.fp,0
per_scenario[0].conditions[17].catalog_family_metrics.precision,null
per_scenario[0].conditions[17].catalog_family_metrics.recall,null
per_scenario[0].conditions[17].catalog_family_metrics.tp,0
per_scenario[0].conditions[17].finding_count,0
per_scenario[0].conditions[17].paired_delta_vs_control.family_set_changed,false
per_scenario[0].conditions[17].paired_delta_vs_control.finding_count_change,0
per_scenario[0].conditions[17].parameters.rate,0.25
per_scenario[0].conditions[17].parameters.seed,0
per_scenario[0].conditions[17].perturbation_ground_truth.cascaded_investigation_steps_removed,2
per_scenario[0].conditions[17].perturbation_ground_truth.dangling_references_after_omission.escalations_or_dispositions,0
per_scenario[0].conditions[17].perturbation_ground_truth.dangling_references_after_omission.investigation_steps,0
per_scenario[0].conditions[17].perturbation_ground_truth.eligible_records,16
per_scenario[0].conditions[17].perturbation_ground_truth.removed[0].row_index,0
per_scenario[0].conditions[17].perturbation_ground_truth.removed[1].row_index,2
per_scenario[0].conditions[17].perturbation_ground_truth.removed[2].row_index,1
per_scenario[0].conditions[17].perturbation_ground_truth.removed[3].row_index,4
per_scenario[0].conditions[17].recommendation_count,0
per_scenario[0].conditions[17].risk.total_score,0.0
per_scenario[0].conditions[17].traceability.evidence_reference_coverage,null
per_scenario[0].conditions[17].traceability.evidence_references,0
per_scenario[0].conditions[17].traceability.findings,0
per_scenario[0].conditions[17].traceability.findings_with_all_evidence_references_resolved,0
per_scenario[0].conditions[17].traceability.resolved_evidence_references,0
per_scenario[0].conditions[17].validation_matches_expected,true
per_scenario[0].conditions[17].validation_seconds,0.525295
per_scenario[0].conditions[17].validation_totals.accepted,14
per_scenario[0].conditions[17].validation_totals.received,14
per_scenario[0].conditions[17].validation_totals.rejected,0
per_scenario[0].conditions[17].validation_warning_count,7
per_scenario[0].conditions[18].analysis_seconds,0.332648
per_scenario[0].conditions[18].catalog_family_metrics.f1,null
per_scenario[0].conditions[18].catalog_family_metrics.fn,0
per_scenario[0].conditions[18].catalog_family_metrics.fp,0
per_scenario[0].conditions[18].catalog_family_metrics.precision,null
per_scenario[0].conditions[18].catalog_family_metrics.recall,null
per_scenario[0].conditions[18].catalog_family_metrics.tp,0
per_scenario[0].conditions[18].finding_count,1
per_scenario[0].conditions[18].paired_delta_vs_control.family_set_changed,false
per_scenario[0].conditions[18].paired_delta_vs_control.finding_count_change,1
per_scenario[0].conditions[18].parameters.rate,0.25
per_scenario[0].conditions[18].parameters.seed,1
per_scenario[0].conditions[18].perturbation_ground_truth.dangling_references_after_omission.escalations_or_dispositions,0
per_scenario[0].conditions[18].perturbation_ground_truth.dangling_references_after_omission.investigation_steps,0
per_scenario[0].conditions[18].perturbation_ground_truth.eligible_records,16
per_scenario[0].conditions[18].perturbation_ground_truth.removed[0].row_index,0
per_scenario[0].conditions[18].perturbation_ground_truth.removed[1].row_index,1
per_scenario[0].conditions[18].perturbation_ground_truth.removed[2].row_index,2
per_scenario[0].conditions[18].perturbation_ground_truth.removed[3].row_index,3
per_scenario[0].conditions[18].recommendation_count,0
per_scenario[0].conditions[18].risk.total_score,0.0
per_scenario[0].conditions[18].traceability.evidence_reference_coverage,null
per_scenario[0].conditions[18].traceability.evidence_references,0
per_scenario[0].conditions[18].traceability.findings,1
per_scenario[0].conditions[18].traceability.findings_with_all_evidence_references_resolved,0
per_scenario[0].conditions[18].traceability.resolved_evidence_references,0
per_scenario[0].conditions[18].validation_matches_expected,true
per_scenario[0].conditions[18].validation_seconds,0.449308
per_scenario[0].conditions[18].validation_totals.accepted,16
per_scenario[0].conditions[18].validation_totals.received,16
per_scenario[0].conditions[18].validation_totals.rejected,0
per_scenario[0].conditions[18].validation_warning_count,4
per_scenario[0].conditions[19].analysis_seconds,0.369934
per_scenario[0].conditions[19].catalog_family_metrics.f1,null
per_scenario[0].conditions[19].catalog_family_metrics.fn,0
per_scenario[0].conditions[19].catalog_family_metrics.fp,0
per_scenario[0].conditions[19].catalog_family_metrics.precision,null
per_scenario[0].conditions[19].catalog_family_metrics.recall,null
per_scenario[0].conditions[19].catalog_family_metrics.tp,0
per_scenario[0].conditions[19].finding_count,1
per_scenario[0].conditions[19].paired_delta_vs_control.family_set_changed,false
per_scenario[0].conditions[19].paired_delta_vs_control.finding_count_change,1
per_scenario[0].conditions[19].parameters.rate,0.25
per_scenario[0].conditions[19].parameters.seed,1
per_scenario[0].conditions[19].perturbation_ground_truth.cascaded_investigation_steps_removed,0
per_scenario[0].conditions[19].perturbation_ground_truth.dangling_references_after_omission.escalations_or_dispositions,0
per_scenario[0].conditions[19].perturbation_ground_truth.dangling_references_after_omission.investigation_steps,0
per_scenario[0].conditions[19].perturbation_ground_truth.eligible_records,16
per_scenario[0].conditions[19].perturbation_ground_truth.removed[0].row_index,0
per_scenario[0].conditions[19].perturbation_ground_truth.removed[1].row_index,1
per_scenario[0].conditions[19].perturbation_ground_truth.removed[2].row_index,2
per_scenario[0].conditions[19].perturbation_ground_truth.removed[3].row_index,3
per_scenario[0].conditions[19].recommendation_count,0
per_scenario[0].conditions[19].risk.total_score,0.0
per_scenario[0].conditions[19].traceability.evidence_reference_coverage,null
per_scenario[0].conditions[19].traceability.evidence_references,0
per_scenario[0].conditions[19].traceability.findings,1
per_scenario[0].conditions[19].traceability.findings_with_all_evidence_references_resolved,0
per_scenario[0].conditions[19].traceability.resolved_evidence_references,0
per_scenario[0].conditions[19].validation_matches_expected,true
per_scenario[0].conditions[19].validation_seconds,0.468107
per_scenario[0].conditions[19].validation_totals.accepted,16
per_scenario[0].conditions[19].validation_totals.received,16
per_scenario[0].conditions[19].validation_totals.rejected,0
per_scenario[0].conditions[19].validation_warning_count,4
per_scenario[0].conditions[20].paired_delta_vs_control,null
per_scenario[0].conditions[20].parameters.rate,0.25
per_scenario[0].conditions[20].parameters.seed,2
per_scenario[0].conditions[20].perturbation_ground_truth.dangling_references_after_omission.escalations_or_dispositions,0
per_scenario[0].conditions[20].perturbation_ground_truth.dangling_references_after_omission.investigation_steps,2
per_scenario[0].conditions[20].perturbation_ground_truth.eligible_records,16
per_scenario[0].conditions[20].perturbation_ground_truth.removed[0].row_index,2
per_scenario[0].conditions[20].perturbation_ground_truth.removed[1].row_index,0
per_scenario[0].conditions[20].perturbation_ground_truth.removed[2].row_index,0
per_scenario[0].conditions[20].perturbation_ground_truth.removed[3].row_index,2
per_scenario[0].conditions[20].validation_matches_expected,true
per_scenario[0].conditions[20].validation_seconds,0.562465
per_scenario[0].conditions[20].validation_totals.accepted,14
per_scenario[0].conditions[20].validation_totals.received,16
per_scenario[0].conditions[20].validation_totals.rejected,2
per_scenario[0].conditions[20].validation_warning_count,5
per_scenario[0].conditions[21].analysis_seconds,0.826848
per_scenario[0].conditions[21].catalog_family_metrics.f1,null
per_scenario[0].conditions[21].catalog_family_metrics.fn,0
per_scenario[0].conditions[21].catalog_family_metrics.fp,1
per_scenario[0].conditions[21].catalog_family_metrics.precision,0.0
per_scenario[0].conditions[21].catalog_family_metrics.recall,null
per_scenario[0].conditions[21].catalog_family_metrics.tp,0
per_scenario[0].conditions[21].finding_count,1
per_scenario[0].conditions[21].paired_delta_vs_control.family_set_changed,true
per_scenario[0].conditions[21].paired_delta_vs_control.finding_count_change,1
per_scenario[0].conditions[21].paired_delta_vs_control.risk_fields_changed.total_score.control,0.0
per_scenario[0].conditions[21].paired_delta_vs_control.risk_fields_changed.total_score.perturbed,5.0
per_scenario[0].conditions[21].parameters.rate,0.25
per_scenario[0].conditions[21].parameters.seed,2
per_scenario[0].conditions[21].perturbation_ground_truth.cascaded_investigation_steps_removed,2
per_scenario[0].conditions[21].perturbation_ground_truth.dangling_references_after_omission.escalations_or_dispositions,0
per_scenario[0].conditions[21].perturbation_ground_truth.dangling_references_after_omission.investigation_steps,0
per_scenario[0].conditions[21].perturbation_ground_truth.eligible_records,16
per_scenario[0].conditions[21].perturbation_ground_truth.removed[0].row_index,2
per_scenario[0].conditions[21].perturbation_ground_truth.removed[1].row_index,0
per_scenario[0].conditions[21].perturbation_ground_truth.removed[2].row_index,0
per_scenario[0].conditions[21].perturbation_ground_truth.removed[3].row_index,2
per_scenario[0].conditions[21].recommendation_count,0
per_scenario[0].conditions[21].risk.total_score,5.0
per_scenario[0].conditions[21].traceability.evidence_reference_coverage,1.0
per_scenario[0].conditions[21].traceability.evidence_references,1
per_scenario[0].conditions[21].traceability.findings,1
per_scenario[0].conditions[21].traceability.findings_with_all_evidence_references_resolved,1
per_scenario[0].conditions[21].traceability.resolved_evidence_references,1
per_scenario[0].conditions[21].validation_matches_expected,true
per_scenario[0].conditions[21].validation_seconds,0.535521
per_scenario[0].conditions[21].validation_totals.accepted,14
per_scenario[0].conditions[21].validation_totals.received,14
per_scenario[0].conditions[21].validation_totals.rejected,0
per_scenario[0].conditions[21].validation_warning_count,5
per_scenario[0].conditions[22].analysis_seconds,1.003334
per_scenario[0].conditions[22].catalog_family_metrics.f1,null
per_scenario[0].conditions[22].catalog_family_metrics.fn,0
per_scenario[0].conditions[22].catalog_family_metrics.fp,0
per_scenario[0].conditions[22].catalog_family_metrics.precision,null
per_scenario[0].conditions[22].catalog_family_metrics.recall,null
per_scenario[0].conditions[22].catalog_family_metrics.tp,0
per_scenario[0].conditions[22].finding_count,1
per_scenario[0].conditions[22].paired_delta_vs_control.family_set_changed,false
per_scenario[0].conditions[22].paired_delta_vs_control.finding_count_change,1
per_scenario[0].conditions[22].parameters.rate,0.25
per_scenario[0].conditions[22].parameters.seed,3
per_scenario[0].conditions[22].perturbation_ground_truth.dangling_references_after_omission.escalations_or_dispositions,0
per_scenario[0].conditions[22].perturbation_ground_truth.dangling_references_after_omission.investigation_steps,0
per_scenario[0].conditions[22].perturbation_ground_truth.eligible_records,16
per_scenario[0].conditions[22].perturbation_ground_truth.removed[0].row_index,0
per_scenario[0].conditions[22].perturbation_ground_truth.removed[1].row_index,2
per_scenario[0].conditions[22].perturbation_ground_truth.removed[2].row_index,0
per_scenario[0].conditions[22].perturbation_ground_truth.removed[3].row_index,4
per_scenario[0].conditions[22].recommendation_count,0
per_scenario[0].conditions[22].risk.total_score,0.0
per_scenario[0].conditions[22].traceability.evidence_reference_coverage,null
per_scenario[0].conditions[22].traceability.evidence_references,0
per_scenario[0].conditions[22].traceability.findings,1
per_scenario[0].conditions[22].traceability.findings_with_all_evidence_references_resolved,0
per_scenario[0].conditions[22].traceability.resolved_evidence_references,0
per_scenario[0].conditions[22].validation_matches_expected,true
per_scenario[0].conditions[22].validation_seconds,0.470741
per_scenario[0].conditions[22].validation_totals.accepted,16
per_scenario[0].conditions[22].validation_totals.received,16
per_scenario[0].conditions[22].validation_totals.rejected,0
per_scenario[0].conditions[22].validation_warning_count,2
per_scenario[0].conditions[23].analysis_seconds,0.801021
per_scenario[0].conditions[23].catalog_family_metrics.f1,null
per_scenario[0].conditions[23].catalog_family_metrics.fn,0
per_scenario[0].conditions[23].catalog_family_metrics.fp,0
per_scenario[0].conditions[23].catalog_family_metrics.precision,null
per_scenario[0].conditions[23].catalog_family_metrics.recall,null
per_scenario[0].conditions[23].catalog_family_metrics.tp,0
per_scenario[0].conditions[23].finding_count,1
per_scenario[0].conditions[23].paired_delta_vs_control.family_set_changed,false
per_scenario[0].conditions[23].paired_delta_vs_control.finding_count_change,1
per_scenario[0].conditions[23].parameters.rate,0.25
per_scenario[0].conditions[23].parameters.seed,3
per_scenario[0].conditions[23].perturbation_ground_truth.cascaded_investigation_steps_removed,0
per_scenario[0].conditions[23].perturbation_ground_truth.dangling_references_after_omission.escalations_or_dispositions,0
per_scenario[0].conditions[23].perturbation_ground_truth.dangling_references_after_omission.investigation_steps,0
per_scenario[0].conditions[23].perturbation_ground_truth.eligible_records,16
per_scenario[0].conditions[23].perturbation_ground_truth.removed[0].row_index,0
per_scenario[0].conditions[23].perturbation_ground_truth.removed[1].row_index,2
per_scenario[0].conditions[23].perturbation_ground_truth.removed[2].row_index,0
per_scenario[0].conditions[23].perturbation_ground_truth.removed[3].row_index,4
per_scenario[0].conditions[23].recommendation_count,0
per_scenario[0].conditions[23].risk.total_score,0.0
per_scenario[0].conditions[23].traceability.evidence_reference_coverage,null
per_scenario[0].conditions[23].traceability.evidence_references,0
per_scenario[0].conditions[23].traceability.findings,1
per_scenario[0].conditions[23].traceability.findings_with_all_evidence_references_resolved,0
per_scenario[0].conditions[23].traceability.resolved_evidence_references,0
per_scenario[0].conditions[23].validation_matches_expected,true
per_scenario[0].conditions[23].validation_seconds,0.470352
per_scenario[0].conditions[23].validation_totals.accepted,16
per_scenario[0].conditions[23].validation_totals.received,16
per_scenario[0].conditions[23].validation_totals.rejected,0
per_scenario[0].conditions[23].validation_warning_count,2
per_scenario[0].conditions[24].analysis_seconds,0.387996
per_scenario[0].conditions[24].catalog_family_metrics.f1,null
per_scenario[0].conditions[24].catalog_family_metrics.fn,0
per_scenario[0].conditions[24].catalog_family_metrics.fp,0
per_scenario[0].conditions[24].catalog_family_metrics.precision,null
per_scenario[0].conditions[24].catalog_family_metrics.recall,null
per_scenario[0].conditions[24].catalog_family_metrics.tp,0
per_scenario[0].conditions[24].finding_count,1
per_scenario[0].conditions[24].paired_delta_vs_control.family_set_changed,false
per_scenario[0].conditions[24].paired_delta_vs_control.finding_count_change,1
per_scenario[0].conditions[24].parameters.rate,0.25
per_scenario[0].conditions[24].parameters.seed,4
per_scenario[0].conditions[24].perturbation_ground_truth.dangling_references_after_omission.escalations_or_dispositions,0
per_scenario[0].conditions[24].perturbation_ground_truth.dangling_references_after_omission.investigation_steps,0
per_scenario[0].conditions[24].perturbation_ground_truth.eligible_records,16
per_scenario[0].conditions[24].perturbation_ground_truth.removed[0].row_index,0
per_scenario[0].conditions[24].perturbation_ground_truth.removed[1].row_index,1
per_scenario[0].conditions[24].perturbation_ground_truth.removed[2].row_index,0
per_scenario[0].conditions[24].perturbation_ground_truth.removed[3].row_index,1
per_scenario[0].conditions[24].recommendation_count,0
per_scenario[0].conditions[24].risk.total_score,0.0
per_scenario[0].conditions[24].traceability.evidence_reference_coverage,null
per_scenario[0].conditions[24].traceability.evidence_references,0
per_scenario[0].conditions[24].traceability.findings,1
per_scenario[0].conditions[24].traceability.findings_with_all_evidence_references_resolved,0
per_scenario[0].conditions[24].traceability.resolved_evidence_references,0
per_scenario[0].conditions[24].validation_matches_expected,true
per_scenario[0].conditions[24].validation_seconds,0.481369
per_scenario[0].conditions[24].validation_totals.accepted,16
per_scenario[0].conditions[24].validation_totals.received,16
per_scenario[0].conditions[24].validation_totals.rejected,0
per_scenario[0].conditions[24].validation_warning_count,3
per_scenario[0].conditions[25].analysis_seconds,0.461215
per_scenario[0].conditions[25].catalog_family_metrics.f1,null
per_scenario[0].conditions[25].catalog_family_metrics.fn,0
per_scenario[0].conditions[25].catalog_family_metrics.fp,0
per_scenario[0].conditions[25].catalog_family_metrics.precision,null
per_scenario[0].conditions[25].catalog_family_metrics.recall,null
per_scenario[0].conditions[25].catalog_family_metrics.tp,0
per_scenario[0].conditions[25].finding_count,1
per_scenario[0].conditions[25].paired_delta_vs_control.family_set_changed,false
per_scenario[0].conditions[25].paired_delta_vs_control.finding_count_change,1
per_scenario[0].conditions[25].parameters.rate,0.25
per_scenario[0].conditions[25].parameters.seed,4
per_scenario[0].conditions[25].perturbation_ground_truth.cascaded_investigation_steps_removed,0
per_scenario[0].conditions[25].perturbation_ground_truth.dangling_references_after_omission.escalations_or_dispositions,0
per_scenario[0].conditions[25].perturbation_ground_truth.dangling_references_after_omission.investigation_steps,0
per_scenario[0].conditions[25].perturbation_ground_truth.eligible_records,16
per_scenario[0].conditions[25].perturbation_ground_truth.removed[0].row_index,0
per_scenario[0].conditions[25].perturbation_ground_truth.removed[1].row_index,1
per_scenario[0].conditions[25].perturbation_ground_truth.removed[2].row_index,0
per_scenario[0].conditions[25].perturbation_ground_truth.removed[3].row_index,1
per_scenario[0].conditions[25].recommendation_count,0
per_scenario[0].conditions[25].risk.total_score,0.0
per_scenario[0].conditions[25].traceability.evidence_reference_coverage,null
per_scenario[0].conditions[25].traceability.evidence_references,0
per_scenario[0].conditions[25].traceability.findings,1
per_scenario[0].conditions[25].traceability.findings_with_all_evidence_references_resolved,0
per_scenario[0].conditions[25].traceability.resolved_evidence_references,0
per_scenario[0].conditions[25].validation_matches_expected,true
per_scenario[0].conditions[25].validation_seconds,0.442742
per_scenario[0].conditions[25].validation_totals.accepted,16
per_scenario[0].conditions[25].validation_totals.received,16
per_scenario[0].conditions[25].validation_totals.rejected,0
per_scenario[0].conditions[25].validation_warning_count,3
per_scenario[0].conditions[26].paired_delta_vs_control,null
per_scenario[0].conditions[26].parameters.rate,0.5
per_scenario[0].conditions[26].parameters.seed,0
per_scenario[0].conditions[26].perturbation_ground_truth.dangling_references_after_omission.escalations_or_dispositions,0
per_scenario[0].conditions[26].perturbation_ground_truth.dangling_references_after_omission.investigation_steps,5
per_scenario[0].conditions[26].perturbation_ground_truth.eligible_records,16
per_scenario[0].conditions[26].perturbation_ground_truth.removed[0].row_index,1
per_scenario[0].conditions[26].perturbation_ground_truth.removed[1].row_index,0
per_scenario[0].conditions[26].perturbation_ground_truth.removed[2].row_index,1
per_scenario[0].conditions[26].perturbation_ground_truth.removed[3].row_index,0
per_scenario[0].conditions[26].perturbation_ground_truth.removed[4].row_index,2
per_scenario[0].conditions[26].perturbation_ground_truth.removed[5].row_index,3
per_scenario[0].conditions[26].perturbation_ground_truth.removed[6].row_index,0
per_scenario[0].conditions[26].perturbation_ground_truth.removed[7].row_index,5
per_scenario[0].conditions[26].validation_matches_expected,true
per_scenario[0].conditions[26].validation_seconds,0.377253
per_scenario[0].conditions[26].validation_totals.accepted,7
per_scenario[0].conditions[26].validation_totals.received,12
per_scenario[0].conditions[26].validation_totals.rejected,5
per_scenario[0].conditions[26].validation_warning_count,6
per_scenario[0].conditions[27].analysis_seconds,0.757438
per_scenario[0].conditions[27].catalog_family_metrics.f1,null
per_scenario[0].conditions[27].catalog_family_metrics.fn,0
per_scenario[0].conditions[27].catalog_family_metrics.fp,2
per_scenario[0].conditions[27].catalog_family_metrics.precision,0.0
per_scenario[0].conditions[27].catalog_family_metrics.recall,null
per_scenario[0].conditions[27].catalog_family_metrics.tp,0
per_scenario[0].conditions[27].finding_count,5
per_scenario[0].conditions[27].paired_delta_vs_control.family_set_changed,true
per_scenario[0].conditions[27].paired_delta_vs_control.finding_count_change,5
per_scenario[0].conditions[27].paired_delta_vs_control.risk_fields_changed.total_score.control,0.0
per_scenario[0].conditions[27].paired_delta_vs_control.risk_fields_changed.total_score.perturbed,10.0
per_scenario[0].conditions[27].parameters.rate,0.5
per_scenario[0].conditions[27].parameters.seed,0
per_scenario[0].conditions[27].perturbation_ground_truth.cascaded_investigation_steps_removed,5
per_scenario[0].conditions[27].perturbation_ground_truth.dangling_references_after_omission.escalations_or_dispositions,0
per_scenario[0].conditions[27].perturbation_ground_truth.dangling_references_after_omission.investigation_steps,0
per_scenario[0].conditions[27].perturbation_ground_truth.eligible_records,16
per_scenario[0].conditions[27].perturbation_ground_truth.removed[0].row_index,1
per_scenario[0].conditions[27].perturbation_ground_truth.removed[1].row_index,0
per_scenario[0].conditions[27].perturbation_ground_truth.removed[2].row_index,1
per_scenario[0].conditions[27].perturbation_ground_truth.removed[3].row_index,0
per_scenario[0].conditions[27].perturbation_ground_truth.removed[4].row_index,2
per_scenario[0].conditions[27].perturbation_ground_truth.removed[5].row_index,3
per_scenario[0].conditions[27].perturbation_ground_truth.removed[6].row_index,0
per_scenario[0].conditions[27].perturbation_ground_truth.removed[7].row_index,5
per_scenario[0].conditions[27].recommendation_count,0
per_scenario[0].conditions[27].risk.total_score,10.0
per_scenario[0].conditions[27].traceability.evidence_reference_coverage,1.0
per_scenario[0].conditions[27].traceability.evidence_references,7
per_scenario[0].conditions[27].traceability.findings,5
per_scenario[0].conditions[27].traceability.findings_with_all_evidence_references_resolved,2
per_scenario[0].conditions[27].traceability.resolved_evidence_references,7
per_scenario[0].conditions[27].validation_matches_expected,true
per_scenario[0].conditions[27].validation_seconds,0.414973
per_scenario[0].conditions[27].validation_totals.accepted,7
per_scenario[0].conditions[27].validation_totals.received,7
per_scenario[0].conditions[27].validation_totals.rejected,0
per_scenario[0].conditions[27].validation_warning_count,6
per_scenario[0].conditions[28].paired_delta_vs_control,null
per_scenario[0].conditions[28].parameters.rate,0.5
per_scenario[0].conditions[28].parameters.seed,1
per_scenario[0].conditions[28].perturbation_ground_truth.dangling_references_after_omission.escalations_or_dispositions,0
per_scenario[0].conditions[28].perturbation_ground_truth.dangling_references_after_omission.investigation_steps,3
per_scenario[0].conditions[28].perturbation_ground_truth.eligible_records,16
per_scenario[0].conditions[28].perturbation_ground_truth.removed[0].row_index,0
per_scenario[0].conditions[28].perturbation_ground_truth.removed[1].row_index,2
per_scenario[0].conditions[28].perturbation_ground_truth.removed[2].row_index,1
per_scenario[0].conditions[28].perturbation_ground_truth.removed[3].row_index,0
per_scenario[0].conditions[28].perturbation_ground_truth.removed[4].row_index,2
per_scenario[0].conditions[28].perturbation_ground_truth.removed[5].row_index,3
per_scenario[0].conditions[28].perturbation_ground_truth.removed[6].row_index,1
per_scenario[0].conditions[28].perturbation_ground_truth.removed[7].row_index,2
per_scenario[0].conditions[28].validation_matches_expected,true
per_scenario[0].conditions[28].validation_seconds,0.548884
per_scenario[0].conditions[28].validation_totals.accepted,9
per_scenario[0].conditions[28].validation_totals.received,12
per_scenario[0].conditions[28].validation_totals.rejected,3
per_scenario[0].conditions[28].validation_warning_count,5
per_scenario[0].conditions[29].analysis_seconds,0.477154
per_scenario[0].conditions[29].catalog_family_metrics.f1,null
per_scenario[0].conditions[29].catalog_family_metrics.fn,0
per_scenario[0].conditions[29].catalog_family_metrics.fp,1
per_scenario[0].conditions[29].catalog_family_metrics.precision,0.0
per_scenario[0].conditions[29].catalog_family_metrics.recall,null
per_scenario[0].conditions[29].catalog_family_metrics.tp,0
per_scenario[0].conditions[29].finding_count,1
per_scenario[0].conditions[29].paired_delta_vs_control.family_set_changed,true
per_scenario[0].conditions[29].paired_delta_vs_control.finding_count_change,1
per_scenario[0].conditions[29].paired_delta_vs_control.risk_fields_changed.total_score.control,0.0
per_scenario[0].conditions[29].paired_delta_vs_control.risk_fields_changed.total_score.perturbed,5.0
per_scenario[0].conditions[29].parameters.rate,0.5
per_scenario[0].conditions[29].parameters.seed,1
per_scenario[0].conditions[29].perturbation_ground_truth.cascaded_investigation_steps_removed,3
per_scenario[0].conditions[29].perturbation_ground_truth.dangling_references_after_omission.escalations_or_dispositions,0
per_scenario[0].conditions[29].perturbation_ground_truth.dangling_references_after_omission.investigation_steps,0
per_scenario[0].conditions[29].perturbation_ground_truth.eligible_records,16
per_scenario[0].conditions[29].perturbation_ground_truth.removed[0].row_index,0
per_scenario[0].conditions[29].perturbation_ground_truth.removed[1].row_index,2
per_scenario[0].conditions[29].perturbation_ground_truth.removed[2].row_index,1
per_scenario[0].conditions[29].perturbation_ground_truth.removed[3].row_index,0
per_scenario[0].conditions[29].perturbation_ground_truth.removed[4].row_index,2
per_scenario[0].conditions[29].perturbation_ground_truth.removed[5].row_index,3
per_scenario[0].conditions[29].perturbation_ground_truth.removed[6].row_index,1
per_scenario[0].conditions[29].perturbation_ground_truth.removed[7].row_index,2
per_scenario[0].conditions[29].recommendation_count,0
per_scenario[0].conditions[29].risk.total_score,5.0
per_scenario[0].conditions[29].traceability.evidence_reference_coverage,1.0
per_scenario[0].conditions[29].traceability.evidence_references,2
per_scenario[0].conditions[29].traceability.findings,1
per_scenario[0].conditions[29].traceability.findings_with_all_evidence_references_resolved,1
per_scenario[0].conditions[29].traceability.resolved_evidence_references,2
per_scenario[0].conditions[29].validation_matches_expected,true
per_scenario[0].conditions[29].validation_seconds,0.535718
per_scenario[0].conditions[29].validation_totals.accepted,9
per_scenario[0].conditions[29].validation_totals.received,9
per_scenario[0].conditions[29].validation_totals.rejected,0
per_scenario[0].conditions[29].validation_warning_count,5
per_scenario[0].conditions[30].analysis_seconds,0.40021
per_scenario[0].conditions[30].catalog_family_metrics.f1,null
per_scenario[0].conditions[30].catalog_family_metrics.fn,0
per_scenario[0].conditions[30].catalog_family_metrics.fp,0
per_scenario[0].conditions[30].catalog_family_metrics.precision,null
per_scenario[0].conditions[30].catalog_family_metrics.recall,null
per_scenario[0].conditions[30].catalog_family_metrics.tp,0
per_scenario[0].conditions[30].finding_count,1
per_scenario[0].conditions[30].paired_delta_vs_control.family_set_changed,false
per_scenario[0].conditions[30].paired_delta_vs_control.finding_count_change,1
per_scenario[0].conditions[30].parameters.rate,0.5
per_scenario[0].conditions[30].parameters.seed,2
per_scenario[0].conditions[30].perturbation_ground_truth.dangling_references_after_omission.escalations_or_dispositions,0
per_scenario[0].conditions[30].perturbation_ground_truth.dangling_references_after_omission.investigation_steps,0
per_scenario[0].conditions[30].perturbation_ground_truth.eligible_records,16
per_scenario[0].conditions[30].perturbation_ground_truth.removed[0].row_index,2
per_scenario[0].conditions[30].perturbation_ground_truth.removed[1].row_index,1
per_scenario[0].conditions[30].perturbation_ground_truth.removed[2].row_index,3
per_scenario[0].conditions[30].perturbation_ground_truth.removed[3].row_index,0
per_scenario[0].conditions[30].perturbation_ground_truth.removed[4].row_index,0
per_scenario[0].conditions[30].perturbation_ground_truth.removed[5].row_index,1
per_scenario[0].conditions[30].perturbation_ground_truth.removed[6].row_index,4
per_scenario[0].conditions[30].perturbation_ground_truth.removed[7].row_index,5
per_scenario[0].conditions[30].recommendation_count,0
per_scenario[0].conditions[30].risk.total_score,0.0
per_scenario[0].conditions[30].traceability.evidence_reference_coverage,null
per_scenario[0].conditions[30].traceability.evidence_references,0
per_scenario[0].conditions[30].traceability.findings,1
per_scenario[0].conditions[30].traceability.findings_with_all_evidence_references_resolved,0
per_scenario[0].conditions[30].traceability.resolved_evidence_references,0
per_scenario[0].conditions[30].validation_matches_expected,true
per_scenario[0].conditions[30].validation_seconds,0.473834
per_scenario[0].conditions[30].validation_totals.accepted,12
per_scenario[0].conditions[30].validation_totals.received,12
per_scenario[0].conditions[30].validation_totals.rejected,0
per_scenario[0].conditions[30].validation_warning_count,1
per_scenario[0].conditions[31].analysis_seconds,0.388438
per_scenario[0].conditions[31].catalog_family_metrics.f1,null
per_scenario[0].conditions[31].catalog_family_metrics.fn,0
per_scenario[0].conditions[31].catalog_family_metrics.fp,0
per_scenario[0].conditions[31].catalog_family_metrics.precision,null
per_scenario[0].conditions[31].catalog_family_metrics.recall,null
per_scenario[0].conditions[31].catalog_family_metrics.tp,0
per_scenario[0].conditions[31].finding_count,1
per_scenario[0].conditions[31].paired_delta_vs_control.family_set_changed,false
per_scenario[0].conditions[31].paired_delta_vs_control.finding_count_change,1
per_scenario[0].conditions[31].parameters.rate,0.5
per_scenario[0].conditions[31].parameters.seed,2
per_scenario[0].conditions[31].perturbation_ground_truth.cascaded_investigation_steps_removed,0
per_scenario[0].conditions[31].perturbation_ground_truth.dangling_references_after_omission.escalations_or_dispositions,0
per_scenario[0].conditions[31].perturbation_ground_truth.dangling_references_after_omission.investigation_steps,0
per_scenario[0].conditions[31].perturbation_ground_truth.eligible_records,16
per_scenario[0].conditions[31].perturbation_ground_truth.removed[0].row_index,2
per_scenario[0].conditions[31].perturbation_ground_truth.removed[1].row_index,1
per_scenario[0].conditions[31].perturbation_ground_truth.removed[2].row_index,3
per_scenario[0].conditions[31].perturbation_ground_truth.removed[3].row_index,0
per_scenario[0].conditions[31].perturbation_ground_truth.removed[4].row_index,0
per_scenario[0].conditions[31].perturbation_ground_truth.removed[5].row_index,1
per_scenario[0].conditions[31].perturbation_ground_truth.removed[6].row_index,4
per_scenario[0].conditions[31].perturbation_ground_truth.removed[7].row_index,5
per_scenario[0].conditions[31].recommendation_count,0
per_scenario[0].conditions[31].risk.total_score,0.0
per_scenario[0].conditions[31].traceability.evidence_reference_coverage,null
per_scenario[0].conditions[31].traceability.evidence_references,0
per_scenario[0].conditions[31].traceability.findings,1
per_scenario[0].conditions[31].traceability.findings_with_all_evidence_references_resolved,0
per_scenario[0].conditions[31].traceability.resolved_evidence_references,0
per_scenario[0].conditions[31].validation_matches_expected,true
per_scenario[0].conditions[31].validation_seconds,0.454427
per_scenario[0].conditions[31].validation_totals.accepted,12
per_scenario[0].conditions[31].validation_totals.received,12
per_scenario[0].conditions[31].validation_totals.rejected,0
per_scenario[0].conditions[31].validation_warning_count,1
per_scenario[0].conditions[32].paired_delta_vs_control,null
per_scenario[0].conditions[32].parameters.rate,0.5
per_scenario[0].conditions[32].parameters.seed,3
per_scenario[0].conditions[32].perturbation_ground_truth.dangling_references_after_omission.escalations_or_dispositions,0
per_scenario[0].conditions[32].perturbation_ground_truth.dangling_references_after_omission.investigation_steps,2
per_scenario[0].conditions[32].perturbation_ground_truth.eligible_records,16
per_scenario[0].conditions[32].perturbation_ground_truth.removed[0].row_index,0
per_scenario[0].conditions[32].perturbation_ground_truth.removed[1].row_index,1
per_scenario[0].conditions[32].perturbation_ground_truth.removed[2].row_index,0
per_scenario[0].conditions[32].perturbation_ground_truth.removed[3].row_index,1
per_scenario[0].conditions[32].perturbation_ground_truth.removed[4].row_index,2
per_scenario[0].conditions[32].perturbation_ground_truth.removed[5].row_index,3
per_scenario[0].conditions[32].perturbation_ground_truth.removed[6].row_index,1
per_scenario[0].conditions[32].perturbation_ground_truth.removed[7].row_index,5
per_scenario[0].conditions[32].validation_matches_expected,true
per_scenario[0].conditions[32].validation_seconds,0.573085
per_scenario[0].conditions[32].validation_totals.accepted,10
per_scenario[0].conditions[32].validation_totals.received,12
per_scenario[0].conditions[32].validation_totals.rejected,2
per_scenario[0].conditions[32].validation_warning_count,7
per_scenario[0].conditions[33].analysis_seconds,0.33069
per_scenario[0].conditions[33].catalog_family_metrics.f1,null
per_scenario[0].conditions[33].catalog_family_metrics.fn,0
per_scenario[0].conditions[33].catalog_family_metrics.fp,1
per_scenario[0].conditions[33].catalog_family_metrics.precision,0.0
per_scenario[0].conditions[33].catalog_family_metrics.recall,null
per_scenario[0].conditions[33].catalog_family_metrics.tp,0
per_scenario[0].conditions[33].finding_count,1
per_scenario[0].conditions[33].paired_delta_vs_control.family_set_changed,true
per_scenario[0].conditions[33].paired_delta_vs_control.finding_count_change,1
per_scenario[0].conditions[33].paired_delta_vs_control.risk_fields_changed.total_score.control,0.0
per_scenario[0].conditions[33].paired_delta_vs_control.risk_fields_changed.total_score.perturbed,5.0
per_scenario[0].conditions[33].parameters.rate,0.5
per_scenario[0].conditions[33].parameters.seed,3
per_scenario[0].conditions[33].perturbation_ground_truth.cascaded_investigation_steps_removed,2
per_scenario[0].conditions[33].perturbation_ground_truth.dangling_references_after_omission.escalations_or_dispositions,0
per_scenario[0].conditions[33].perturbation_ground_truth.dangling_references_after_omission.investigation_steps,0
per_scenario[0].conditions[33].perturbation_ground_truth.eligible_records,16
per_scenario[0].conditions[33].perturbation_ground_truth.removed[0].row_index,0
per_scenario[0].conditions[33].perturbation_ground_truth.removed[1].row_index,1
per_scenario[0].conditions[33].perturbation_ground_truth.removed[2].row_index,0
per_scenario[0].conditions[33].perturbation_ground_truth.removed[3].row_index,1
per_scenario[0].conditions[33].perturbation_ground_truth.removed[4].row_index,2
per_scenario[0].conditions[33].perturbation_ground_truth.removed[5].row_index,3
per_scenario[0].conditions[33].perturbation_ground_truth.removed[6].row_index,1
per_scenario[0].conditions[33].perturbation_ground_truth.removed[7].row_index,5
per_scenario[0].conditions[33].recommendation_count,0
per_scenario[0].conditions[33].risk.total_score,5.0
per_scenario[0].conditions[33].traceability.evidence_reference_coverage,1.0
per_scenario[0].conditions[33].traceability.evidence_references,3
per_scenario[0].conditions[33].traceability.findings,1
per_scenario[0].conditions[33].traceability.findings_with_all_evidence_references_resolved,1
per_scenario[0].conditions[33].traceability.resolved_evidence_references,3
per_scenario[0].conditions[33].validation_matches_expected,true
per_scenario[0].conditions[33].validation_seconds,0.553188
per_scenario[0].conditions[33].validation_totals.accepted,10
per_scenario[0].conditions[33].validation_totals.received,10
per_scenario[0].conditions[33].validation_totals.rejected,0
per_scenario[0].conditions[33].validation_warning_count,7
per_scenario[0].conditions[34].paired_delta_vs_control,null
per_scenario[0].conditions[34].parameters.rate,0.5
per_scenario[0].conditions[34].parameters.seed,4
per_scenario[0].conditions[34].perturbation_ground_truth.dangling_references_after_omission.escalations_or_dispositions,0
per_scenario[0].conditions[34].perturbation_ground_truth.dangling_references_after_omission.investigation_steps,2
per_scenario[0].conditions[34].perturbation_ground_truth.eligible_records,16
per_scenario[0].conditions[34].perturbation_ground_truth.removed[0].row_index,0
per_scenario[0].conditions[34].perturbation_ground_truth.removed[1].row_index,1
per_scenario[0].conditions[34].perturbation_ground_truth.removed[2].row_index,0
per_scenario[0].conditions[34].perturbation_ground_truth.removed[3].row_index,1
per_scenario[0].conditions[34].perturbation_ground_truth.removed[4].row_index,3
per_scenario[0].conditions[34].perturbation_ground_truth.removed[5].row_index,0
per_scenario[0].conditions[34].perturbation_ground_truth.removed[6].row_index,1
per_scenario[0].conditions[34].perturbation_ground_truth.removed[7].row_index,4
per_scenario[0].conditions[34].validation_matches_expected,true
per_scenario[0].conditions[34].validation_seconds,0.453343
per_scenario[0].conditions[34].validation_totals.accepted,10
per_scenario[0].conditions[34].validation_totals.received,12
per_scenario[0].conditions[34].validation_totals.rejected,2
per_scenario[0].conditions[34].validation_warning_count,5
per_scenario[0].conditions[35].analysis_seconds,0.593548
per_scenario[0].conditions[35].catalog_family_metrics.f1,null
per_scenario[0].conditions[35].catalog_family_metrics.fn,0
per_scenario[0].conditions[35].catalog_family_metrics.fp,1
per_scenario[0].conditions[35].catalog_family_metrics.precision,0.0
per_scenario[0].conditions[35].catalog_family_metrics.recall,null
per_scenario[0].conditions[35].catalog_family_metrics.tp,0
per_scenario[0].conditions[35].finding_count,2
per_scenario[0].conditions[35].paired_delta_vs_control.family_set_changed,true
per_scenario[0].conditions[35].paired_delta_vs_control.finding_count_change,2
per_scenario[0].conditions[35].paired_delta_vs_control.risk_fields_changed.total_score.control,0.0
per_scenario[0].conditions[35].paired_delta_vs_control.risk_fields_changed.total_score.perturbed,5.0
per_scenario[0].conditions[35].parameters.rate,0.5
per_scenario[0].conditions[35].parameters.seed,4
per_scenario[0].conditions[35].perturbation_ground_truth.cascaded_investigation_steps_removed,2
per_scenario[0].conditions[35].perturbation_ground_truth.dangling_references_after_omission.escalations_or_dispositions,0
per_scenario[0].conditions[35].perturbation_ground_truth.dangling_references_after_omission.investigation_steps,0
per_scenario[0].conditions[35].perturbation_ground_truth.eligible_records,16
per_scenario[0].conditions[35].perturbation_ground_truth.removed[0].row_index,0
per_scenario[0].conditions[35].perturbation_ground_truth.removed[1].row_index,1
per_scenario[0].conditions[35].perturbation_ground_truth.removed[2].row_index,0
per_scenario[0].conditions[35].perturbation_ground_truth.removed[3].row_index,1
per_scenario[0].conditions[35].perturbation_ground_truth.removed[4].row_index,3
per_scenario[0].conditions[35].perturbation_ground_truth.removed[5].row_index,0
per_scenario[0].conditions[35].perturbation_ground_truth.removed[6].row_index,1
per_scenario[0].conditions[35].perturbation_ground_truth.removed[7].row_index,4
per_scenario[0].conditions[35].recommendation_count,0
per_scenario[0].conditions[35].risk.total_score,5.0
per_scenario[0].conditions[35].traceability.evidence_reference_coverage,1.0
per_scenario[0].conditions[35].traceability.evidence_references,3
per_scenario[0].conditions[35].traceability.findings,2
per_scenario[0].conditions[35].traceability.findings_with_all_evidence_references_resolved,1
per_scenario[0].conditions[35].traceability.resolved_evidence_references,3
per_scenario[0].conditions[35].validation_matches_expected,true
per_scenario[0].conditions[35].validation_seconds,0.460006
per_scenario[0].conditions[35].validation_totals.accepted,10
per_scenario[0].conditions[35].validation_totals.received,10
per_scenario[0].conditions[35].validation_totals.rejected,0
per_scenario[0].conditions[35].validation_warning_count,5
per_scenario[0].conditions[36].paired_delta_vs_control,null
per_scenario[0].conditions[36].perturbation_ground_truth.byte_identical,true
per_scenario[0].conditions[36].validation_matches_expected,true
per_scenario[0].conditions[36].validation_seconds,0.536134
per_scenario[0].conditions[36].validation_totals.accepted,0
per_scenario[0].conditions[36].validation_totals.received,21
per_scenario[0].conditions[36].validation_totals.rejected,1
per_scenario[0].conditions[36].validation_warning_count,0
per_scenario[0].conditions[37].paired_delta_vs_control,null
per_scenario[0].conditions[37].validation_matches_expected,true
per_scenario[0].conditions[37].validation_seconds,0.489975
per_scenario[0].conditions[37].validation_totals.accepted,20
per_scenario[0].conditions[37].validation_totals.received,21
per_scenario[0].conditions[37].validation_totals.rejected,1
per_scenario[0].conditions[37].validation_warning_count,0
per_scenario[0].conditions[38].paired_delta_vs_control,null
per_scenario[0].conditions[38].perturbation_ground_truth.byte_identical,true
per_scenario[0].conditions[38].validation_matches_expected,true
per_scenario[0].conditions[38].validation_seconds,0.536317
per_scenario[0].conditions[38].validation_totals.accepted,0
per_scenario[0].conditions[38].validation_totals.received,21
per_scenario[0].conditions[38].validation_totals.rejected,1
per_scenario[0].conditions[38].validation_warning_count,0
per_scenario[0].conditions[39].paired_delta_vs_control,null
per_scenario[0].conditions[39].validation_matches_expected,true
per_scenario[0].conditions[39].validation_seconds,0.536859
per_scenario[0].conditions[39].validation_totals.accepted,20
per_scenario[0].conditions[39].validation_totals.received,21
per_scenario[0].conditions[39].validation_totals.rejected,1
per_scenario[0].conditions[39].validation_warning_count,0
per_scenario[0].conditions[40].paired_delta_vs_control,null
per_scenario[0].conditions[40].perturbation_ground_truth.byte_identical,true
per_scenario[0].conditions[40].validation_matches_expected,true
per_scenario[0].conditions[40].validation_seconds,0.530489
per_scenario[0].conditions[40].validation_totals.accepted,0
per_scenario[0].conditions[40].validation_totals.received,21
per_scenario[0].conditions[40].validation_totals.rejected,1
per_scenario[0].conditions[40].validation_warning_count,0
per_scenario[0].conditions[41].analysis_seconds,0.494142
per_scenario[0].conditions[41].catalog_family_metrics.f1,null
per_scenario[0].conditions[41].catalog_family_metrics.fn,0
per_scenario[0].conditions[41].catalog_family_metrics.fp,1
per_scenario[0].conditions[41].catalog_family_metrics.precision,0.0
per_scenario[0].conditions[41].catalog_family_metrics.recall,null
per_scenario[0].conditions[41].catalog_family_metrics.tp,0
per_scenario[0].conditions[41].finding_count,1
per_scenario[0].conditions[41].paired_delta_vs_control.family_set_changed,true
per_scenario[0].conditions[41].paired_delta_vs_control.finding_count_change,1
per_scenario[0].conditions[41].paired_delta_vs_control.risk_fields_changed.total_score.control,0.0
per_scenario[0].conditions[41].paired_delta_vs_control.risk_fields_changed.total_score.perturbed,5.62
per_scenario[0].conditions[41].perturbation_ground_truth.sequence_offset,100
per_scenario[0].conditions[41].recommendation_count,0
per_scenario[0].conditions[41].risk.total_score,5.62
per_scenario[0].conditions[41].traceability.evidence_reference_coverage,1.0
per_scenario[0].conditions[41].traceability.evidence_references,1
per_scenario[0].conditions[41].traceability.findings,1
per_scenario[0].conditions[41].traceability.findings_with_all_evidence_references_resolved,1
per_scenario[0].conditions[41].traceability.resolved_evidence_references,1
per_scenario[0].conditions[41].validation_matches_expected,true
per_scenario[0].conditions[41].validation_seconds,0.533856
per_scenario[0].conditions[41].validation_totals.accepted,21
per_scenario[0].conditions[41].validation_totals.received,21
per_scenario[0].conditions[41].validation_totals.rejected,0
per_scenario[0].conditions[41].validation_warning_count,0
per_scenario[0].conditions[42].analysis_seconds,0.363894
per_scenario[0].conditions[42].catalog_family_metrics.f1,null
per_scenario[0].conditions[42].catalog_family_metrics.fn,0
per_scenario[0].conditions[42].catalog_family_metrics.fp,0
per_scenario[0].conditions[42].catalog_family_metrics.precision,null
per_scenario[0].conditions[42].catalog_family_metrics.recall,null
per_scenario[0].conditions[42].catalog_family_metrics.tp,0
per_scenario[0].conditions[42].finding_count,0
per_scenario[0].conditions[42].paired_delta_vs_control.family_set_changed,false
per_scenario[0].conditions[42].paired_delta_vs_control.finding_count_change,0
per_scenario[0].conditions[42].recommendation_count,0
per_scenario[0].conditions[42].risk.total_score,0.0
per_scenario[0].conditions[42].traceability.evidence_reference_coverage,null
per_scenario[0].conditions[42].traceability.evidence_references,0
per_scenario[0].conditions[42].traceability.findings,0
per_scenario[0].conditions[42].traceability.findings_with_all_evidence_references_resolved,0
per_scenario[0].conditions[42].traceability.resolved_evidence_references,0
per_scenario[0].conditions[42].validation_matches_expected,true
per_scenario[0].conditions[42].validation_seconds,0.544449
per_scenario[0].conditions[42].validation_totals.accepted,21
per_scenario[0].conditions[42].validation_totals.received,21
per_scenario[0].conditions[42].validation_totals.rejected,0
per_scenario[0].conditions[42].validation_warning_count,0
per_scenario[0].conditions[43].paired_delta_vs_control,null
per_scenario[0].conditions[43].validation_matches_expected,true
per_scenario[0].conditions[43].validation_seconds,0.517269
per_scenario[0].conditions[43].validation_totals.accepted,19
per_scenario[0].conditions[43].validation_totals.received,20
per_scenario[0].conditions[43].validation_totals.rejected,1
per_scenario[0].conditions[43].validation_warning_count,3
per_scenario[0].conditions[44].paired_delta_vs_control,null
per_scenario[0].conditions[44].validation_matches_expected,true
per_scenario[0].conditions[44].validation_seconds,0.551926
per_scenario[0].conditions[44].validation_totals.accepted,19
per_scenario[0].conditions[44].validation_totals.received,20
per_scenario[0].conditions[44].validation_totals.rejected,1
per_scenario[0].conditions[44].validation_warning_count,3
per_scenario[0].conditions[45].paired_delta_vs_control,null
per_scenario[0].conditions[45].validation_matches_expected,true
per_scenario[0].conditions[45].validation_seconds,0.524034
per_scenario[0].conditions[45].validation_totals.accepted,0
per_scenario[0].conditions[45].validation_totals.received,16
per_scenario[0].conditions[45].validation_totals.rejected,0
per_scenario[0].conditions[45].validation_warning_count,0
per_scenario[0].conditions[46].analysis_seconds,0.24305
per_scenario[0].conditions[46].catalog_family_metrics.f1,null
per_scenario[0].conditions[46].catalog_family_metrics.fn,0
per_scenario[0].conditions[46].catalog_family_metrics.fp,0
per_scenario[0].conditions[46].catalog_family_metrics.precision,null
per_scenario[0].conditions[46].catalog_family_metrics.recall,null
per_scenario[0].conditions[46].catalog_family_metrics.tp,0
per_scenario[0].conditions[46].expected_validation,null
per_scenario[0].conditions[46].finding_count,0
per_scenario[0].conditions[46].paired_delta_vs_control.family_set_changed,false
per_scenario[0].conditions[46].paired_delta_vs_control.finding_count_change,0
per_scenario[0].conditions[46].parameters.shift_seconds,-87400.0
per_scenario[0].conditions[46].perturbation_ground_truth.shift_seconds,-87400.0
per_scenario[0].conditions[46].recommendation_count,0
per_scenario[0].conditions[46].risk.total_score,0.0
per_scenario[0].conditions[46].traceability.evidence_reference_coverage,null
per_scenario[0].conditions[46].traceability.evidence_references,0
per_scenario[0].conditions[46].traceability.findings,0
per_scenario[0].conditions[46].traceability.findings_with_all_evidence_references_resolved,0
per_scenario[0].conditions[46].traceability.resolved_evidence_references,0
per_scenario[0].conditions[46].validation_matches_expected,null
per_scenario[0].conditions[46].validation_seconds,0.50696
per_scenario[0].conditions[46].validation_totals.accepted,20
per_scenario[0].conditions[46].validation_totals.received,20
per_scenario[0].conditions[46].validation_totals.rejected,0
per_scenario[0].conditions[46].validation_warning_count,0
per_scenario[0].conditions[47].analysis_seconds,0.415797
per_scenario[0].conditions[47].catalog_family_metrics.f1,null
per_scenario[0].conditions[47].catalog_family_metrics.fn,0
per_scenario[0].conditions[47].catalog_family_metrics.fp,0
per_scenario[0].conditions[47].catalog_family_metrics.precision,null
per_scenario[0].conditions[47].catalog_family_metrics.recall,null
per_scenario[0].conditions[47].catalog_family_metrics.tp,0
per_scenario[0].conditions[47].expected_validation,null
per_scenario[0].conditions[47].finding_count,0
per_scenario[0].conditions[47].paired_delta_vs_control.family_set_changed,false
per_scenario[0].conditions[47].paired_delta_vs_control.finding_count_change,0
per_scenario[0].conditions[47].parameters.shift_seconds,-3456000.0
per_scenario[0].conditions[47].perturbation_ground_truth.shift_seconds,-3456000.0
per_scenario[0].conditions[47].recommendation_count,0
per_scenario[0].conditions[47].risk.total_score,0.0
per_scenario[0].conditions[47].traceability.evidence_reference_coverage,null
per_scenario[0].conditions[47].traceability.evidence_references,0
per_scenario[0].conditions[47].traceability.findings,0
per_scenario[0].conditions[47].traceability.findings_with_all_evidence_references_resolved,0
per_scenario[0].conditions[47].traceability.resolved_evidence_references,0
per_scenario[0].conditions[47].validation_matches_expected,null
per_scenario[0].conditions[47].validation_seconds,0.470422
per_scenario[0].conditions[47].validation_totals.accepted,20
per_scenario[0].conditions[47].validation_totals.received,20
per_scenario[0].conditions[47].validation_totals.rejected,0
per_scenario[0].conditions[47].validation_warning_count,0
per_scenario[0].conditions[48].analysis_seconds,0.622951
per_scenario[0].conditions[48].catalog_family_metrics.f1,null
per_scenario[0].conditions[48].catalog_family_metrics.fn,0
per_scenario[0].conditions[48].catalog_family_metrics.fp,0
per_scenario[0].conditions[48].catalog_family_metrics.precision,null
per_scenario[0].conditions[48].catalog_family_metrics.recall,null
per_scenario[0].conditions[48].catalog_family_metrics.tp,0
per_scenario[0].conditions[48].expected_validation,null
per_scenario[0].conditions[48].finding_count,0
per_scenario[0].conditions[48].paired_delta_vs_control.family_set_changed,false
per_scenario[0].conditions[48].paired_delta_vs_control.finding_count_change,0
per_scenario[0].conditions[48].parameters.shift_seconds,2677400.0
per_scenario[0].conditions[48].perturbation_ground_truth.shift_seconds,2677400.0
per_scenario[0].conditions[48].recommendation_count,0
per_scenario[0].conditions[48].risk.total_score,0.0
per_scenario[0].conditions[48].traceability.evidence_reference_coverage,null
per_scenario[0].conditions[48].traceability.evidence_references,0
per_scenario[0].conditions[48].traceability.findings,0
per_scenario[0].conditions[48].traceability.findings_with_all_evidence_references_resolved,0
per_scenario[0].conditions[48].traceability.resolved_evidence_references,0
per_scenario[0].conditions[48].validation_matches_expected,null
per_scenario[0].conditions[48].validation_seconds,0.469341
per_scenario[0].conditions[48].validation_totals.accepted,20
per_scenario[0].conditions[48].validation_totals.received,20
per_scenario[0].conditions[48].validation_totals.rejected,0
per_scenario[0].conditions[48].validation_warning_count,0
per_scenario[0].conditions[49].analysis_seconds,0.269183
per_scenario[0].conditions[49].catalog_family_metrics.f1,null
per_scenario[0].conditions[49].catalog_family_metrics.fn,0
per_scenario[0].conditions[49].catalog_family_metrics.fp,0
per_scenario[0].conditions[49].catalog_family_metrics.precision,null
per_scenario[0].conditions[49].catalog_family_metrics.recall,null
per_scenario[0].conditions[49].catalog_family_metrics.tp,0
per_scenario[0].conditions[49].finding_count,0
per_scenario[0].conditions[49].paired_delta_vs_control.family_set_changed,false
per_scenario[0].conditions[49].paired_delta_vs_control.finding_count_change,0
per_scenario[0].conditions[49].recommendation_count,0
per_scenario[0].conditions[49].risk.total_score,0.0
per_scenario[0].conditions[49].traceability.evidence_reference_coverage,null
per_scenario[0].conditions[49].traceability.evidence_references,0
per_scenario[0].conditions[49].traceability.findings,0
per_scenario[0].conditions[49].traceability.findings_with_all_evidence_references_resolved,0
per_scenario[0].conditions[49].traceability.resolved_evidence_references,0
per_scenario[0].conditions[49].validation_matches_expected,true
per_scenario[0].conditions[49].validation_seconds,0.444634
per_scenario[0].conditions[49].validation_totals.accepted,21
per_scenario[0].conditions[49].validation_totals.received,21
per_scenario[0].conditions[49].validation_totals.rejected,0
per_scenario[0].conditions[49].validation_warning_count,0
per_scenario[0].conditions[50].analysis_seconds,0.251954
per_scenario[0].conditions[50].catalog_family_metrics.f1,null
per_scenario[0].conditions[50].catalog_family_metrics.fn,0
per_scenario[0].conditions[50].catalog_family_metrics.fp,0
per_scenario[0].conditions[50].catalog_family_metrics.precision,null
per_scenario[0].conditions[50].catalog_family_metrics.recall,null
per_scenario[0].conditions[50].catalog_family_metrics.tp,0
per_scenario[0].conditions[50].finding_count,0
per_scenario[0].conditions[50].paired_delta_vs_control.family_set_changed,false
per_scenario[0].conditions[50].paired_delta_vs_control.finding_count_change,0
per_scenario[0].conditions[50].recommendation_count,0
per_scenario[0].conditions[50].risk.total_score,0.0
per_scenario[0].conditions[50].traceability.evidence_reference_coverage,null
per_scenario[0].conditions[50].traceability.evidence_references,0
per_scenario[0].conditions[50].traceability.findings,0
per_scenario[0].conditions[50].traceability.findings_with_all_evidence_references_resolved,0
per_scenario[0].conditions[50].traceability.resolved_evidence_references,0
per_scenario[0].conditions[50].validation_matches_expected,true
per_scenario[0].conditions[50].validation_seconds,0.536333
per_scenario[0].conditions[50].validation_totals.accepted,20
per_scenario[0].conditions[50].validation_totals.received,20
per_scenario[0].conditions[50].validation_totals.rejected,0
per_scenario[0].conditions[50].validation_warning_count,0
per_scenario[0].conditions[51].analysis_seconds,0.457906
per_scenario[0].conditions[51].catalog_family_metrics.f1,null
per_scenario[0].conditions[51].catalog_family_metrics.fn,0
per_scenario[0].conditions[51].catalog_family_metrics.fp,1
per_scenario[0].conditions[51].catalog_family_metrics.precision,0.0
per_scenario[0].conditions[51].catalog_family_metrics.recall,null
per_scenario[0].conditions[51].catalog_family_metrics.tp,0
per_scenario[0].conditions[51].finding_count,1
per_scenario[0].conditions[51].paired_delta_vs_control.family_set_changed,true
per_scenario[0].conditions[51].paired_delta_vs_control.finding_count_change,1
per_scenario[0].conditions[51].paired_delta_vs_control.risk_fields_changed.total_score.control,0.0
per_scenario[0].conditions[51].paired_delta_vs_control.risk_fields_changed.total_score.perturbed,6.18
per_scenario[0].conditions[51].perturbation_ground_truth.removed_steps,3
per_scenario[0].conditions[51].recommendation_count,0
per_scenario[0].conditions[51].risk.total_score,6.18
per_scenario[0].conditions[51].traceability.evidence_reference_coverage,1.0
per_scenario[0].conditions[51].traceability.evidence_references,1
per_scenario[0].conditions[51].traceability.findings,1
per_scenario[0].conditions[51].traceability.findings_with_all_evidence_references_resolved,1
per_scenario[0].conditions[51].traceability.resolved_evidence_references,1
per_scenario[0].conditions[51].validation_matches_expected,true
per_scenario[0].conditions[51].validation_seconds,0.530599
per_scenario[0].conditions[51].validation_totals.accepted,17
per_scenario[0].conditions[51].validation_totals.received,17
per_scenario[0].conditions[51].validation_totals.rejected,0
per_scenario[0].conditions[51].validation_warning_count,0
per_scenario[0].conditions[52].paired_delta_vs_control,null
per_scenario[0].conditions[52].perturbation_ground_truth.closed_at,1735693300.0
per_scenario[0].conditions[52].validation_matches_expected,true
per_scenario[0].conditions[52].validation_seconds,0.544757
per_scenario[0].conditions[52].validation_totals.accepted,16
per_scenario[0].conditions[52].validation_totals.received,20
per_scenario[0].conditions[52].validation_totals.rejected,4
per_scenario[0].conditions[52].validation_warning_count,3
per_scenario[0].control_vs_catalog.f1,null
per_scenario[0].control_vs_catalog.fn,0
per_scenario[0].control_vs_catalog.fp,0
per_scenario[0].control_vs_catalog.precision,null
per_scenario[0].control_vs_catalog.recall,null
per_scenario[0].control_vs_catalog.tp,0
per_scenario[1].conditions[0].analysis_seconds,0.799713
per_scenario[1].conditions[0].catalog_family_metrics.f1,0.6667
per_scenario[1].conditions[0].catalog_family_metrics.fn,0
per_scenario[1].conditions[0].catalog_family_metrics.fp,1
per_scenario[1].conditions[0].catalog_family_metrics.precision,0.5
per_scenario[1].conditions[0].catalog_family_metrics.recall,1.0
per_scenario[1].conditions[0].catalog_family_metrics.tp,1
per_scenario[1].conditions[0].finding_count,2
per_scenario[1].conditions[0].recommendation_count,0
per_scenario[1].conditions[0].risk.total_score,14.92
per_scenario[1].conditions[0].traceability.evidence_reference_coverage,1.0
per_scenario[1].conditions[0].traceability.evidence_references,4
per_scenario[1].conditions[0].traceability.findings,2
per_scenario[1].conditions[0].traceability.findings_with_all_evidence_references_resolved,2
per_scenario[1].conditions[0].traceability.resolved_evidence_references,4
per_scenario[1].conditions[0].validation_matches_expected,true
per_scenario[1].conditions[0].validation_seconds,0.640227
per_scenario[1].conditions[0].validation_totals.accepted,14
per_scenario[1].conditions[0].validation_totals.received,14
per_scenario[1].conditions[0].validation_totals.rejected,0
per_scenario[1].conditions[0].validation_warning_count,0
per_scenario[1].conditions[1].paired_delta_vs_control,null
per_scenario[1].conditions[1].perturbation_ground_truth.dangling_references_after_omission.escalations_or_dispositions,0
per_scenario[1].conditions[1].perturbation_ground_truth.dangling_references_after_omission.investigation_steps,3
per_scenario[1].conditions[1].perturbation_ground_truth.omitted_records,1
per_scenario[1].conditions[1].validation_matches_expected,true
per_scenario[1].conditions[1].validation_seconds,0.452134
per_scenario[1].conditions[1].validation_totals.accepted,10
per_scenario[1].conditions[1].validation_totals.received,13
per_scenario[1].conditions[1].validation_totals.rejected,3
per_scenario[1].conditions[1].validation_warning_count,9
per_scenario[1].conditions[2].analysis_seconds,1.221409
per_scenario[1].conditions[2].catalog_family_metrics.f1,0.5
per_scenario[1].conditions[2].catalog_family_metrics.fn,0
per_scenario[1].conditions[2].catalog_family_metrics.fp,2
per_scenario[1].conditions[2].catalog_family_metrics.precision,0.3333
per_scenario[1].conditions[2].catalog_family_metrics.recall,1.0
per_scenario[1].conditions[2].catalog_family_metrics.tp,1
per_scenario[1].conditions[2].finding_count,4
per_scenario[1].conditions[2].paired_delta_vs_control.family_set_changed,true
per_scenario[1].conditions[2].paired_delta_vs_control.finding_count_change,2
per_scenario[1].conditions[2].paired_delta_vs_control.risk_fields_changed.total_score.control,14.92
per_scenario[1].conditions[2].paired_delta_vs_control.risk_fields_changed.total_score.perturbed,17.6
per_scenario[1].conditions[2].perturbation_ground_truth.dangling_references_after_omission.escalations_or_dispositions,0
per_scenario[1].conditions[2].perturbation_ground_truth.dangling_references_after_omission.investigation_steps,0
per_scenario[1].conditions[2].perturbation_ground_truth.omitted_records,3
per_scenario[1].conditions[2].recommendation_count,0
per_scenario[1].conditions[2].risk.total_score,17.6
per_scenario[1].conditions[2].traceability.evidence_reference_coverage,1.0
per_scenario[1].conditions[2].traceability.evidence_references,7
per_scenario[1].conditions[2].traceability.findings,4
per_scenario[1].conditions[2].traceability.findings_with_all_evidence_references_resolved,3
per_scenario[1].conditions[2].traceability.resolved_evidence_references,7
per_scenario[1].conditions[2].validation_matches_expected,true
per_scenario[1].conditions[2].validation_seconds,0.419323
per_scenario[1].conditions[2].validation_totals.accepted,11
per_scenario[1].conditions[2].validation_totals.received,11
per_scenario[1].conditions[2].validation_totals.rejected,0
per_scenario[1].conditions[2].validation_warning_count,0
per_scenario[1].conditions[3].analysis_seconds,1.117664
per_scenario[1].conditions[3].catalog_family_metrics.f1,0.4
per_scenario[1].conditions[3].catalog_family_metrics.fn,0
per_scenario[1].conditions[3].catalog_family_metrics.fp,3
per_scenario[1].conditions[3].catalog_family_metrics.precision,0.25
per_scenario[1].conditions[3].catalog_family_metrics.recall,1.0
per_scenario[1].conditions[3].catalog_family_metrics.tp,1
per_scenario[1].conditions[3].finding_count,5
per_scenario[1].conditions[3].paired_delta_vs_control.family_set_changed,true
per_scenario[1].conditions[3].paired_delta_vs_control.finding_count_change,3
per_scenario[1].conditions[3].paired_delta_vs_control.risk_fields_changed.total_score.control,14.92
per_scenario[1].conditions[3].paired_delta_vs_control.risk_fields_changed.total_score.perturbed,17.38
per_scenario[1].conditions[3].perturbation_ground_truth.dangling_references_after_omission.escalations_or_dispositions,0
per_scenario[1].conditions[3].perturbation_ground_truth.dangling_references_after_omission.investigation_steps,0
per_scenario[1].conditions[3].perturbation_ground_truth.omitted_records,3
per_scenario[1].conditions[3].recommendation_count,0
per_scenario[1].conditions[3].risk.total_score,17.38
per_scenario[1].conditions[3].traceability.evidence_reference_coverage,1.0
per_scenario[1].conditions[3].traceability.evidence_references,10
per_scenario[1].conditions[3].traceability.findings,5
per_scenario[1].conditions[3].traceability.findings_with_all_evidence_references_resolved,4
per_scenario[1].conditions[3].traceability.resolved_evidence_references,10
per_scenario[1].conditions[3].validation_matches_expected,true
per_scenario[1].conditions[3].validation_seconds,0.489581
per_scenario[1].conditions[3].validation_totals.accepted,11
per_scenario[1].conditions[3].validation_totals.received,11
per_scenario[1].conditions[3].validation_totals.rejected,0
per_scenario[1].conditions[3].validation_warning_count,0
per_scenario[1].conditions[4].analysis_seconds,1.298011
per_scenario[1].conditions[4].catalog_family_metrics.f1,0.6667
per_scenario[1].conditions[4].catalog_family_metrics.fn,0
per_scenario[1].conditions[4].catalog_family_metrics.fp,1
per_scenario[1].conditions[4].catalog_family_metrics.precision,0.5
per_scenario[1].conditions[4].catalog_family_metrics.recall,1.0
per_scenario[1].conditions[4].catalog_family_metrics.tp,1
per_scenario[1].conditions[4].finding_count,3
per_scenario[1].conditions[4].paired_delta_vs_control.family_set_changed,false
per_scenario[1].conditions[4].paired_delta_vs_control.finding_count_change,1
per_scenario[1].conditions[4].perturbation_ground_truth.dangling_references_after_omission.escalations_or_dispositions,0
per_scenario[1].conditions[4].perturbation_ground_truth.dangling_references_after_omission.investigation_steps,0
per_scenario[1].conditions[4].perturbation_ground_truth.omitted_records,3
per_scenario[1].conditions[4].recommendation_count,0
per_scenario[1].conditions[4].risk.total_score,14.92
per_scenario[1].conditions[4].traceability.evidence_reference_coverage,1.0
per_scenario[1].conditions[4].traceability.evidence_references,4
per_scenario[1].conditions[4].traceability.findings,3
per_scenario[1].conditions[4].traceability.findings_with_all_evidence_references_resolved,2
per_scenario[1].conditions[4].traceability.resolved_evidence_references,4
per_scenario[1].conditions[4].validation_matches_expected,true
per_scenario[1].conditions[4].validation_seconds,0.476691
per_scenario[1].conditions[4].validation_totals.accepted,11
per_scenario[1].conditions[4].validation_totals.received,11
per_scenario[1].conditions[4].validation_totals.rejected,0
per_scenario[1].conditions[4].validation_warning_count,0
per_scenario[1].conditions[5].analysis_seconds,1.139282
per_scenario[1].conditions[5].catalog_family_metrics.f1,0.6667
per_scenario[1].conditions[5].catalog_family_metrics.fn,0
per_scenario[1].conditions[5].catalog_family_metrics.fp,1
per_scenario[1].conditions[5].catalog_family_metrics.precision,0.5
per_scenario[1].conditions[5].catalog_family_metrics.recall,1.0
per_scenario[1].conditions[5].catalog_family_metrics.tp,1
per_scenario[1].conditions[5].finding_count,3
per_scenario[1].conditions[5].paired_delta_vs_control.family_set_changed,false
per_scenario[1].conditions[5].paired_delta_vs_control.finding_count_change,1
per_scenario[1].conditions[5].perturbation_ground_truth.dangling_references_after_omission.escalations_or_dispositions,0
per_scenario[1].conditions[5].perturbation_ground_truth.dangling_references_after_omission.investigation_steps,0
per_scenario[1].conditions[5].perturbation_ground_truth.omitted_records,1
per_scenario[1].conditions[5].recommendation_count,0
per_scenario[1].conditions[5].risk.total_score,14.92
per_scenario[1].conditions[5].traceability.evidence_reference_coverage,1.0
per_scenario[1].conditions[5].traceability.evidence_references,4
per_scenario[1].conditions[5].traceability.findings,3
per_scenario[1].conditions[5].traceability.findings_with_all_evidence_references_resolved,2
per_scenario[1].conditions[5].traceability.resolved_evidence_references,4
per_scenario[1].conditions[5].validation_matches_expected,true
per_scenario[1].conditions[5].validation_seconds,0.471505
per_scenario[1].conditions[5].validation_totals.accepted,13
per_scenario[1].conditions[5].validation_totals.received,13
per_scenario[1].conditions[5].validation_totals.rejected,0
per_scenario[1].conditions[5].validation_warning_count,3
per_scenario[1].conditions[6].analysis_seconds,0.694045
per_scenario[1].conditions[6].catalog_family_metrics.f1,0.6667
per_scenario[1].conditions[6].catalog_family_metrics.fn,0
per_scenario[1].conditions[6].catalog_family_metrics.fp,1
per_scenario[1].conditions[6].catalog_family_metrics.precision,0.5
per_scenario[1].conditions[6].catalog_family_metrics.recall,1.0
per_scenario[1].conditions[6].catalog_family_metrics.tp,1
per_scenario[1].conditions[6].finding_count,2
per_scenario[1].conditions[6].paired_delta_vs_control.family_set_changed,false
per_scenario[1].conditions[6].paired_delta_vs_control.finding_count_change,0
per_scenario[1].conditions[6].parameters.rate,0.1
per_scenario[1].conditions[6].parameters.seed,0
per_scenario[1].conditions[6].perturbation_ground_truth.dangling_references_after_omission.escalations_or_dispositions,0
per_scenario[1].conditions[6].perturbation_ground_truth.dangling_references_after_omission.investigation_steps,0
per_scenario[1].conditions[6].perturbation_ground_truth.eligible_records,11
per_scenario[1].conditions[6].perturbation_ground_truth.removed[0].row_index,1
per_scenario[1].conditions[6].recommendation_count,0
per_scenario[1].conditions[6].risk.total_score,14.92
per_scenario[1].conditions[6].traceability.evidence_reference_coverage,1.0
per_scenario[1].conditions[6].traceability.evidence_references,4
per_scenario[1].conditions[6].traceability.findings,2
per_scenario[1].conditions[6].traceability.findings_with_all_evidence_references_resolved,2
per_scenario[1].conditions[6].traceability.resolved_evidence_references,4
per_scenario[1].conditions[6].validation_matches_expected,true
per_scenario[1].conditions[6].validation_seconds,0.558257
per_scenario[1].conditions[6].validation_totals.accepted,13
per_scenario[1].conditions[6].validation_totals.received,13
per_scenario[1].conditions[6].validation_totals.rejected,0
per_scenario[1].conditions[6].validation_warning_count,0
per_scenario[1].conditions[7].analysis_seconds,0.630614
per_scenario[1].conditions[7].catalog_family_metrics.f1,0.6667
per_scenario[1].conditions[7].catalog_family_metrics.fn,0
per_scenario[1].conditions[7].catalog_family_metrics.fp,1
per_scenario[1].conditions[7].catalog_family_metrics.precision,0.5
per_scenario[1].conditions[7].catalog_family_metrics.recall,1.0
per_scenario[1].conditions[7].catalog_family_metrics.tp,1
per_scenario[1].conditions[7].finding_count,2
per_scenario[1].conditions[7].paired_delta_vs_control.family_set_changed,false
per_scenario[1].conditions[7].paired_delta_vs_control.finding_count_change,0
per_scenario[1].conditions[7].parameters.rate,0.1
per_scenario[1].conditions[7].parameters.seed,0
per_scenario[1].conditions[7].perturbation_ground_truth.cascaded_investigation_steps_removed,0
per_scenario[1].conditions[7].perturbation_ground_truth.dangling_references_after_omission.escalations_or_dispositions,0
per_scenario[1].conditions[7].perturbation_ground_truth.dangling_references_after_omission.investigation_steps,0
per_scenario[1].conditions[7].perturbation_ground_truth.eligible_records,11
per_scenario[1].conditions[7].perturbation_ground_truth.removed[0].row_index,1
per_scenario[1].conditions[7].recommendation_count,0
per_scenario[1].conditions[7].risk.total_score,14.92
per_scenario[1].conditions[7].traceability.evidence_reference_coverage,1.0
per_scenario[1].conditions[7].traceability.evidence_references,4
per_scenario[1].conditions[7].traceability.findings,2
per_scenario[1].conditions[7].traceability.findings_with_all_evidence_references_resolved,2
per_scenario[1].conditions[7].traceability.resolved_evidence_references,4
per_scenario[1].conditions[7].validation_matches_expected,true
per_scenario[1].conditions[7].validation_seconds,0.577477
per_scenario[1].conditions[7].validation_totals.accepted,13
per_scenario[1].conditions[7].validation_totals.received,13
per_scenario[1].conditions[7].validation_totals.rejected,0
per_scenario[1].conditions[7].validation_warning_count,0
per_scenario[1].conditions[8].analysis_seconds,0.616963
per_scenario[1].conditions[8].catalog_family_metrics.f1,0.6667
per_scenario[1].conditions[8].catalog_family_metrics.fn,0
per_scenario[1].conditions[8].catalog_family_metrics.fp,1
per_scenario[1].conditions[8].catalog_family_metrics.precision,0.5
per_scenario[1].conditions[8].catalog_family_metrics.recall,1.0
per_scenario[1].conditions[8].catalog_family_metrics.tp,1
per_scenario[1].conditions[8].finding_count,2
per_scenario[1].conditions[8].paired_delta_vs_control.family_set_changed,false
per_scenario[1].conditions[8].paired_delta_vs_control.finding_count_change,0
per_scenario[1].conditions[8].parameters.rate,0.1
per_scenario[1].conditions[8].parameters.seed,1
per_scenario[1].conditions[8].perturbation_ground_truth.dangling_references_after_omission.escalations_or_dispositions,0
per_scenario[1].conditions[8].perturbation_ground_truth.dangling_references_after_omission.investigation_steps,0
per_scenario[1].conditions[8].perturbation_ground_truth.eligible_records,11
per_scenario[1].conditions[8].perturbation_ground_truth.removed[0].row_index,1
per_scenario[1].conditions[8].recommendation_count,0
per_scenario[1].conditions[8].risk.total_score,14.92
per_scenario[1].conditions[8].traceability.evidence_reference_coverage,1.0
per_scenario[1].conditions[8].traceability.evidence_references,4
per_scenario[1].conditions[8].traceability.findings,2
per_scenario[1].conditions[8].traceability.findings_with_all_evidence_references_resolved,2
per_scenario[1].conditions[8].traceability.resolved_evidence_references,4
per_scenario[1].conditions[8].validation_matches_expected,true
per_scenario[1].conditions[8].validation_seconds,0.520069
per_scenario[1].conditions[8].validation_totals.accepted,13
per_scenario[1].conditions[8].validation_totals.received,13
per_scenario[1].conditions[8].validation_totals.rejected,0
per_scenario[1].conditions[8].validation_warning_count,0
per_scenario[1].conditions[9].analysis_seconds,0.604512
per_scenario[1].conditions[9].catalog_family_metrics.f1,0.6667
per_scenario[1].conditions[9].catalog_family_metrics.fn,0
per_scenario[1].conditions[9].catalog_family_metrics.fp,1
per_scenario[1].conditions[9].catalog_family_metrics.precision,0.5
per_scenario[1].conditions[9].catalog_family_metrics.recall,1.0
per_scenario[1].conditions[9].catalog_family_metrics.tp,1
per_scenario[1].conditions[9].finding_count,2
per_scenario[1].conditions[9].paired_delta_vs_control.family_set_changed,false
per_scenario[1].conditions[9].paired_delta_vs_control.finding_count_change,0
per_scenario[1].conditions[9].parameters.rate,0.1
per_scenario[1].conditions[9].parameters.seed,1
per_scenario[1].conditions[9].perturbation_ground_truth.cascaded_investigation_steps_removed,0
per_scenario[1].conditions[9].perturbation_ground_truth.dangling_references_after_omission.escalations_or_dispositions,0
per_scenario[1].conditions[9].perturbation_ground_truth.dangling_references_after_omission.investigation_steps,0
per_scenario[1].conditions[9].perturbation_ground_truth.eligible_records,11
per_scenario[1].conditions[9].perturbation_ground_truth.removed[0].row_index,1
per_scenario[1].conditions[9].recommendation_count,0
per_scenario[1].conditions[9].risk.total_score,14.92
per_scenario[1].conditions[9].traceability.evidence_reference_coverage,1.0
per_scenario[1].conditions[9].traceability.evidence_references,4
per_scenario[1].conditions[9].traceability.findings,2
per_scenario[1].conditions[9].traceability.findings_with_all_evidence_references_resolved,2
per_scenario[1].conditions[9].traceability.resolved_evidence_references,4
per_scenario[1].conditions[9].validation_matches_expected,true
per_scenario[1].conditions[9].validation_seconds,0.52551
per_scenario[1].conditions[9].validation_totals.accepted,13
per_scenario[1].conditions[9].validation_totals.received,13
per_scenario[1].conditions[9].validation_totals.rejected,0
per_scenario[1].conditions[9].validation_warning_count,0
per_scenario[1].conditions[10].analysis_seconds,0.777208
per_scenario[1].conditions[10].catalog_family_metrics.f1,0.6667
per_scenario[1].conditions[10].catalog_family_metrics.fn,0
per_scenario[1].conditions[10].catalog_family_metrics.fp,1
per_scenario[1].conditions[10].catalog_family_metrics.precision,0.5
per_scenario[1].conditions[10].catalog_family_metrics.recall,1.0
per_scenario[1].conditions[10].catalog_family_metrics.tp,1
per_scenario[1].conditions[10].finding_count,3
per_scenario[1].conditions[10].paired_delta_vs_control.family_set_changed,false
per_scenario[1].conditions[10].paired_delta_vs_control.finding_count_change,1
per_scenario[1].conditions[10].parameters.rate,0.1
per_scenario[1].conditions[10].parameters.seed,2
per_scenario[1].conditions[10].perturbation_ground_truth.dangling_references_after_omission.escalations_or_dispositions,0
per_scenario[1].conditions[10].perturbation_ground_truth.dangling_references_after_omission.investigation_steps,0
per_scenario[1].conditions[10].perturbation_ground_truth.eligible_records,11
per_scenario[1].conditions[10].perturbation_ground_truth.removed[0].row_index,0
per_scenario[1].conditions[10].recommendation_count,0
per_scenario[1].conditions[10].risk.total_score,14.92
per_scenario[1].conditions[10].traceability.evidence_reference_coverage,1.0
per_scenario[1].conditions[10].traceability.evidence_references,4
per_scenario[1].conditions[10].traceability.findings,3
per_scenario[1].conditions[10].traceability.findings_with_all_evidence_references_resolved,2
per_scenario[1].conditions[10].traceability.resolved_evidence_references,4
per_scenario[1].conditions[10].validation_matches_expected,true
per_scenario[1].conditions[10].validation_seconds,0.451369
per_scenario[1].conditions[10].validation_totals.accepted,13
per_scenario[1].conditions[10].validation_totals.received,13
per_scenario[1].conditions[10].validation_totals.rejected,0
per_scenario[1].conditions[10].validation_warning_count,3
per_scenario[1].conditions[11].analysis_seconds,0.840338
per_scenario[1].conditions[11].catalog_family_metrics.f1,0.6667
per_scenario[1].conditions[11].catalog_family_metrics.fn,0
per_scenario[1].conditions[11].catalog_family_metrics.fp,1
per_scenario[1].conditions[11].catalog_family_metrics.precision,0.5
per_scenario[1].conditions[11].catalog_family_metrics.recall,1.0
per_scenario[1].conditions[11].catalog_family_metrics.tp,1
per_scenario[1].conditions[11].finding_count,3
per_scenario[1].conditions[11].paired_delta_vs_control.family_set_changed,false
per_scenario[1].conditions[11].paired_delta_vs_control.finding_count_change,1
per_scenario[1].conditions[11].parameters.rate,0.1
per_scenario[1].conditions[11].parameters.seed,2
per_scenario[1].conditions[11].perturbation_ground_truth.cascaded_investigation_steps_removed,0
per_scenario[1].conditions[11].perturbation_ground_truth.dangling_references_after_omission.escalations_or_dispositions,0
per_scenario[1].conditions[11].perturbation_ground_truth.dangling_references_after_omission.investigation_steps,0
per_scenario[1].conditions[11].perturbation_ground_truth.eligible_records,11
per_scenario[1].conditions[11].perturbation_ground_truth.removed[0].row_index,0
per_scenario[1].conditions[11].recommendation_count,0
per_scenario[1].conditions[11].risk.total_score,14.92
per_scenario[1].conditions[11].traceability.evidence_reference_coverage,1.0
per_scenario[1].conditions[11].traceability.evidence_references,4
per_scenario[1].conditions[11].traceability.findings,3
per_scenario[1].conditions[11].traceability.findings_with_all_evidence_references_resolved,2
per_scenario[1].conditions[11].traceability.resolved_evidence_references,4
per_scenario[1].conditions[11].validation_matches_expected,true
per_scenario[1].conditions[11].validation_seconds,0.471788
per_scenario[1].conditions[11].validation_totals.accepted,13
per_scenario[1].conditions[11].validation_totals.received,13
per_scenario[1].conditions[11].validation_totals.rejected,0
per_scenario[1].conditions[11].validation_warning_count,3
per_scenario[1].conditions[12].analysis_seconds,1.236014
per_scenario[1].conditions[12].catalog_family_metrics.f1,0.6667
per_scenario[1].conditions[12].catalog_family_metrics.fn,0
per_scenario[1].conditions[12].catalog_family_metrics.fp,1
per_scenario[1].conditions[12].catalog_family_metrics.precision,0.5
per_scenario[1].conditions[12].catalog_family_metrics.recall,1.0
per_scenario[1].conditions[12].catalog_family_metrics.tp,1
per_scenario[1].conditions[12].finding_count,3
per_scenario[1].conditions[12].paired_delta_vs_control.family_set_changed,false
per_scenario[1].conditions[12].paired_delta_vs_control.finding_count_change,1
per_scenario[1].conditions[12].parameters.rate,0.1
per_scenario[1].conditions[12].parameters.seed,3
per_scenario[1].conditions[12].perturbation_ground_truth.dangling_references_after_omission.escalations_or_dispositions,0
per_scenario[1].conditions[12].perturbation_ground_truth.dangling_references_after_omission.investigation_steps,0
per_scenario[1].conditions[12].perturbation_ground_truth.eligible_records,11
per_scenario[1].conditions[12].perturbation_ground_truth.removed[0].row_index,0
per_scenario[1].conditions[12].recommendation_count,0
per_scenario[1].conditions[12].risk.total_score,14.92
per_scenario[1].conditions[12].traceability.evidence_reference_coverage,1.0
per_scenario[1].conditions[12].traceability.evidence_references,4
per_scenario[1].conditions[12].traceability.findings,3
per_scenario[1].conditions[12].traceability.findings_with_all_evidence_references_resolved,2
per_scenario[1].conditions[12].traceability.resolved_evidence_references,4
per_scenario[1].conditions[12].validation_matches_expected,true
per_scenario[1].conditions[12].validation_seconds,0.48258
per_scenario[1].conditions[12].validation_totals.accepted,13
per_scenario[1].conditions[12].validation_totals.received,13
per_scenario[1].conditions[12].validation_totals.rejected,0
per_scenario[1].conditions[12].validation_warning_count,3
per_scenario[1].conditions[13].analysis_seconds,0.844502
per_scenario[1].conditions[13].catalog_family_metrics.f1,0.6667
per_scenario[1].conditions[13].catalog_family_metrics.fn,0
per_scenario[1].conditions[13].catalog_family_metrics.fp,1
per_scenario[1].conditions[13].catalog_family_metrics.precision,0.5
per_scenario[1].conditions[13].catalog_family_metrics.recall,1.0
per_scenario[1].conditions[13].catalog_family_metrics.tp,1
per_scenario[1].conditions[13].finding_count,3
per_scenario[1].conditions[13].paired_delta_vs_control.family_set_changed,false
per_scenario[1].conditions[13].paired_delta_vs_control.finding_count_change,1
per_scenario[1].conditions[13].parameters.rate,0.1
per_scenario[1].conditions[13].parameters.seed,3
per_scenario[1].conditions[13].perturbation_ground_truth.cascaded_investigation_steps_removed,0
per_scenario[1].conditions[13].perturbation_ground_truth.dangling_references_after_omission.escalations_or_dispositions,0
per_scenario[1].conditions[13].perturbation_ground_truth.dangling_references_after_omission.investigation_steps,0
per_scenario[1].conditions[13].perturbation_ground_truth.eligible_records,11
per_scenario[1].conditions[13].perturbation_ground_truth.removed[0].row_index,0
per_scenario[1].conditions[13].recommendation_count,0
per_scenario[1].conditions[13].risk.total_score,14.92
per_scenario[1].conditions[13].traceability.evidence_reference_coverage,1.0
per_scenario[1].conditions[13].traceability.evidence_references,4
per_scenario[1].conditions[13].traceability.findings,3
per_scenario[1].conditions[13].traceability.findings_with_all_evidence_references_resolved,2
per_scenario[1].conditions[13].traceability.resolved_evidence_references,4
per_scenario[1].conditions[13].validation_matches_expected,true
per_scenario[1].conditions[13].validation_seconds,0.482369
per_scenario[1].conditions[13].validation_totals.accepted,13
per_scenario[1].conditions[13].validation_totals.received,13
per_scenario[1].conditions[13].validation_totals.rejected,0
per_scenario[1].conditions[13].validation_warning_count,3
per_scenario[1].conditions[14].analysis_seconds,0.584109
per_scenario[1].conditions[14].catalog_family_metrics.f1,0.6667
per_scenario[1].conditions[14].catalog_family_metrics.fn,0
per_scenario[1].conditions[14].catalog_family_metrics.fp,1
per_scenario[1].conditions[14].catalog_family_metrics.precision,0.5
per_scenario[1].conditions[14].catalog_family_metrics.recall,1.0
per_scenario[1].conditions[14].catalog_family_metrics.tp,1
per_scenario[1].conditions[14].finding_count,2
per_scenario[1].conditions[14].paired_delta_vs_control.family_set_changed,false
per_scenario[1].conditions[14].paired_delta_vs_control.finding_count_change,0
per_scenario[1].conditions[14].parameters.rate,0.1
per_scenario[1].conditions[14].parameters.seed,4
per_scenario[1].conditions[14].perturbation_ground_truth.dangling_references_after_omission.escalations_or_dispositions,0
per_scenario[1].conditions[14].perturbation_ground_truth.dangling_references_after_omission.investigation_steps,0
per_scenario[1].conditions[14].perturbation_ground_truth.eligible_records,11
per_scenario[1].conditions[14].perturbation_ground_truth.removed[0].row_index,0
per_scenario[1].conditions[14].recommendation_count,0
per_scenario[1].conditions[14].risk.total_score,14.92
per_scenario[1].conditions[14].traceability.evidence_reference_coverage,1.0
per_scenario[1].conditions[14].traceability.evidence_references,4
per_scenario[1].conditions[14].traceability.findings,2
per_scenario[1].conditions[14].traceability.findings_with_all_evidence_references_resolved,2
per_scenario[1].conditions[14].traceability.resolved_evidence_references,4
per_scenario[1].conditions[14].validation_matches_expected,true
per_scenario[1].conditions[14].validation_seconds,0.52444
per_scenario[1].conditions[14].validation_totals.accepted,13
per_scenario[1].conditions[14].validation_totals.received,13
per_scenario[1].conditions[14].validation_totals.rejected,0
per_scenario[1].conditions[14].validation_warning_count,0
per_scenario[1].conditions[15].analysis_seconds,0.790973
per_scenario[1].conditions[15].catalog_family_metrics.f1,0.6667
per_scenario[1].conditions[15].catalog_family_metrics.fn,0
per_scenario[1].conditions[15].catalog_family_metrics.fp,1
per_scenario[1].conditions[15].catalog_family_metrics.precision,0.5
per_scenario[1].conditions[15].catalog_family_metrics.recall,1.0
per_scenario[1].conditions[15].catalog_family_metrics.tp,1
per_scenario[1].conditions[15].finding_count,2
per_scenario[1].conditions[15].paired_delta_vs_control.family_set_changed,false
per_scenario[1].conditions[15].paired_delta_vs_control.finding_count_change,0
per_scenario[1].conditions[15].parameters.rate,0.1
per_scenario[1].conditions[15].parameters.seed,4
per_scenario[1].conditions[15].perturbation_ground_truth.cascaded_investigation_steps_removed,0
per_scenario[1].conditions[15].perturbation_ground_truth.dangling_references_after_omission.escalations_or_dispositions,0
per_scenario[1].conditions[15].perturbation_ground_truth.dangling_references_after_omission.investigation_steps,0
per_scenario[1].conditions[15].perturbation_ground_truth.eligible_records,11
per_scenario[1].conditions[15].perturbation_ground_truth.removed[0].row_index,0
per_scenario[1].conditions[15].recommendation_count,0
per_scenario[1].conditions[15].risk.total_score,14.92
per_scenario[1].conditions[15].traceability.evidence_reference_coverage,1.0
per_scenario[1].conditions[15].traceability.evidence_references,4
per_scenario[1].conditions[15].traceability.findings,2
per_scenario[1].conditions[15].traceability.findings_with_all_evidence_references_resolved,2
per_scenario[1].conditions[15].traceability.resolved_evidence_references,4
per_scenario[1].conditions[15].validation_matches_expected,true
per_scenario[1].conditions[15].validation_seconds,0.576586
per_scenario[1].conditions[15].validation_totals.accepted,13
per_scenario[1].conditions[15].validation_totals.received,13
per_scenario[1].conditions[15].validation_totals.rejected,0
per_scenario[1].conditions[15].validation_warning_count,0
per_scenario[1].conditions[16].paired_delta_vs_control,null
per_scenario[1].conditions[16].parameters.rate,0.25
per_scenario[1].conditions[16].parameters.seed,0
per_scenario[1].conditions[16].perturbation_ground_truth.dangling_references_after_omission.escalations_or_dispositions,0
per_scenario[1].conditions[16].perturbation_ground_truth.dangling_references_after_omission.investigation_steps,3
per_scenario[1].conditions[16].perturbation_ground_truth.eligible_records,11
per_scenario[1].conditions[16].perturbation_ground_truth.removed[0].row_index,0
per_scenario[1].conditions[16].perturbation_ground_truth.removed[1].row_index,0
per_scenario[1].conditions[16].perturbation_ground_truth.removed[2].row_index,2
per_scenario[1].conditions[16].validation_matches_expected,true
per_scenario[1].conditions[16].validation_seconds,0.452323
per_scenario[1].conditions[16].validation_totals.accepted,8
per_scenario[1].conditions[16].validation_totals.received,11
per_scenario[1].conditions[16].validation_totals.rejected,3
per_scenario[1].conditions[16].validation_warning_count,7
per_scenario[1].conditions[17].analysis_seconds,2.300321
per_scenario[1].conditions[17].catalog_family_metrics.f1,0.2857
per_scenario[1].conditions[17].catalog_family_metrics.fn,0
per_scenario[1].conditions[17].catalog_family_metrics.fp,5
per_scenario[1].conditions[17].catalog_family_metrics.precision,0.1667
per_scenario[1].conditions[17].catalog_family_metrics.recall,1.0
per_scenario[1].conditions[17].catalog_family_metrics.tp,1
per_scenario[1].conditions[17].finding_count,8
per_scenario[1].conditions[17].paired_delta_vs_control.family_set_changed,true
per_scenario[1].conditions[17].paired_delta_vs_control.finding_count_change,6
per_scenario[1].conditions[17].paired_delta_vs_control.risk_fields_changed.total_score.control,14.92
per_scenario[1].conditions[17].paired_delta_vs_control.risk_fields_changed.total_score.perturbed,30.18
per_scenario[1].conditions[17].parameters.rate,0.25
per_scenario[1].conditions[17].parameters.seed,0
per_scenario[1].conditions[17].perturbation_ground_truth.cascaded_investigation_steps_removed,3
per_scenario[1].conditions[17].perturbation_ground_truth.dangling_references_after_omission.escalations_or_dispositions,0
per_scenario[1].conditions[17].perturbation_ground_truth.dangling_references_after_omission.investigation_steps,0
per_scenario[1].conditions[17].perturbation_ground_truth.eligible_records,11
per_scenario[1].conditions[17].perturbation_ground_truth.removed[0].row_index,0
per_scenario[1].conditions[17].perturbation_ground_truth.removed[1].row_index,0
per_scenario[1].conditions[17].perturbation_ground_truth.removed[2].row_index,2
per_scenario[1].conditions[17].recommendation_count,0
per_scenario[1].conditions[17].risk.total_score,30.18
per_scenario[1].conditions[17].traceability.evidence_reference_coverage,1.0
per_scenario[1].conditions[17].traceability.evidence_references,12
per_scenario[1].conditions[17].traceability.findings,8
per_scenario[1].conditions[17].traceability.findings_with_all_evidence_references_resolved,6
per_scenario[1].conditions[17].traceability.resolved_evidence_references,12
per_scenario[1].conditions[17].validation_matches_expected,true
per_scenario[1].conditions[17].validation_seconds,0.386859
per_scenario[1].conditions[17].validation_totals.accepted,8
per_scenario[1].conditions[17].validation_totals.received,8
per_scenario[1].conditions[17].validation_totals.rejected,0
per_scenario[1].conditions[17].validation_warning_count,7
per_scenario[1].conditions[18].analysis_seconds,0.622639
per_scenario[1].conditions[18].catalog_family_metrics.f1,0.6667
per_scenario[1].conditions[18].catalog_family_metrics.fn,0
per_scenario[1].conditions[18].catalog_family_metrics.fp,1
per_scenario[1].conditions[18].catalog_family_metrics.precision,0.5
per_scenario[1].conditions[18].catalog_family_metrics.recall,1.0
per_scenario[1].conditions[18].catalog_family_metrics.tp,1
per_scenario[1].conditions[18].finding_count,2
per_scenario[1].conditions[18].paired_delta_vs_control.family_set_changed,false
per_scenario[1].conditions[18].paired_delta_vs_control.finding_count_change,0
per_scenario[1].conditions[18].parameters.rate,0.25
per_scenario[1].conditions[18].parameters.seed,1
per_scenario[1].conditions[18].perturbation_ground_truth.dangling_references_after_omission.escalations_or_dispositions,0
per_scenario[1].conditions[18].perturbation_ground_truth.dangling_references_after_omission.investigation_steps,0
per_scenario[1].conditions[18].perturbation_ground_truth.eligible_records,11
per_scenario[1].conditions[18].perturbation_ground_truth.removed[0].row_index,0
per_scenario[1].conditions[18].perturbation_ground_truth.removed[1].row_index,0
per_scenario[1].conditions[18].perturbation_ground_truth.removed[2].row_index,1
per_scenario[1].conditions[18].recommendation_count,0
per_scenario[1].conditions[18].risk.total_score,14.92
per_scenario[1].conditions[18].traceability.evidence_reference_coverage,1.0
per_scenario[1].conditions[18].traceability.evidence_references,4
per_scenario[1].conditions[18].traceability.findings,2
per_scenario[1].conditions[18].traceability.findings_with_all_evidence_references_resolved,2
per_scenario[1].conditions[18].traceability.resolved_evidence_references,4
per_scenario[1].conditions[18].validation_matches_expected,true
per_scenario[1].conditions[18].validation_seconds,0.580119
per_scenario[1].conditions[18].validation_totals.accepted,11
per_scenario[1].conditions[18].validation_totals.received,11
per_scenario[1].conditions[18].validation_totals.rejected,0
per_scenario[1].conditions[18].validation_warning_count,0
per_scenario[1].conditions[19].analysis_seconds,0.508954
per_scenario[1].conditions[19].catalog_family_metrics.f1,0.6667
per_scenario[1].conditions[19].catalog_family_metrics.fn,0
per_scenario[1].conditions[19].catalog_family_metrics.fp,1
per_scenario[1].conditions[19].catalog_family_metrics.precision,0.5
per_scenario[1].conditions[19].catalog_family_metrics.recall,1.0
per_scenario[1].conditions[19].catalog_family_metrics.tp,1
per_scenario[1].conditions[19].finding_count,2
per_scenario[1].conditions[19].paired_delta_vs_control.family_set_changed,false
per_scenario[1].conditions[19].paired_delta_vs_control.finding_count_change,0
per_scenario[1].conditions[19].parameters.rate,0.25
per_scenario[1].conditions[19].parameters.seed,1
per_scenario[1].conditions[19].perturbation_ground_truth.cascaded_investigation_steps_removed,0
per_scenario[1].conditions[19].perturbation_ground_truth.dangling_references_after_omission.escalations_or_dispositions,0
per_scenario[1].conditions[19].perturbation_ground_truth.dangling_references_after_omission.investigation_steps,0
per_scenario[1].conditions[19].perturbation_ground_truth.eligible_records,11
per_scenario[1].conditions[19].perturbation_ground_truth.removed[0].row_index,0
per_scenario[1].conditions[19].perturbation_ground_truth.removed[1].row_index,0
per_scenario[1].conditions[19].perturbation_ground_truth.removed[2].row_index,1
per_scenario[1].conditions[19].recommendation_count,0
per_scenario[1].conditions[19].risk.total_score,14.92
per_scenario[1].conditions[19].traceability.evidence_reference_coverage,1.0
per_scenario[1].conditions[19].traceability.evidence_references,4
per_scenario[1].conditions[19].traceability.findings,2
per_scenario[1].conditions[19].traceability.findings_with_all_evidence_references_resolved,2
per_scenario[1].conditions[19].traceability.resolved_evidence_references,4
per_scenario[1].conditions[19].validation_matches_expected,true
per_scenario[1].conditions[19].validation_seconds,0.595785
per_scenario[1].conditions[19].validation_totals.accepted,11
per_scenario[1].conditions[19].validation_totals.received,11
per_scenario[1].conditions[19].validation_totals.rejected,0
per_scenario[1].conditions[19].validation_warning_count,0
per_scenario[1].conditions[20].analysis_seconds,0.78064
per_scenario[1].conditions[20].catalog_family_metrics.f1,0.6667
per_scenario[1].conditions[20].catalog_family_metrics.fn,0
per_scenario[1].conditions[20].catalog_family_metrics.fp,1
per_scenario[1].conditions[20].catalog_family_metrics.precision,0.5
per_scenario[1].conditions[20].catalog_family_metrics.recall,1.0
per_scenario[1].conditions[20].catalog_family_metrics.tp,1
per_scenario[1].conditions[20].finding_count,2
per_scenario[1].conditions[20].paired_delta_vs_control.family_set_changed,false
per_scenario[1].conditions[20].paired_delta_vs_control.finding_count_change,0
per_scenario[1].conditions[20].parameters.rate,0.25
per_scenario[1].conditions[20].parameters.seed,2
per_scenario[1].conditions[20].perturbation_ground_truth.dangling_references_after_omission.escalations_or_dispositions,0
per_scenario[1].conditions[20].perturbation_ground_truth.dangling_references_after_omission.investigation_steps,0
per_scenario[1].conditions[20].perturbation_ground_truth.eligible_records,11
per_scenario[1].conditions[20].perturbation_ground_truth.removed[0].row_index,1
per_scenario[1].conditions[20].perturbation_ground_truth.removed[1].row_index,1
per_scenario[1].conditions[20].perturbation_ground_truth.removed[2].row_index,2
per_scenario[1].conditions[20].recommendation_count,0
per_scenario[1].conditions[20].risk.total_score,14.92
per_scenario[1].conditions[20].traceability.evidence_reference_coverage,1.0
per_scenario[1].conditions[20].traceability.evidence_references,4
per_scenario[1].conditions[20].traceability.findings,2
per_scenario[1].conditions[20].traceability.findings_with_all_evidence_references_resolved,2
per_scenario[1].conditions[20].traceability.resolved_evidence_references,4
per_scenario[1].conditions[20].validation_matches_expected,true
per_scenario[1].conditions[20].validation_seconds,0.597573
per_scenario[1].conditions[20].validation_totals.accepted,11
per_scenario[1].conditions[20].validation_totals.received,11
per_scenario[1].conditions[20].validation_totals.rejected,0
per_scenario[1].conditions[20].validation_warning_count,0
per_scenario[1].conditions[21].analysis_seconds,1.201003
per_scenario[1].conditions[21].catalog_family_metrics.f1,0.6667
per_scenario[1].conditions[21].catalog_family_metrics.fn,0
per_scenario[1].conditions[21].catalog_family_metrics.fp,1
per_scenario[1].conditions[21].catalog_family_metrics.precision,0.5
per_scenario[1].conditions[21].catalog_family_metrics.recall,1.0
per_scenario[1].conditions[21].catalog_family_metrics.tp,1
per_scenario[1].conditions[21].finding_count,2
per_scenario[1].conditions[21].paired_delta_vs_control.family_set_changed,false
per_scenario[1].conditions[21].paired_delta_vs_control.finding_count_change,0
per_scenario[1].conditions[21].parameters.rate,0.25
per_scenario[1].conditions[21].parameters.seed,2
per_scenario[1].conditions[21].perturbation_ground_truth.cascaded_investigation_steps_removed,0
per_scenario[1].conditions[21].perturbation_ground_truth.dangling_references_after_omission.escalations_or_dispositions,0
per_scenario[1].conditions[21].perturbation_ground_truth.dangling_references_after_omission.investigation_steps,0
per_scenario[1].conditions[21].perturbation_ground_truth.eligible_records,11
per_scenario[1].conditions[21].perturbation_ground_truth.removed[0].row_index,1
per_scenario[1].conditions[21].perturbation_ground_truth.removed[1].row_index,1
per_scenario[1].conditions[21].perturbation_ground_truth.removed[2].row_index,2
per_scenario[1].conditions[21].recommendation_count,0
per_scenario[1].conditions[21].risk.total_score,14.92
per_scenario[1].conditions[21].traceability.evidence_reference_coverage,1.0
per_scenario[1].conditions[21].traceability.evidence_references,4
per_scenario[1].conditions[21].traceability.findings,2
per_scenario[1].conditions[21].traceability.findings_with_all_evidence_references_resolved,2
per_scenario[1].conditions[21].traceability.resolved_evidence_references,4
per_scenario[1].conditions[21].validation_matches_expected,true
per_scenario[1].conditions[21].validation_seconds,0.52605
per_scenario[1].conditions[21].validation_totals.accepted,11
per_scenario[1].conditions[21].validation_totals.received,11
per_scenario[1].conditions[21].validation_totals.rejected,0
per_scenario[1].conditions[21].validation_warning_count,0
per_scenario[1].conditions[22].analysis_seconds,0.619487
per_scenario[1].conditions[22].catalog_family_metrics.f1,0.5
per_scenario[1].conditions[22].catalog_family_metrics.fn,0
per_scenario[1].conditions[22].catalog_family_metrics.fp,2
per_scenario[1].conditions[22].catalog_family_metrics.precision,0.3333
per_scenario[1].conditions[22].catalog_family_metrics.recall,1.0
per_scenario[1].conditions[22].catalog_family_metrics.tp,1
per_scenario[1].conditions[22].finding_count,3
per_scenario[1].conditions[22].paired_delta_vs_control.family_set_changed,true
per_scenario[1].conditions[22].paired_delta_vs_control.finding_count_change,1
per_scenario[1].conditions[22].paired_delta_vs_control.risk_fields_changed.total_score.control,14.92
per_scenario[1].conditions[22].paired_delta_vs_control.risk_fields_changed.total_score.perturbed,17.6
per_scenario[1].conditions[22].parameters.rate,0.25
per_scenario[1].conditions[22].parameters.seed,3
per_scenario[1].conditions[22].perturbation_ground_truth.dangling_references_after_omission.escalations_or_dispositions,0
per_scenario[1].conditions[22].perturbation_ground_truth.dangling_references_after_omission.investigation_steps,0
per_scenario[1].conditions[22].perturbation_ground_truth.eligible_records,11
per_scenario[1].conditions[22].perturbation_ground_truth.removed[0].row_index,1
per_scenario[1].conditions[22].perturbation_ground_truth.removed[1].row_index,0
per_scenario[1].conditions[22].perturbation_ground_truth.removed[2].row_index,1
per_scenario[1].conditions[22].recommendation_count,0
per_scenario[1].conditions[22].risk.total_score,17.6
per_scenario[1].conditions[22].traceability.evidence_reference_coverage,1.0
per_scenario[1].conditions[22].traceability.evidence_references,7
per_scenario[1].conditions[22].traceability.findings,3
per_scenario[1].conditions[22].traceability.findings_with_all_evidence_references_resolved,3
per_scenario[1].conditions[22].traceability.resolved_evidence_references,7
per_scenario[1].conditions[22].validation_matches_expected,true
per_scenario[1].conditions[22].validation_seconds,0.581834
per_scenario[1].conditions[22].validation_totals.accepted,11
per_scenario[1].conditions[22].validation_totals.received,11
per_scenario[1].conditions[22].validation_totals.rejected,0
per_scenario[1].conditions[22].validation_warning_count,0
per_scenario[1].conditions[23].analysis_seconds,1.203031
per_scenario[1].conditions[23].catalog_family_metrics.f1,0.5
per_scenario[1].conditions[23].catalog_family_metrics.fn,0
per_scenario[1].conditions[23].catalog_family_metrics.fp,2
per_scenario[1].conditions[23].catalog_family_metrics.precision,0.3333
per_scenario[1].conditions[23].catalog_family_metrics.recall,1.0
per_scenario[1].conditions[23].catalog_family_metrics.tp,1
per_scenario[1].conditions[23].finding_count,3
per_scenario[1].conditions[23].paired_delta_vs_control.family_set_changed,true
per_scenario[1].conditions[23].paired_delta_vs_control.finding_count_change,1
per_scenario[1].conditions[23].paired_delta_vs_control.risk_fields_changed.total_score.control,14.92
per_scenario[1].conditions[23].paired_delta_vs_control.risk_fields_changed.total_score.perturbed,17.6
per_scenario[1].conditions[23].parameters.rate,0.25
per_scenario[1].conditions[23].parameters.seed,3
per_scenario[1].conditions[23].perturbation_ground_truth.cascaded_investigation_steps_removed,0
per_scenario[1].conditions[23].perturbation_ground_truth.dangling_references_after_omission.escalations_or_dispositions,0
per_scenario[1].conditions[23].perturbation_ground_truth.dangling_references_after_omission.investigation_steps,0
per_scenario[1].conditions[23].perturbation_ground_truth.eligible_records,11
per_scenario[1].conditions[23].perturbation_ground_truth.removed[0].row_index,1
per_scenario[1].conditions[23].perturbation_ground_truth.removed[1].row_index,0
per_scenario[1].conditions[23].perturbation_ground_truth.removed[2].row_index,1
per_scenario[1].conditions[23].recommendation_count,0
per_scenario[1].conditions[23].risk.total_score,17.6
per_scenario[1].conditions[23].traceability.evidence_reference_coverage,1.0
per_scenario[1].conditions[23].traceability.evidence_references,7
per_scenario[1].conditions[23].traceability.findings,3
per_scenario[1].conditions[23].traceability.findings_with_all_evidence_references_resolved,3
per_scenario[1].conditions[23].traceability.resolved_evidence_references,7
per_scenario[1].conditions[23].validation_matches_expected,true
per_scenario[1].conditions[23].validation_seconds,0.531762
per_scenario[1].conditions[23].validation_totals.accepted,11
per_scenario[1].conditions[23].validation_totals.received,11
per_scenario[1].conditions[23].validation_totals.rejected,0
per_scenario[1].conditions[23].validation_warning_count,0
per_scenario[1].conditions[24].paired_delta_vs_control,null
per_scenario[1].conditions[24].parameters.rate,0.25
per_scenario[1].conditions[24].parameters.seed,4
per_scenario[1].conditions[24].perturbation_ground_truth.dangling_references_after_omission.escalations_or_dispositions,0
per_scenario[1].conditions[24].perturbation_ground_truth.dangling_references_after_omission.investigation_steps,1
per_scenario[1].conditions[24].perturbation_ground_truth.eligible_records,11
per_scenario[1].conditions[24].perturbation_ground_truth.removed[0].row_index,0
per_scenario[1].conditions[24].perturbation_ground_truth.removed[1].row_index,1
per_scenario[1].conditions[24].perturbation_ground_truth.removed[2].row_index,2
per_scenario[1].conditions[24].validation_matches_expected,true
per_scenario[1].conditions[24].validation_seconds,0.463915
per_scenario[1].conditions[24].validation_totals.accepted,10
per_scenario[1].conditions[24].validation_totals.received,11
per_scenario[1].conditions[24].validation_totals.rejected,1
per_scenario[1].conditions[24].validation_warning_count,9
per_scenario[1].conditions[25].analysis_seconds,1.267229
per_scenario[1].conditions[25].catalog_family_metrics.f1,0.5
per_scenario[1].conditions[25].catalog_family_metrics.fn,0
per_scenario[1].conditions[25].catalog_family_metrics.fp,2
per_scenario[1].conditions[25].catalog_family_metrics.precision,0.3333
per_scenario[1].conditions[25].catalog_family_metrics.recall,1.0
per_scenario[1].conditions[25].catalog_family_metrics.tp,1
per_scenario[1].conditions[25].finding_count,5
per_scenario[1].conditions[25].paired_delta_vs_control.family_set_changed,true
per_scenario[1].conditions[25].paired_delta_vs_control.finding_count_change,3
per_scenario[1].conditions[25].paired_delta_vs_control.risk_fields_changed.total_score.control,14.92
per_scenario[1].conditions[25].paired_delta_vs_control.risk_fields_changed.total_score.perturbed,21.29
per_scenario[1].conditions[25].parameters.rate,0.25
per_scenario[1].conditions[25].parameters.seed,4
per_scenario[1].conditions[25].perturbation_ground_truth.cascaded_investigation_steps_removed,1
per_scenario[1].conditions[25].perturbation_ground_truth.dangling_references_after_omission.escalations_or_dispositions,0
per_scenario[1].conditions[25].perturbation_ground_truth.dangling_references_after_omission.investigation_steps,0
per_scenario[1].conditions[25].perturbation_ground_truth.eligible_records,11
per_scenario[1].conditions[25].perturbation_ground_truth.removed[0].row_index,0
per_scenario[1].conditions[25].perturbation_ground_truth.removed[1].row_index,1
per_scenario[1].conditions[25].perturbation_ground_truth.removed[2].row_index,2
per_scenario[1].conditions[25].recommendation_count,0
per_scenario[1].conditions[25].risk.total_score,21.29
per_scenario[1].conditions[25].traceability.evidence_reference_coverage,1.0
per_scenario[1].conditions[25].traceability.evidence_references,9
per_scenario[1].conditions[25].traceability.findings,5
per_scenario[1].conditions[25].traceability.findings_with_all_evidence_references_resolved,3
per_scenario[1].conditions[25].traceability.resolved_evidence_references,9
per_scenario[1].conditions[25].validation_matches_expected,true
per_scenario[1].conditions[25].validation_seconds,0.396313
per_scenario[1].conditions[25].validation_totals.accepted,10
per_scenario[1].conditions[25].validation_totals.received,10
per_scenario[1].conditions[25].validation_totals.rejected,0
per_scenario[1].conditions[25].validation_warning_count,9
per_scenario[1].conditions[26].paired_delta_vs_control,null
per_scenario[1].conditions[26].parameters.rate,0.5
per_scenario[1].conditions[26].parameters.seed,0
per_scenario[1].conditions[26].perturbation_ground_truth.dangling_references_after_omission.escalations_or_dispositions,0
per_scenario[1].conditions[26].perturbation_ground_truth.dangling_references_after_omission.investigation_steps,3
per_scenario[1].conditions[26].perturbation_ground_truth.eligible_records,11
per_scenario[1].conditions[26].perturbation_ground_truth.removed[0].row_index,0
per_scenario[1].conditions[26].perturbation_ground_truth.removed[1].row_index,0
per_scenario[1].conditions[26].perturbation_ground_truth.removed[2].row_index,0
per_scenario[1].conditions[26].perturbation_ground_truth.removed[3].row_index,1
per_scenario[1].conditions[26].perturbation_ground_truth.removed[4].row_index,1
per_scenario[1].conditions[26].perturbation_ground_truth.removed[5].row_index,2
per_scenario[1].conditions[26].validation_matches_expected,true
per_scenario[1].conditions[26].validation_seconds,0.415048
per_scenario[1].conditions[26].validation_totals.accepted,5
per_scenario[1].conditions[26].validation_totals.received,8
per_scenario[1].conditions[26].validation_totals.rejected,3
per_scenario[1].conditions[26].validation_warning_count,8
per_scenario[1].conditions[27].analysis_seconds,2.062974
per_scenario[1].conditions[27].catalog_family_metrics.f1,0.2857
per_scenario[1].conditions[27].catalog_family_metrics.fn,0
per_scenario[1].conditions[27].catalog_family_metrics.fp,5
per_scenario[1].conditions[27].catalog_family_metrics.precision,0.1667
per_scenario[1].conditions[27].catalog_family_metrics.recall,1.0
per_scenario[1].conditions[27].catalog_family_metrics.tp,1
per_scenario[1].conditions[27].finding_count,9
per_scenario[1].conditions[27].paired_delta_vs_control.family_set_changed,true
per_scenario[1].conditions[27].paired_delta_vs_control.finding_count_change,7
per_scenario[1].conditions[27].paired_delta_vs_control.risk_fields_changed.total_score.control,14.92
per_scenario[1].conditions[27].paired_delta_vs_control.risk_fields_changed.total_score.perturbed,30.39
per_scenario[1].conditions[27].parameters.rate,0.5
per_scenario[1].conditions[27].parameters.seed,0
per_scenario[1].conditions[27].perturbation_ground_truth.cascaded_investigation_steps_removed,3
per_scenario[1].conditions[27].perturbation_ground_truth.dangling_references_after_omission.escalations_or_dispositions,0
per_scenario[1].conditions[27].perturbation_ground_truth.dangling_references_after_omission.investigation_steps,0
per_scenario[1].conditions[27].perturbation_ground_truth.eligible_records,11
per_scenario[1].conditions[27].perturbation_ground_truth.removed[0].row_index,0
per_scenario[1].conditions[27].perturbation_ground_truth.removed[1].row_index,0
per_scenario[1].conditions[27].perturbation_ground_truth.removed[2].row_index,0
per_scenario[1].conditions[27].perturbation_ground_truth.removed[3].row_index,1
per_scenario[1].conditions[27].perturbation_ground_truth.removed[4].row_index,1
per_scenario[1].conditions[27].perturbation_ground_truth.removed[5].row_index,2
per_scenario[1].conditions[27].recommendation_count,0
per_scenario[1].conditions[27].risk.total_score,30.39
per_scenario[1].conditions[27].traceability.evidence_reference_coverage,1.0
per_scenario[1].conditions[27].traceability.evidence_references,15
per_scenario[1].conditions[27].traceability.findings,9
per_scenario[1].conditions[27].traceability.findings_with_all_evidence_references_resolved,6
per_scenario[1].conditions[27].traceability.resolved_evidence_references,15
per_scenario[1].conditions[27].validation_matches_expected,true
per_scenario[1].conditions[27].validation_seconds,0.313638
per_scenario[1].conditions[27].validation_totals.accepted,5
per_scenario[1].conditions[27].validation_totals.received,5
per_scenario[1].conditions[27].validation_totals.rejected,0
per_scenario[1].conditions[27].validation_warning_count,8
per_scenario[1].conditions[28].paired_delta_vs_control,null
per_scenario[1].conditions[28].parameters.rate,0.5
per_scenario[1].conditions[28].parameters.seed,1
per_scenario[1].conditions[28].perturbation_ground_truth.dangling_references_after_omission.escalations_or_dispositions,0
per_scenario[1].conditions[28].perturbation_ground_truth.dangling_references_after_omission.investigation_steps,1
per_scenario[1].conditions[28].perturbation_ground_truth.eligible_records,11
per_scenario[1].conditions[28].perturbation_ground_truth.removed[0].row_index,0
per_scenario[1].conditions[28].perturbation_ground_truth.removed[1].row_index,0
per_scenario[1].conditions[28].perturbation_ground_truth.removed[2].row_index,0
per_scenario[1].conditions[28].perturbation_ground_truth.removed[3].row_index,2
per_scenario[1].conditions[28].perturbation_ground_truth.removed[4].row_index,1
per_scenario[1].conditions[28].perturbation_ground_truth.removed[5].row_index,2
per_scenario[1].conditions[28].validation_matches_expected,true
per_scenario[1].conditions[28].validation_seconds,0.408505
per_scenario[1].conditions[28].validation_totals.accepted,7
per_scenario[1].conditions[28].validation_totals.received,8
per_scenario[1].conditions[28].validation_totals.rejected,1
per_scenario[1].conditions[28].validation_warning_count,10
per_scenario[1].conditions[29].analysis_seconds,2.461317
per_scenario[1].conditions[29].catalog_family_metrics.f1,0.2857
per_scenario[1].conditions[29].catalog_family_metrics.fn,0
per_scenario[1].conditions[29].catalog_family_metrics.fp,5
per_scenario[1].conditions[29].catalog_family_metrics.precision,0.1667
per_scenario[1].conditions[29].catalog_family_metrics.recall,1.0
per_scenario[1].conditions[29].catalog_family_metrics.tp,1
per_scenario[1].conditions[29].finding_count,9
per_scenario[1].conditions[29].paired_delta_vs_control.family_set_changed,true
per_scenario[1].conditions[29].paired_delta_vs_control.finding_count_change,7
per_scenario[1].conditions[29].paired_delta_vs_control.risk_fields_changed.total_score.control,14.92
per_scenario[1].conditions[29].paired_delta_vs_control.risk_fields_changed.total_score.perturbed,29.56
per_scenario[1].conditions[29].parameters.rate,0.5
per_scenario[1].conditions[29].parameters.seed,1
per_scenario[1].conditions[29].perturbation_ground_truth.cascaded_investigation_steps_removed,1
per_scenario[1].conditions[29].perturbation_ground_truth.dangling_references_after_omission.escalations_or_dispositions,0
per_scenario[1].conditions[29].perturbation_ground_truth.dangling_references_after_omission.investigation_steps,0
per_scenario[1].conditions[29].perturbation_ground_truth.eligible_records,11
per_scenario[1].conditions[29].perturbation_ground_truth.removed[0].row_index,0
per_scenario[1].conditions[29].perturbation_ground_truth.removed[1].row_index,0
per_scenario[1].conditions[29].perturbation_ground_truth.removed[2].row_index,0
per_scenario[1].conditions[29].perturbation_ground_truth.removed[3].row_index,2
per_scenario[1].conditions[29].perturbation_ground_truth.removed[4].row_index,1
per_scenario[1].conditions[29].perturbation_ground_truth.removed[5].row_index,2
per_scenario[1].conditions[29].recommendation_count,0
per_scenario[1].conditions[29].risk.total_score,29.56
per_scenario[1].conditions[29].traceability.evidence_reference_coverage,1.0
per_scenario[1].conditions[29].traceability.evidence_references,12
per_scenario[1].conditions[29].traceability.findings,9
per_scenario[1].conditions[29].traceability.findings_with_all_evidence_references_resolved,6
per_scenario[1].conditions[29].traceability.resolved_evidence_references,12
per_scenario[1].conditions[29].validation_matches_expected,true
per_scenario[1].conditions[29].validation_seconds,0.361978
per_scenario[1].conditions[29].validation_totals.accepted,7
per_scenario[1].conditions[29].validation_totals.received,7
per_scenario[1].conditions[29].validation_totals.rejected,0
per_scenario[1].conditions[29].validation_warning_count,10
per_scenario[1].conditions[30].analysis_seconds,1.330513
per_scenario[1].conditions[30].catalog_family_metrics.f1,0.6667
per_scenario[1].conditions[30].catalog_family_metrics.fn,0
per_scenario[1].conditions[30].catalog_family_metrics.fp,1
per_scenario[1].conditions[30].catalog_family_metrics.precision,0.5
per_scenario[1].conditions[30].catalog_family_metrics.recall,1.0
per_scenario[1].conditions[30].catalog_family_metrics.tp,1
per_scenario[1].conditions[30].finding_count,3
per_scenario[1].conditions[30].paired_delta_vs_control.family_set_changed,false
per_scenario[1].conditions[30].paired_delta_vs_control.finding_count_change,1
per_scenario[1].conditions[30].parameters.rate,0.5
per_scenario[1].conditions[30].parameters.seed,2
per_scenario[1].conditions[30].perturbation_ground_truth.dangling_references_after_omission.escalations_or_dispositions,0
per_scenario[1].conditions[30].perturbation_ground_truth.dangling_references_after_omission.investigation_steps,0
per_scenario[1].conditions[30].perturbation_ground_truth.eligible_records,11
per_scenario[1].conditions[30].perturbation_ground_truth.removed[0].row_index,0
per_scenario[1].conditions[30].perturbation_ground_truth.removed[1].row_index,0
per_scenario[1].conditions[30].perturbation_ground_truth.removed[2].row_index,1
per_scenario[1].conditions[30].perturbation_ground_truth.removed[3].row_index,0
per_scenario[1].conditions[30].perturbation_ground_truth.removed[4].row_index,2
per_scenario[1].conditions[30].perturbation_ground_truth.removed[5].row_index,0
per_scenario[1].conditions[30].recommendation_count,0
per_scenario[1].conditions[30].risk.total_score,14.92
per_scenario[1].conditions[30].traceability.evidence_reference_coverage,1.0
per_scenario[1].conditions[30].traceability.evidence_references,4
per_scenario[1].conditions[30].traceability.findings,3
per_scenario[1].conditions[30].traceability.findings_with_all_evidence_references_resolved,2
per_scenario[1].conditions[30].traceability.resolved_evidence_references,4
per_scenario[1].conditions[30].validation_matches_expected,true
per_scenario[1].conditions[30].validation_seconds,0.421336
per_scenario[1].conditions[30].validation_totals.accepted,8
per_scenario[1].conditions[30].validation_totals.received,8
per_scenario[1].conditions[30].validation_totals.rejected,0
per_scenario[1].conditions[30].validation_warning_count,3
per_scenario[1].conditions[31].analysis_seconds,0.811945
per_scenario[1].conditions[31].catalog_family_metrics.f1,0.6667
per_scenario[1].conditions[31].catalog_family_metrics.fn,0
per_scenario[1].conditions[31].catalog_family_metrics.fp,1
per_scenario[1].conditions[31].catalog_family_metrics.precision,0.5
per_scenario[1].conditions[31].catalog_family_metrics.recall,1.0
per_scenario[1].conditions[31].catalog_family_metrics.tp,1
per_scenario[1].conditions[31].finding_count,3
per_scenario[1].conditions[31].paired_delta_vs_control.family_set_changed,false
per_scenario[1].conditions[31].paired_delta_vs_control.finding_count_change,1
per_scenario[1].conditions[31].parameters.rate,0.5
per_scenario[1].conditions[31].parameters.seed,2
per_scenario[1].conditions[31].perturbation_ground_truth.cascaded_investigation_steps_removed,0
per_scenario[1].conditions[31].perturbation_ground_truth.dangling_references_after_omission.escalations_or_dispositions,0
per_scenario[1].conditions[31].perturbation_ground_truth.dangling_references_after_omission.investigation_steps,0
per_scenario[1].conditions[31].perturbation_ground_truth.eligible_records,11
per_scenario[1].conditions[31].perturbation_ground_truth.removed[0].row_index,0
per_scenario[1].conditions[31].perturbation_ground_truth.removed[1].row_index,0
per_scenario[1].conditions[31].perturbation_ground_truth.removed[2].row_index,1
per_scenario[1].conditions[31].perturbation_ground_truth.removed[3].row_index,0
per_scenario[1].conditions[31].perturbation_ground_truth.removed[4].row_index,2
per_scenario[1].conditions[31].perturbation_ground_truth.removed[5].row_index,0
per_scenario[1].conditions[31].recommendation_count,0
per_scenario[1].conditions[31].risk.total_score,14.92
per_scenario[1].conditions[31].traceability.evidence_reference_coverage,1.0
per_scenario[1].conditions[31].traceability.evidence_references,4
per_scenario[1].conditions[31].traceability.findings,3
per_scenario[1].conditions[31].traceability.findings_with_all_evidence_references_resolved,2
per_scenario[1].conditions[31].traceability.resolved_evidence_references,4
per_scenario[1].conditions[31].validation_matches_expected,true
per_scenario[1].conditions[31].validation_seconds,0.438218
per_scenario[1].conditions[31].validation_totals.accepted,8
per_scenario[1].conditions[31].validation_totals.received,8
per_scenario[1].conditions[31].validation_totals.rejected,0
per_scenario[1].conditions[31].validation_warning_count,3
per_scenario[1].conditions[32].paired_delta_vs_control,null
per_scenario[1].conditions[32].parameters.rate,0.5
per_scenario[1].conditions[32].parameters.seed,3
per_scenario[1].conditions[32].perturbation_ground_truth.dangling_references_after_omission.escalations_or_dispositions,0
per_scenario[1].conditions[32].perturbation_ground_truth.dangling_references_after_omission.investigation_steps,1
per_scenario[1].conditions[32].perturbation_ground_truth.eligible_records,11
per_scenario[1].conditions[32].perturbation_ground_truth.removed[0].row_index,0
per_scenario[1].conditions[32].perturbation_ground_truth.removed[1].row_index,0
per_scenario[1].conditions[32].perturbation_ground_truth.removed[2].row_index,1
per_scenario[1].conditions[32].perturbation_ground_truth.removed[3].row_index,2
per_scenario[1].conditions[32].perturbation_ground_truth.removed[4].row_index,0
per_scenario[1].conditions[32].perturbation_ground_truth.removed[5].row_index,1
per_scenario[1].conditions[32].validation_matches_expected,true
per_scenario[1].conditions[32].validation_seconds,0.443582
per_scenario[1].conditions[32].validation_totals.accepted,7
per_scenario[1].conditions[32].validation_totals.received,8
per_scenario[1].conditions[32].validation_totals.rejected,1
per_scenario[1].conditions[32].validation_warning_count,6
per_scenario[1].conditions[33].analysis_seconds,1.625136
per_scenario[1].conditions[33].catalog_family_metrics.f1,0.2857
per_scenario[1].conditions[33].catalog_family_metrics.fn,0
per_scenario[1].conditions[33].catalog_family_metrics.fp,5
per_scenario[1].conditions[33].catalog_family_metrics.precision,0.1667
per_scenario[1].conditions[33].catalog_family_metrics.recall,1.0
per_scenario[1].conditions[33].catalog_family_metrics.tp,1
per_scenario[1].conditions[33].finding_count,8
per_scenario[1].conditions[33].paired_delta_vs_control.family_set_changed,true
per_scenario[1].conditions[33].paired_delta_vs_control.finding_count_change,6
per_scenario[1].conditions[33].paired_delta_vs_control.risk_fields_changed.total_score.control,14.92
per_scenario[1].conditions[33].paired_delta_vs_control.risk_fields_changed.total_score.perturbed,30.18
per_scenario[1].conditions[33].parameters.rate,0.5
per_scenario[1].conditions[33].parameters.seed,3
per_scenario[1].conditions[33].perturbation_ground_truth.cascaded_investigation_steps_removed,1
per_scenario[1].conditions[33].perturbation_ground_truth.dangling_references_after_omission.escalations_or_dispositions,0
per_scenario[1].conditions[33].perturbation_ground_truth.dangling_references_after_omission.investigation_steps,0
per_scenario[1].conditions[33].perturbation_ground_truth.eligible_records,11
per_scenario[1].conditions[33].perturbation_ground_truth.removed[0].row_index,0
per_scenario[1].conditions[33].perturbation_ground_truth.removed[1].row_index,0
per_scenario[1].conditions[33].perturbation_ground_truth.removed[2].row_index,1
per_scenario[1].conditions[33].perturbation_ground_truth.removed[3].row_index,2
per_scenario[1].conditions[33].perturbation_ground_truth.removed[4].row_index,0
per_scenario[1].conditions[33].perturbation_ground_truth.removed[5].row_index,1
per_scenario[1].conditions[33].recommendation_count,0
per_scenario[1].conditions[33].risk.total_score,30.18
per_scenario[1].conditions[33].traceability.evidence_reference_coverage,1.0
per_scenario[1].conditions[33].traceability.evidence_references,13
per_scenario[1].conditions[33].traceability.findings,8
per_scenario[1].conditions[33].traceability.findings_with_all_evidence_references_resolved,6
per_scenario[1].conditions[33].traceability.resolved_evidence_references,13
per_scenario[1].conditions[33].validation_matches_expected,true
per_scenario[1].conditions[33].validation_seconds,0.365948
per_scenario[1].conditions[33].validation_totals.accepted,7
per_scenario[1].conditions[33].validation_totals.received,7
per_scenario[1].conditions[33].validation_totals.rejected,0
per_scenario[1].conditions[33].validation_warning_count,6
per_scenario[1].conditions[34].analysis_seconds,1.132566
per_scenario[1].conditions[34].catalog_family_metrics.f1,0.5
per_scenario[1].conditions[34].catalog_family_metrics.fn,0
per_scenario[1].conditions[34].catalog_family_metrics.fp,2
per_scenario[1].conditions[34].catalog_family_metrics.precision,0.3333
per_scenario[1].conditions[34].catalog_family_metrics.recall,1.0
per_scenario[1].conditions[34].catalog_family_metrics.tp,1
per_scenario[1].conditions[34].finding_count,4
per_scenario[1].conditions[34].paired_delta_vs_control.family_set_changed,true
per_scenario[1].conditions[34].paired_delta_vs_control.finding_count_change,2
per_scenario[1].conditions[34].paired_delta_vs_control.risk_fields_changed.total_score.control,14.92
per_scenario[1].conditions[34].paired_delta_vs_control.risk_fields_changed.total_score.perturbed,17.6
per_scenario[1].conditions[34].parameters.rate,0.5
per_scenario[1].conditions[34].parameters.seed,4
per_scenario[1].conditions[34].perturbation_ground_truth.dangling_references_after_omission.escalations_or_dispositions,0
per_scenario[1].conditions[34].perturbation_ground_truth.dangling_references_after_omission.investigation_steps,0
per_scenario[1].conditions[34].perturbation_ground_truth.eligible_records,11
per_scenario[1].conditions[34].perturbation_ground_truth.removed[0].row_index,0
per_scenario[1].conditions[34].perturbation_ground_truth.removed[1].row_index,0
per_scenario[1].conditions[34].perturbation_ground_truth.removed[2].row_index,2
per_scenario[1].conditions[34].perturbation_ground_truth.removed[3].row_index,0
per_scenario[1].conditions[34].perturbation_ground_truth.removed[4].row_index,0
per_scenario[1].conditions[34].perturbation_ground_truth.removed[5].row_index,1
per_scenario[1].conditions[34].recommendation_count,0
per_scenario[1].conditions[34].risk.total_score,17.6
per_scenario[1].conditions[34].traceability.evidence_reference_coverage,1.0
per_scenario[1].conditions[34].traceability.evidence_references,7
per_scenario[1].conditions[34].traceability.findings,4
per_scenario[1].conditions[34].traceability.findings_with_all_evidence_references_resolved,3
per_scenario[1].conditions[34].traceability.resolved_evidence_references,7
per_scenario[1].conditions[34].validation_matches_expected,true
per_scenario[1].conditions[34].validation_seconds,0.45168
per_scenario[1].conditions[34].validation_totals.accepted,8
per_scenario[1].conditions[34].validation_totals.received,8
per_scenario[1].conditions[34].validation_totals.rejected,0
per_scenario[1].conditions[34].validation_warning_count,3
per_scenario[1].conditions[35].analysis_seconds,1.006476
per_scenario[1].conditions[35].catalog_family_metrics.f1,0.5
per_scenario[1].conditions[35].catalog_family_metrics.fn,0
per_scenario[1].conditions[35].catalog_family_metrics.fp,2
per_scenario[1].conditions[35].catalog_family_metrics.precision,0.3333
per_scenario[1].conditions[35].catalog_family_metrics.recall,1.0
per_scenario[1].conditions[35].catalog_family_metrics.tp,1
per_scenario[1].conditions[35].finding_count,4
per_scenario[1].conditions[35].paired_delta_vs_control.family_set_changed,true
per_scenario[1].conditions[35].paired_delta_vs_control.finding_count_change,2
per_scenario[1].conditions[35].paired_delta_vs_control.risk_fields_changed.total_score.control,14.92
per_scenario[1].conditions[35].paired_delta_vs_control.risk_fields_changed.total_score.perturbed,17.6
per_scenario[1].conditions[35].parameters.rate,0.5
per_scenario[1].conditions[35].parameters.seed,4
per_scenario[1].conditions[35].perturbation_ground_truth.cascaded_investigation_steps_removed,0
per_scenario[1].conditions[35].perturbation_ground_truth.dangling_references_after_omission.escalations_or_dispositions,0
per_scenario[1].conditions[35].perturbation_ground_truth.dangling_references_after_omission.investigation_steps,0
per_scenario[1].conditions[35].perturbation_ground_truth.eligible_records,11
per_scenario[1].conditions[35].perturbation_ground_truth.removed[0].row_index,0
per_scenario[1].conditions[35].perturbation_ground_truth.removed[1].row_index,0
per_scenario[1].conditions[35].perturbation_ground_truth.removed[2].row_index,2
per_scenario[1].conditions[35].perturbation_ground_truth.removed[3].row_index,0
per_scenario[1].conditions[35].perturbation_ground_truth.removed[4].row_index,0
per_scenario[1].conditions[35].perturbation_ground_truth.removed[5].row_index,1
per_scenario[1].conditions[35].recommendation_count,0
per_scenario[1].conditions[35].risk.total_score,17.6
per_scenario[1].conditions[35].traceability.evidence_reference_coverage,1.0
per_scenario[1].conditions[35].traceability.evidence_references,7
per_scenario[1].conditions[35].traceability.findings,4
per_scenario[1].conditions[35].traceability.findings_with_all_evidence_references_resolved,3
per_scenario[1].conditions[35].traceability.resolved_evidence_references,7
per_scenario[1].conditions[35].validation_matches_expected,true
per_scenario[1].conditions[35].validation_seconds,0.453926
per_scenario[1].conditions[35].validation_totals.accepted,8
per_scenario[1].conditions[35].validation_totals.received,8
per_scenario[1].conditions[35].validation_totals.rejected,0
per_scenario[1].conditions[35].validation_warning_count,3
per_scenario[1].conditions[36].paired_delta_vs_control,null
per_scenario[1].conditions[36].perturbation_ground_truth.byte_identical,true
per_scenario[1].conditions[36].validation_matches_expected,true
per_scenario[1].conditions[36].validation_seconds,0.497666
per_scenario[1].conditions[36].validation_totals.accepted,0
per_scenario[1].conditions[36].validation_totals.received,15
per_scenario[1].conditions[36].validation_totals.rejected,1
per_scenario[1].conditions[36].validation_warning_count,0
per_scenario[1].conditions[37].paired_delta_vs_control,null
per_scenario[1].conditions[37].validation_matches_expected,true
per_scenario[1].conditions[37].validation_seconds,0.513402
per_scenario[1].conditions[37].validation_totals.accepted,14
per_scenario[1].conditions[37].validation_totals.received,15
per_scenario[1].conditions[37].validation_totals.rejected,1
per_scenario[1].conditions[37].validation_warning_count,0
per_scenario[1].conditions[38].paired_delta_vs_control,null
per_scenario[1].conditions[38].perturbation_ground_truth.byte_identical,true
per_scenario[1].conditions[38].validation_matches_expected,true
per_scenario[1].conditions[38].validation_seconds,0.507115
per_scenario[1].conditions[38].validation_totals.accepted,0
per_scenario[1].conditions[38].validation_totals.received,15
per_scenario[1].conditions[38].validation_totals.rejected,1
per_scenario[1].conditions[38].validation_warning_count,0
per_scenario[1].conditions[39].paired_delta_vs_control,null
per_scenario[1].conditions[39].validation_matches_expected,true
per_scenario[1].conditions[39].validation_seconds,0.502505
per_scenario[1].conditions[39].validation_totals.accepted,14
per_scenario[1].conditions[39].validation_totals.received,15
per_scenario[1].conditions[39].validation_totals.rejected,1
per_scenario[1].conditions[39].validation_warning_count,0
per_scenario[1].conditions[40].paired_delta_vs_control,null
per_scenario[1].conditions[40].perturbation_ground_truth.byte_identical,true
per_scenario[1].conditions[40].validation_matches_expected,true
per_scenario[1].conditions[40].validation_seconds,0.519269
per_scenario[1].conditions[40].validation_totals.accepted,0
per_scenario[1].conditions[40].validation_totals.received,15
per_scenario[1].conditions[40].validation_totals.rejected,1
per_scenario[1].conditions[40].validation_warning_count,0
per_scenario[1].conditions[41].analysis_seconds,0.884042
per_scenario[1].conditions[41].catalog_family_metrics.f1,0.5
per_scenario[1].conditions[41].catalog_family_metrics.fn,0
per_scenario[1].conditions[41].catalog_family_metrics.fp,2
per_scenario[1].conditions[41].catalog_family_metrics.precision,0.3333
per_scenario[1].conditions[41].catalog_family_metrics.recall,1.0
per_scenario[1].conditions[41].catalog_family_metrics.tp,1
per_scenario[1].conditions[41].finding_count,3
per_scenario[1].conditions[41].paired_delta_vs_control.family_set_changed,true
per_scenario[1].conditions[41].paired_delta_vs_control.finding_count_change,1
per_scenario[1].conditions[41].paired_delta_vs_control.risk_fields_changed.total_score.control,14.92
per_scenario[1].conditions[41].paired_delta_vs_control.risk_fields_changed.total_score.perturbed,20.54
per_scenario[1].conditions[41].perturbation_ground_truth.sequence_offset,100
per_scenario[1].conditions[41].recommendation_count,0
per_scenario[1].conditions[41].risk.total_score,20.54
per_scenario[1].conditions[41].traceability.evidence_reference_coverage,1.0
per_scenario[1].conditions[41].traceability.evidence_references,5
per_scenario[1].conditions[41].traceability.findings,3
per_scenario[1].conditions[41].traceability.findings_with_all_evidence_references_resolved,3
per_scenario[1].conditions[41].traceability.resolved_evidence_references,5
per_scenario[1].conditions[41].validation_matches_expected,true
per_scenario[1].conditions[41].validation_seconds,0.489716
per_scenario[1].conditions[41].validation_totals.accepted,15
per_scenario[1].conditions[41].validation_totals.received,15
per_scenario[1].conditions[41].validation_totals.rejected,0
per_scenario[1].conditions[41].validation_warning_count,0
per_scenario[1].conditions[42].analysis_seconds,0.571585
per_scenario[1].conditions[42].catalog_family_metrics.f1,0.6667
per_scenario[1].conditions[42].catalog_family_metrics.fn,0
per_scenario[1].conditions[42].catalog_family_metrics.fp,1
per_scenario[1].conditions[42].catalog_family_metrics.precision,0.5
per_scenario[1].conditions[42].catalog_family_metrics.recall,1.0
per_scenario[1].conditions[42].catalog_family_metrics.tp,1
per_scenario[1].conditions[42].finding_count,2
per_scenario[1].conditions[42].paired_delta_vs_control.family_set_changed,false
per_scenario[1].conditions[42].paired_delta_vs_control.finding_count_change,0
per_scenario[1].conditions[42].recommendation_count,0
per_scenario[1].conditions[42].risk.total_score,14.92
per_scenario[1].conditions[42].traceability.evidence_reference_coverage,1.0
per_scenario[1].conditions[42].traceability.evidence_references,4
per_scenario[1].conditions[42].traceability.findings,2
per_scenario[1].conditions[42].traceability.findings_with_all_evidence_references_resolved,2
per_scenario[1].conditions[42].traceability.resolved_evidence_references,4
per_scenario[1].conditions[42].validation_matches_expected,true
per_scenario[1].conditions[42].validation_seconds,0.473856
per_scenario[1].conditions[42].validation_totals.accepted,15
per_scenario[1].conditions[42].validation_totals.received,15
per_scenario[1].conditions[42].validation_totals.rejected,0
per_scenario[1].conditions[42].validation_warning_count,0
per_scenario[1].conditions[43].paired_delta_vs_control,null
per_scenario[1].conditions[43].validation_matches_expected,true
per_scenario[1].conditions[43].validation_seconds,0.480802
per_scenario[1].conditions[43].validation_totals.accepted,13
per_scenario[1].conditions[43].validation_totals.received,14
per_scenario[1].conditions[43].validation_totals.rejected,1
per_scenario[1].conditions[43].validation_warning_count,3
per_scenario[1].conditions[44].paired_delta_vs_control,null
per_scenario[1].conditions[44].validation_matches_expected,true
per_scenario[1].conditions[44].validation_seconds,0.474535
per_scenario[1].conditions[44].validation_totals.accepted,13
per_scenario[1].conditions[44].validation_totals.received,14
per_scenario[1].conditions[44].validation_totals.rejected,1
per_scenario[1].conditions[44].validation_warning_count,3
per_scenario[1].conditions[45].paired_delta_vs_control,null
per_scenario[1].conditions[45].validation_matches_expected,true
per_scenario[1].conditions[45].validation_seconds,0.44486
per_scenario[1].conditions[45].validation_totals.accepted,0
per_scenario[1].conditions[45].validation_totals.received,11
per_scenario[1].conditions[45].validation_totals.rejected,0
per_scenario[1].conditions[45].validation_warning_count,0
per_scenario[1].conditions[46].analysis_seconds,0.435422
per_scenario[1].conditions[46].catalog_family_metrics.f1,0.6667
per_scenario[1].conditions[46].catalog_family_metrics.fn,0
per_scenario[1].conditions[46].catalog_family_metrics.fp,1
per_scenario[1].conditions[46].catalog_family_metrics.precision,0.5
per_scenario[1].conditions[46].catalog_family_metrics.recall,1.0
per_scenario[1].conditions[46].catalog_family_metrics.tp,1
per_scenario[1].conditions[46].expected_validation,null
per_scenario[1].conditions[46].finding_count,2
per_scenario[1].conditions[46].paired_delta_vs_control.family_set_changed,false
per_scenario[1].conditions[46].paired_delta_vs_control.finding_count_change,0
per_scenario[1].conditions[46].parameters.shift_seconds,-87400.0
per_scenario[1].conditions[46].perturbation_ground_truth.shift_seconds,-87400.0
per_scenario[1].conditions[46].recommendation_count,0
per_scenario[1].conditions[46].risk.total_score,14.92
per_scenario[1].conditions[46].traceability.evidence_reference_coverage,1.0
per_scenario[1].conditions[46].traceability.evidence_references,4
per_scenario[1].conditions[46].traceability.findings,2
per_scenario[1].conditions[46].traceability.findings_with_all_evidence_references_resolved,2
per_scenario[1].conditions[46].traceability.resolved_evidence_references,4
per_scenario[1].conditions[46].validation_matches_expected,null
per_scenario[1].conditions[46].validation_seconds,0.473487
per_scenario[1].conditions[46].validation_totals.accepted,14
per_scenario[1].conditions[46].validation_totals.received,14
per_scenario[1].conditions[46].validation_totals.rejected,0
per_scenario[1].conditions[46].validation_warning_count,0
per_scenario[1].conditions[47].analysis_seconds,0.63839
per_scenario[1].conditions[47].catalog_family_metrics.f1,0.6667
per_scenario[1].conditions[47].catalog_family_metrics.fn,0
per_scenario[1].conditions[47].catalog_family_metrics.fp,1
per_scenario[1].conditions[47].catalog_family_metrics.precision,0.5
per_scenario[1].conditions[47].catalog_family_metrics.recall,1.0
per_scenario[1].conditions[47].catalog_family_metrics.tp,1
per_scenario[1].conditions[47].expected_validation,null
per_scenario[1].conditions[47].finding_count,2
per_scenario[1].conditions[47].paired_delta_vs_control.family_set_changed,false
per_scenario[1].conditions[47].paired_delta_vs_control.finding_count_change,0
per_scenario[1].conditions[47].parameters.shift_seconds,-3456000.0
per_scenario[1].conditions[47].perturbation_ground_truth.shift_seconds,-3456000.0
per_scenario[1].conditions[47].recommendation_count,0
per_scenario[1].conditions[47].risk.total_score,14.92
per_scenario[1].conditions[47].traceability.evidence_reference_coverage,1.0
per_scenario[1].conditions[47].traceability.evidence_references,4
per_scenario[1].conditions[47].traceability.findings,2
per_scenario[1].conditions[47].traceability.findings_with_all_evidence_references_resolved,2
per_scenario[1].conditions[47].traceability.resolved_evidence_references,4
per_scenario[1].conditions[47].validation_matches_expected,null
per_scenario[1].conditions[47].validation_seconds,0.448124
per_scenario[1].conditions[47].validation_totals.accepted,14
per_scenario[1].conditions[47].validation_totals.received,14
per_scenario[1].conditions[47].validation_totals.rejected,0
per_scenario[1].conditions[47].validation_warning_count,0
per_scenario[1].conditions[48].analysis_seconds,0.879322
per_scenario[1].conditions[48].catalog_family_metrics.f1,0.6667
per_scenario[1].conditions[48].catalog_family_metrics.fn,0
per_scenario[1].conditions[48].catalog_family_metrics.fp,1
per_scenario[1].conditions[48].catalog_family_metrics.precision,0.5
per_scenario[1].conditions[48].catalog_family_metrics.recall,1.0
per_scenario[1].conditions[48].catalog_family_metrics.tp,1
per_scenario[1].conditions[48].expected_validation,null
per_scenario[1].conditions[48].finding_count,2
per_scenario[1].conditions[48].paired_delta_vs_control.family_set_changed,false
per_scenario[1].conditions[48].paired_delta_vs_control.finding_count_change,0
per_scenario[1].conditions[48].parameters.shift_seconds,2677400.0
per_scenario[1].conditions[48].perturbation_ground_truth.shift_seconds,2677400.0
per_scenario[1].conditions[48].recommendation_count,0
per_scenario[1].conditions[48].risk.total_score,14.92
per_scenario[1].conditions[48].traceability.evidence_reference_coverage,1.0
per_scenario[1].conditions[48].traceability.evidence_references,4
per_scenario[1].conditions[48].traceability.findings,2
per_scenario[1].conditions[48].traceability.findings_with_all_evidence_references_resolved,2
per_scenario[1].conditions[48].traceability.resolved_evidence_references,4
per_scenario[1].conditions[48].validation_matches_expected,null
per_scenario[1].conditions[48].validation_seconds,0.489282
per_scenario[1].conditions[48].validation_totals.accepted,14
per_scenario[1].conditions[48].validation_totals.received,14
per_scenario[1].conditions[48].validation_totals.rejected,0
per_scenario[1].conditions[48].validation_warning_count,0
per_scenario[1].conditions[49].analysis_seconds,0.533266
per_scenario[1].conditions[49].catalog_family_metrics.f1,0.6667
per_scenario[1].conditions[49].catalog_family_metrics.fn,0
per_scenario[1].conditions[49].catalog_family_metrics.fp,1
per_scenario[1].conditions[49].catalog_family_metrics.precision,0.5
per_scenario[1].conditions[49].catalog_family_metrics.recall,1.0
per_scenario[1].conditions[49].catalog_family_metrics.tp,1
per_scenario[1].conditions[49].finding_count,2
per_scenario[1].conditions[49].paired_delta_vs_control.family_set_changed,false
per_scenario[1].conditions[49].paired_delta_vs_control.finding_count_change,0
per_scenario[1].conditions[49].recommendation_count,0
per_scenario[1].conditions[49].risk.total_score,14.92
per_scenario[1].conditions[49].traceability.evidence_reference_coverage,1.0
per_scenario[1].conditions[49].traceability.evidence_references,4
per_scenario[1].conditions[49].traceability.findings,2
per_scenario[1].conditions[49].traceability.findings_with_all_evidence_references_resolved,2
per_scenario[1].conditions[49].traceability.resolved_evidence_references,4
per_scenario[1].conditions[49].validation_matches_expected,true
per_scenario[1].conditions[49].validation_seconds,0.477925
per_scenario[1].conditions[49].validation_totals.accepted,15
per_scenario[1].conditions[49].validation_totals.received,15
per_scenario[1].conditions[49].validation_totals.rejected,0
per_scenario[1].conditions[49].validation_warning_count,0
per_scenario[1].conditions[50].analysis_seconds,0.686338
per_scenario[1].conditions[50].catalog_family_metrics.f1,0.6667
per_scenario[1].conditions[50].catalog_family_metrics.fn,0
per_scenario[1].conditions[50].catalog_family_metrics.fp,1
per_scenario[1].conditions[50].catalog_family_metrics.precision,0.5
per_scenario[1].conditions[50].catalog_family_metrics.recall,1.0
per_scenario[1].conditions[50].catalog_family_metrics.tp,1
per_scenario[1].conditions[50].finding_count,2
per_scenario[1].conditions[50].paired_delta_vs_control.family_set_changed,false
per_scenario[1].conditions[50].paired_delta_vs_control.finding_count_change,0
per_scenario[1].conditions[50].recommendation_count,0
per_scenario[1].conditions[50].risk.total_score,14.92
per_scenario[1].conditions[50].traceability.evidence_reference_coverage,1.0
per_scenario[1].conditions[50].traceability.evidence_references,3
per_scenario[1].conditions[50].traceability.findings,2
per_scenario[1].conditions[50].traceability.findings_with_all_evidence_references_resolved,2
per_scenario[1].conditions[50].traceability.resolved_evidence_references,3
per_scenario[1].conditions[50].validation_matches_expected,true
per_scenario[1].conditions[50].validation_seconds,0.478946
per_scenario[1].conditions[50].validation_totals.accepted,14
per_scenario[1].conditions[50].validation_totals.received,14
per_scenario[1].conditions[50].validation_totals.rejected,0
per_scenario[1].conditions[50].validation_warning_count,0
per_scenario[1].conditions[51].analysis_seconds,0.879723
per_scenario[1].conditions[51].catalog_family_metrics.f1,0.5
per_scenario[1].conditions[51].catalog_family_metrics.fn,0
per_scenario[1].conditions[51].catalog_family_metrics.fp,2
per_scenario[1].conditions[51].catalog_family_metrics.precision,0.3333
per_scenario[1].conditions[51].catalog_family_metrics.recall,1.0
per_scenario[1].conditions[51].catalog_family_metrics.tp,1
per_scenario[1].conditions[51].finding_count,4
per_scenario[1].conditions[51].paired_delta_vs_control.family_set_changed,true
per_scenario[1].conditions[51].paired_delta_vs_control.finding_count_change,2
per_scenario[1].conditions[51].paired_delta_vs_control.risk_fields_changed.total_score.control,14.92
per_scenario[1].conditions[51].paired_delta_vs_control.risk_fields_changed.total_score.perturbed,17.6
per_scenario[1].conditions[51].perturbation_ground_truth.removed_steps,3
per_scenario[1].conditions[51].recommendation_count,0
per_scenario[1].conditions[51].risk.total_score,17.6
per_scenario[1].conditions[51].traceability.evidence_reference_coverage,1.0
per_scenario[1].conditions[51].traceability.evidence_references,7
per_scenario[1].conditions[51].traceability.findings,4
per_scenario[1].conditions[51].traceability.findings_with_all_evidence_references_resolved,3
per_scenario[1].conditions[51].traceability.resolved_evidence_references,7
per_scenario[1].conditions[51].validation_matches_expected,true
per_scenario[1].conditions[51].validation_seconds,0.424949
per_scenario[1].conditions[51].validation_totals.accepted,11
per_scenario[1].conditions[51].validation_totals.received,11
per_scenario[1].conditions[51].validation_totals.rejected,0
per_scenario[1].conditions[51].validation_warning_count,0
per_scenario[1].conditions[52].paired_delta_vs_control,null
per_scenario[1].conditions[52].perturbation_ground_truth.closed_at,1735693300.0
per_scenario[1].conditions[52].validation_matches_expected,true
per_scenario[1].conditions[52].validation_seconds,0.494009
per_scenario[1].conditions[52].validation_totals.accepted,10
per_scenario[1].conditions[52].validation_totals.received,14
per_scenario[1].conditions[52].validation_totals.rejected,4
per_scenario[1].conditions[52].validation_warning_count,6
per_scenario[1].control_vs_catalog.f1,0.6667
per_scenario[1].control_vs_catalog.fn,0
per_scenario[1].control_vs_catalog.fp,1
per_scenario[1].control_vs_catalog.precision,0.5
per_scenario[1].control_vs_catalog.recall,1.0
per_scenario[1].control_vs_catalog.tp,1
per_scenario[2].conditions[0].analysis_seconds,0.454883
per_scenario[2].conditions[0].catalog_family_metrics.f1,1.0
per_scenario[2].conditions[0].catalog_family_metrics.fn,0
per_scenario[2].conditions[0].catalog_family_metrics.fp,0
per_scenario[2].conditions[0].catalog_family_metrics.precision,1.0
per_scenario[2].conditions[0].catalog_family_metrics.recall,1.0
per_scenario[2].conditions[0].catalog_family_metrics.tp,1
per_scenario[2].conditions[0].finding_count,1
per_scenario[2].conditions[0].recommendation_count,0
per_scenario[2].conditions[0].risk.total_score,6.18
per_scenario[2].conditions[0].traceability.evidence_reference_coverage,1.0
per_scenario[2].conditions[0].traceability.evidence_references,1
per_scenario[2].conditions[0].traceability.findings,1
per_scenario[2].conditions[0].traceability.findings_with_all_evidence_references_resolved,1
per_scenario[2].conditions[0].traceability.resolved_evidence_references,1
per_scenario[2].conditions[0].validation_matches_expected,true
per_scenario[2].conditions[0].validation_seconds,0.517248
per_scenario[2].conditions[0].validation_totals.accepted,17
per_scenario[2].conditions[0].validation_totals.received,17
per_scenario[2].conditions[0].validation_totals.rejected,0
per_scenario[2].conditions[0].validation_warning_count,0
per_scenario[2].conditions[1].paired_delta_vs_control,null
per_scenario[2].conditions[1].perturbation_ground_truth.dangling_references_after_omission.escalations_or_dispositions,0
per_scenario[2].conditions[1].perturbation_ground_truth.dangling_references_after_omission.investigation_steps,3
per_scenario[2].conditions[1].perturbation_ground_truth.omitted_records,2
per_scenario[2].conditions[1].validation_matches_expected,true
per_scenario[2].conditions[1].validation_seconds,0.408964
per_scenario[2].conditions[1].validation_totals.accepted,12
per_scenario[2].conditions[1].validation_totals.received,15
per_scenario[2].conditions[1].validation_totals.rejected,3
per_scenario[2].conditions[1].validation_warning_count,9
per_scenario[2].conditions[2].analysis_seconds,0.61199
per_scenario[2].conditions[2].catalog_family_metrics.f1,null
per_scenario[2].conditions[2].catalog_family_metrics.fn,1
per_scenario[2].conditions[2].catalog_family_metrics.fp,1
per_scenario[2].conditions[2].catalog_family_metrics.precision,0.0
per_scenario[2].conditions[2].catalog_family_metrics.recall,0.0
per_scenario[2].conditions[2].catalog_family_metrics.tp,0
per_scenario[2].conditions[2].finding_count,2
per_scenario[2].conditions[2].paired_delta_vs_control.family_set_changed,true
per_scenario[2].conditions[2].paired_delta_vs_control.finding_count_change,1
per_scenario[2].conditions[2].perturbation_ground_truth.dangling_references_after_omission.escalations_or_dispositions,0
per_scenario[2].conditions[2].perturbation_ground_truth.dangling_references_after_omission.investigation_steps,0
per_scenario[2].conditions[2].perturbation_ground_truth.omitted_records,3
per_scenario[2].conditions[2].recommendation_count,0
per_scenario[2].conditions[2].risk.total_score,6.18
per_scenario[2].conditions[2].traceability.evidence_reference_coverage,1.0
per_scenario[2].conditions[2].traceability.evidence_references,2
per_scenario[2].conditions[2].traceability.findings,2
per_scenario[2].conditions[2].traceability.findings_with_all_evidence_references_resolved,1
per_scenario[2].conditions[2].traceability.resolved_evidence_references,2
per_scenario[2].conditions[2].validation_matches_expected,true
per_scenario[2].conditions[2].validation_seconds,0.418665
per_scenario[2].conditions[2].validation_totals.accepted,14
per_scenario[2].conditions[2].validation_totals.received,14
per_scenario[2].conditions[2].validation_totals.rejected,0
per_scenario[2].conditions[2].validation_warning_count,0
per_scenario[2].conditions[3].analysis_seconds,0.71369
per_scenario[2].conditions[3].catalog_family_metrics.f1,1.0
per_scenario[2].conditions[3].catalog_family_metrics.fn,0
per_scenario[2].conditions[3].catalog_family_metrics.fp,0
per_scenario[2].conditions[3].catalog_family_metrics.precision,1.0
per_scenario[2].conditions[3].catalog_family_metrics.recall,1.0
per_scenario[2].conditions[3].catalog_family_metrics.tp,1
per_scenario[2].conditions[3].finding_count,2
per_scenario[2].conditions[3].paired_delta_vs_control.family_set_changed,false
per_scenario[2].conditions[3].paired_delta_vs_control.finding_count_change,1
per_scenario[2].conditions[3].perturbation_ground_truth.dangling_references_after_omission.escalations_or_dispositions,0
per_scenario[2].conditions[3].perturbation_ground_truth.dangling_references_after_omission.investigation_steps,0
per_scenario[2].conditions[3].perturbation_ground_truth.omitted_records,1
per_scenario[2].conditions[3].recommendation_count,0
per_scenario[2].conditions[3].risk.total_score,6.18
per_scenario[2].conditions[3].traceability.evidence_reference_coverage,1.0
per_scenario[2].conditions[3].traceability.evidence_references,1
per_scenario[2].conditions[3].traceability.findings,2
per_scenario[2].conditions[3].traceability.findings_with_all_evidence_references_resolved,1
per_scenario[2].conditions[3].traceability.resolved_evidence_references,1
per_scenario[2].conditions[3].validation_matches_expected,true
per_scenario[2].conditions[3].validation_seconds,0.438264
per_scenario[2].conditions[3].validation_totals.accepted,16
per_scenario[2].conditions[3].validation_totals.received,16
per_scenario[2].conditions[3].validation_totals.rejected,0
per_scenario[2].conditions[3].validation_warning_count,0
per_scenario[2].conditions[4].analysis_seconds,0.487536
per_scenario[2].conditions[4].catalog_family_metrics.f1,1.0
per_scenario[2].conditions[4].catalog_family_metrics.fn,0
per_scenario[2].conditions[4].catalog_family_metrics.fp,0
per_scenario[2].conditions[4].catalog_family_metrics.precision,1.0
per_scenario[2].conditions[4].catalog_family_metrics.recall,1.0
per_scenario[2].conditions[4].catalog_family_metrics.tp,1
per_scenario[2].conditions[4].finding_count,2
per_scenario[2].conditions[4].paired_delta_vs_control.family_set_changed,false
per_scenario[2].conditions[4].paired_delta_vs_control.finding_count_change,1
per_scenario[2].conditions[4].perturbation_ground_truth.dangling_references_after_omission.escalations_or_dispositions,0
per_scenario[2].conditions[4].perturbation_ground_truth.dangling_references_after_omission.investigation_steps,0
per_scenario[2].conditions[4].perturbation_ground_truth.omitted_records,4
per_scenario[2].conditions[4].recommendation_count,0
per_scenario[2].conditions[4].risk.total_score,6.18
per_scenario[2].conditions[4].traceability.evidence_reference_coverage,1.0
per_scenario[2].conditions[4].traceability.evidence_references,1
per_scenario[2].conditions[4].traceability.findings,2
per_scenario[2].conditions[4].traceability.findings_with_all_evidence_references_resolved,1
per_scenario[2].conditions[4].traceability.resolved_evidence_references,1
per_scenario[2].conditions[4].validation_matches_expected,true
per_scenario[2].conditions[4].validation_seconds,0.413565
per_scenario[2].conditions[4].validation_totals.accepted,13
per_scenario[2].conditions[4].validation_totals.received,13
per_scenario[2].conditions[4].validation_totals.rejected,0
per_scenario[2].conditions[4].validation_warning_count,0
per_scenario[2].conditions[5].analysis_seconds,0.814772
per_scenario[2].conditions[5].catalog_family_metrics.f1,1.0
per_scenario[2].conditions[5].catalog_family_metrics.fn,0
per_scenario[2].conditions[5].catalog_family_metrics.fp,0
per_scenario[2].conditions[5].catalog_family_metrics.precision,1.0
per_scenario[2].conditions[5].catalog_family_metrics.recall,1.0
per_scenario[2].conditions[5].catalog_family_metrics.tp,1
per_scenario[2].conditions[5].finding_count,2
per_scenario[2].conditions[5].paired_delta_vs_control.family_set_changed,false
per_scenario[2].conditions[5].paired_delta_vs_control.finding_count_change,1
per_scenario[2].conditions[5].perturbation_ground_truth.dangling_references_after_omission.escalations_or_dispositions,0
per_scenario[2].conditions[5].perturbation_ground_truth.dangling_references_after_omission.investigation_steps,0
per_scenario[2].conditions[5].perturbation_ground_truth.omitted_records,3
per_scenario[2].conditions[5].recommendation_count,0
per_scenario[2].conditions[5].risk.total_score,6.18
per_scenario[2].conditions[5].traceability.evidence_reference_coverage,1.0
per_scenario[2].conditions[5].traceability.evidence_references,1
per_scenario[2].conditions[5].traceability.findings,2
per_scenario[2].conditions[5].traceability.findings_with_all_evidence_references_resolved,1
per_scenario[2].conditions[5].traceability.resolved_evidence_references,1
per_scenario[2].conditions[5].validation_matches_expected,true
per_scenario[2].conditions[5].validation_seconds,0.410998
per_scenario[2].conditions[5].validation_totals.accepted,14
per_scenario[2].conditions[5].validation_totals.received,14
per_scenario[2].conditions[5].validation_totals.rejected,0
per_scenario[2].conditions[5].validation_warning_count,4
per_scenario[2].conditions[6].analysis_seconds,0.877948
per_scenario[2].conditions[6].catalog_family_metrics.f1,1.0
per_scenario[2].conditions[6].catalog_family_metrics.fn,0
per_scenario[2].conditions[6].catalog_family_metrics.fp,0
per_scenario[2].conditions[6].catalog_family_metrics.precision,1.0
per_scenario[2].conditions[6].catalog_family_metrics.recall,1.0
per_scenario[2].conditions[6].catalog_family_metrics.tp,1
per_scenario[2].conditions[6].finding_count,1
per_scenario[2].conditions[6].paired_delta_vs_control.family_set_changed,false
per_scenario[2].conditions[6].paired_delta_vs_control.finding_count_change,0
per_scenario[2].conditions[6].parameters.rate,0.1
per_scenario[2].conditions[6].parameters.seed,0
per_scenario[2].conditions[6].perturbation_ground_truth.dangling_references_after_omission.escalations_or_dispositions,0
per_scenario[2].conditions[6].perturbation_ground_truth.dangling_references_after_omission.investigation_steps,0
per_scenario[2].conditions[6].perturbation_ground_truth.eligible_records,13
per_scenario[2].conditions[6].perturbation_ground_truth.removed[0].row_index,0
per_scenario[2].conditions[6].recommendation_count,0
per_scenario[2].conditions[6].risk.total_score,6.18
per_scenario[2].conditions[6].traceability.evidence_reference_coverage,1.0
per_scenario[2].conditions[6].traceability.evidence_references,1
per_scenario[2].conditions[6].traceability.findings,1
per_scenario[2].conditions[6].traceability.findings_with_all_evidence_references_resolved,1
per_scenario[2].conditions[6].traceability.resolved_evidence_references,1
per_scenario[2].conditions[6].validation_matches_expected,true
per_scenario[2].conditions[6].validation_seconds,0.479224
per_scenario[2].conditions[6].validation_totals.accepted,16
per_scenario[2].conditions[6].validation_totals.received,16
per_scenario[2].conditions[6].validation_totals.rejected,0
per_scenario[2].conditions[6].validation_warning_count,2
per_scenario[2].conditions[7].analysis_seconds,0.398984
per_scenario[2].conditions[7].catalog_family_metrics.f1,1.0
per_scenario[2].conditions[7].catalog_family_metrics.fn,0
per_scenario[2].conditions[7].catalog_family_metrics.fp,0
per_scenario[2].conditions[7].catalog_family_metrics.precision,1.0
per_scenario[2].conditions[7].catalog_family_metrics.recall,1.0
per_scenario[2].conditions[7].catalog_family_metrics.tp,1
per_scenario[2].conditions[7].finding_count,1
per_scenario[2].conditions[7].paired_delta_vs_control.family_set_changed,false
per_scenario[2].conditions[7].paired_delta_vs_control.finding_count_change,0
per_scenario[2].conditions[7].parameters.rate,0.1
per_scenario[2].conditions[7].parameters.seed,0
per_scenario[2].conditions[7].perturbation_ground_truth.cascaded_investigation_steps_removed,0
per_scenario[2].conditions[7].perturbation_ground_truth.dangling_references_after_omission.escalations_or_dispositions,0
per_scenario[2].conditions[7].perturbation_ground_truth.dangling_references_after_omission.investigation_steps,0
per_scenario[2].conditions[7].perturbation_ground_truth.eligible_records,13
per_scenario[2].conditions[7].perturbation_ground_truth.removed[0].row_index,0
per_scenario[2].conditions[7].recommendation_count,0
per_scenario[2].conditions[7].risk.total_score,6.18
per_scenario[2].conditions[7].traceability.evidence_reference_coverage,1.0
per_scenario[2].conditions[7].traceability.evidence_references,1
per_scenario[2].conditions[7].traceability.findings,1
per_scenario[2].conditions[7].traceability.findings_with_all_evidence_references_resolved,1
per_scenario[2].conditions[7].traceability.resolved_evidence_references,1
per_scenario[2].conditions[7].validation_matches_expected,true
per_scenario[2].conditions[7].validation_seconds,0.470412
per_scenario[2].conditions[7].validation_totals.accepted,16
per_scenario[2].conditions[7].validation_totals.received,16
per_scenario[2].conditions[7].validation_totals.rejected,0
per_scenario[2].conditions[7].validation_warning_count,2
per_scenario[2].conditions[8].analysis_seconds,0.869175
per_scenario[2].conditions[8].catalog_family_metrics.f1,1.0
per_scenario[2].conditions[8].catalog_family_metrics.fn,0
per_scenario[2].conditions[8].catalog_family_metrics.fp,0
per_scenario[2].conditions[8].catalog_family_metrics.precision,1.0
per_scenario[2].conditions[8].catalog_family_metrics.recall,1.0
per_scenario[2].conditions[8].catalog_family_metrics.tp,1
per_scenario[2].conditions[8].finding_count,1
per_scenario[2].conditions[8].paired_delta_vs_control.family_set_changed,false
per_scenario[2].conditions[8].paired_delta_vs_control.finding_count_change,0
per_scenario[2].conditions[8].parameters.rate,0.1
per_scenario[2].conditions[8].parameters.seed,1
per_scenario[2].conditions[8].perturbation_ground_truth.dangling_references_after_omission.escalations_or_dispositions,0
per_scenario[2].conditions[8].perturbation_ground_truth.dangling_references_after_omission.investigation_steps,0
per_scenario[2].conditions[8].perturbation_ground_truth.eligible_records,13
per_scenario[2].conditions[8].perturbation_ground_truth.removed[0].row_index,1
per_scenario[2].conditions[8].recommendation_count,0
per_scenario[2].conditions[8].risk.total_score,6.18
per_scenario[2].conditions[8].traceability.evidence_reference_coverage,1.0
per_scenario[2].conditions[8].traceability.evidence_references,1
per_scenario[2].conditions[8].traceability.findings,1
per_scenario[2].conditions[8].traceability.findings_with_all_evidence_references_resolved,1
per_scenario[2].conditions[8].traceability.resolved_evidence_references,1
per_scenario[2].conditions[8].validation_matches_expected,true
per_scenario[2].conditions[8].validation_seconds,0.475465
per_scenario[2].conditions[8].validation_totals.accepted,16
per_scenario[2].conditions[8].validation_totals.received,16
per_scenario[2].conditions[8].validation_totals.rejected,0
per_scenario[2].conditions[8].validation_warning_count,0
per_scenario[2].conditions[9].analysis_seconds,0.261003
per_scenario[2].conditions[9].catalog_family_metrics.f1,1.0
per_scenario[2].conditions[9].catalog_family_metrics.fn,0
per_scenario[2].conditions[9].catalog_family_metrics.fp,0
per_scenario[2].conditions[9].catalog_family_metrics.precision,1.0
per_scenario[2].conditions[9].catalog_family_metrics.recall,1.0
per_scenario[2].conditions[9].catalog_family_metrics.tp,1
per_scenario[2].conditions[9].finding_count,1
per_scenario[2].conditions[9].paired_delta_vs_control.family_set_changed,false
per_scenario[2].conditions[9].paired_delta_vs_control.finding_count_change,0
per_scenario[2].conditions[9].parameters.rate,0.1
per_scenario[2].conditions[9].parameters.seed,1
per_scenario[2].conditions[9].perturbation_ground_truth.cascaded_investigation_steps_removed,0
per_scenario[2].conditions[9].perturbation_ground_truth.dangling_references_after_omission.escalations_or_dispositions,0
per_scenario[2].conditions[9].perturbation_ground_truth.dangling_references_after_omission.investigation_steps,0
per_scenario[2].conditions[9].perturbation_ground_truth.eligible_records,13
per_scenario[2].conditions[9].perturbation_ground_truth.removed[0].row_index,1
per_scenario[2].conditions[9].recommendation_count,0
per_scenario[2].conditions[9].risk.total_score,6.18
per_scenario[2].conditions[9].traceability.evidence_reference_coverage,1.0
per_scenario[2].conditions[9].traceability.evidence_references,1
per_scenario[2].conditions[9].traceability.findings,1
per_scenario[2].conditions[9].traceability.findings_with_all_evidence_references_resolved,1
per_scenario[2].conditions[9].traceability.resolved_evidence_references,1
per_scenario[2].conditions[9].validation_matches_expected,true
per_scenario[2].conditions[9].validation_seconds,0.480429
per_scenario[2].conditions[9].validation_totals.accepted,16
per_scenario[2].conditions[9].validation_totals.received,16
per_scenario[2].conditions[9].validation_totals.rejected,0
per_scenario[2].conditions[9].validation_warning_count,0
per_scenario[2].conditions[10].analysis_seconds,0.720803
per_scenario[2].conditions[10].catalog_family_metrics.f1,1.0
per_scenario[2].conditions[10].catalog_family_metrics.fn,0
per_scenario[2].conditions[10].catalog_family_metrics.fp,0
per_scenario[2].conditions[10].catalog_family_metrics.precision,1.0
per_scenario[2].conditions[10].catalog_family_metrics.recall,1.0
per_scenario[2].conditions[10].catalog_family_metrics.tp,1
per_scenario[2].conditions[10].finding_count,1
per_scenario[2].conditions[10].paired_delta_vs_control.family_set_changed,false
per_scenario[2].conditions[10].paired_delta_vs_control.finding_count_change,0
per_scenario[2].conditions[10].parameters.rate,0.1
per_scenario[2].conditions[10].parameters.seed,2
per_scenario[2].conditions[10].perturbation_ground_truth.dangling_references_after_omission.escalations_or_dispositions,0
per_scenario[2].conditions[10].perturbation_ground_truth.dangling_references_after_omission.investigation_steps,0
per_scenario[2].conditions[10].perturbation_ground_truth.eligible_records,13
per_scenario[2].conditions[10].perturbation_ground_truth.removed[0].row_index,3
per_scenario[2].conditions[10].recommendation_count,0
per_scenario[2].conditions[10].risk.total_score,6.18
per_scenario[2].conditions[10].traceability.evidence_reference_coverage,1.0
per_scenario[2].conditions[10].traceability.evidence_references,1
per_scenario[2].conditions[10].traceability.findings,1
per_scenario[2].conditions[10].traceability.findings_with_all_evidence_references_resolved,1
per_scenario[2].conditions[10].traceability.resolved_evidence_references,1
per_scenario[2].conditions[10].validation_matches_expected,true
per_scenario[2].conditions[10].validation_seconds,0.502619
per_scenario[2].conditions[10].validation_totals.accepted,16
per_scenario[2].conditions[10].validation_totals.received,16
per_scenario[2].conditions[10].validation_totals.rejected,0
per_scenario[2].conditions[10].validation_warning_count,0
per_scenario[2].conditions[11].analysis_seconds,0.369145
per_scenario[2].conditions[11].catalog_family_metrics.f1,1.0
per_scenario[2].conditions[11].catalog_family_metrics.fn,0
per_scenario[2].conditions[11].catalog_family_metrics.fp,0
per_scenario[2].conditions[11].catalog_family_metrics.precision,1.0
per_scenario[2].conditions[11].catalog_family_metrics.recall,1.0
per_scenario[2].conditions[11].catalog_family_metrics.tp,1
per_scenario[2].conditions[11].finding_count,1
per_scenario[2].conditions[11].paired_delta_vs_control.family_set_changed,false
per_scenario[2].conditions[11].paired_delta_vs_control.finding_count_change,0
per_scenario[2].conditions[11].parameters.rate,0.1
per_scenario[2].conditions[11].parameters.seed,2
per_scenario[2].conditions[11].perturbation_ground_truth.cascaded_investigation_steps_removed,0
per_scenario[2].conditions[11].perturbation_ground_truth.dangling_references_after_omission.escalations_or_dispositions,0
per_scenario[2].conditions[11].perturbation_ground_truth.dangling_references_after_omission.investigation_steps,0
per_scenario[2].conditions[11].perturbation_ground_truth.eligible_records,13
per_scenario[2].conditions[11].perturbation_ground_truth.removed[0].row_index,3
per_scenario[2].conditions[11].recommendation_count,0
per_scenario[2].conditions[11].risk.total_score,6.18
per_scenario[2].conditions[11].traceability.evidence_reference_coverage,1.0
per_scenario[2].conditions[11].traceability.evidence_references,1
per_scenario[2].conditions[11].traceability.findings,1
per_scenario[2].conditions[11].traceability.findings_with_all_evidence_references_resolved,1
per_scenario[2].conditions[11].traceability.resolved_evidence_references,1
per_scenario[2].conditions[11].validation_matches_expected,true
per_scenario[2].conditions[11].validation_seconds,0.471079
per_scenario[2].conditions[11].validation_totals.accepted,16
per_scenario[2].conditions[11].validation_totals.received,16
per_scenario[2].conditions[11].validation_totals.rejected,0
per_scenario[2].conditions[11].validation_warning_count,0
per_scenario[2].conditions[12].analysis_seconds,0.25502
per_scenario[2].conditions[12].catalog_family_metrics.f1,1.0
per_scenario[2].conditions[12].catalog_family_metrics.fn,0
per_scenario[2].conditions[12].catalog_family_metrics.fp,0
per_scenario[2].conditions[12].catalog_family_metrics.precision,1.0
per_scenario[2].conditions[12].catalog_family_metrics.recall,1.0
per_scenario[2].conditions[12].catalog_family_metrics.tp,1
per_scenario[2].conditions[12].finding_count,1
per_scenario[2].conditions[12].paired_delta_vs_control.family_set_changed,false
per_scenario[2].conditions[12].paired_delta_vs_control.finding_count_change,0
per_scenario[2].conditions[12].parameters.rate,0.1
per_scenario[2].conditions[12].parameters.seed,3
per_scenario[2].conditions[12].perturbation_ground_truth.dangling_references_after_omission.escalations_or_dispositions,0
per_scenario[2].conditions[12].perturbation_ground_truth.dangling_references_after_omission.investigation_steps,0
per_scenario[2].conditions[12].perturbation_ground_truth.eligible_records,13
per_scenario[2].conditions[12].perturbation_ground_truth.removed[0].row_index,2
per_scenario[2].conditions[12].recommendation_count,0
per_scenario[2].conditions[12].risk.total_score,6.18
per_scenario[2].conditions[12].traceability.evidence_reference_coverage,1.0
per_scenario[2].conditions[12].traceability.evidence_references,1
per_scenario[2].conditions[12].traceability.findings,1
per_scenario[2].conditions[12].traceability.findings_with_all_evidence_references_resolved,1
per_scenario[2].conditions[12].traceability.resolved_evidence_references,1
per_scenario[2].conditions[12].validation_matches_expected,true
per_scenario[2].conditions[12].validation_seconds,0.462456
per_scenario[2].conditions[12].validation_totals.accepted,16
per_scenario[2].conditions[12].validation_totals.received,16
per_scenario[2].conditions[12].validation_totals.rejected,0
per_scenario[2].conditions[12].validation_warning_count,1
per_scenario[2].conditions[13].analysis_seconds,0.404901
per_scenario[2].conditions[13].catalog_family_metrics.f1,1.0
per_scenario[2].conditions[13].catalog_family_metrics.fn,0
per_scenario[2].conditions[13].catalog_family_metrics.fp,0
per_scenario[2].conditions[13].catalog_family_metrics.precision,1.0
per_scenario[2].conditions[13].catalog_family_metrics.recall,1.0
per_scenario[2].conditions[13].catalog_family_metrics.tp,1
per_scenario[2].conditions[13].finding_count,1
per_scenario[2].conditions[13].paired_delta_vs_control.family_set_changed,false
per_scenario[2].conditions[13].paired_delta_vs_control.finding_count_change,0
per_scenario[2].conditions[13].parameters.rate,0.1
per_scenario[2].conditions[13].parameters.seed,3
per_scenario[2].conditions[13].perturbation_ground_truth.cascaded_investigation_steps_removed,0
per_scenario[2].conditions[13].perturbation_ground_truth.dangling_references_after_omission.escalations_or_dispositions,0
per_scenario[2].conditions[13].perturbation_ground_truth.dangling_references_after_omission.investigation_steps,0
per_scenario[2].conditions[13].perturbation_ground_truth.eligible_records,13
per_scenario[2].conditions[13].perturbation_ground_truth.removed[0].row_index,2
per_scenario[2].conditions[13].recommendation_count,0
per_scenario[2].conditions[13].risk.total_score,6.18
per_scenario[2].conditions[13].traceability.evidence_reference_coverage,1.0
per_scenario[2].conditions[13].traceability.evidence_references,1
per_scenario[2].conditions[13].traceability.findings,1
per_scenario[2].conditions[13].traceability.findings_with_all_evidence_references_resolved,1
per_scenario[2].conditions[13].traceability.resolved_evidence_references,1
per_scenario[2].conditions[13].validation_matches_expected,true
per_scenario[2].conditions[13].validation_seconds,0.485458
per_scenario[2].conditions[13].validation_totals.accepted,16
per_scenario[2].conditions[13].validation_totals.received,16
per_scenario[2].conditions[13].validation_totals.rejected,0
per_scenario[2].conditions[13].validation_warning_count,1
per_scenario[2].conditions[14].analysis_seconds,0.326265
per_scenario[2].conditions[14].catalog_family_metrics.f1,1.0
per_scenario[2].conditions[14].catalog_family_metrics.fn,0
per_scenario[2].conditions[14].catalog_family_metrics.fp,0
per_scenario[2].conditions[14].catalog_family_metrics.precision,1.0
per_scenario[2].conditions[14].catalog_family_metrics.recall,1.0
per_scenario[2].conditions[14].catalog_family_metrics.tp,1
per_scenario[2].conditions[14].finding_count,1
per_scenario[2].conditions[14].paired_delta_vs_control.family_set_changed,false
per_scenario[2].conditions[14].paired_delta_vs_control.finding_count_change,0
per_scenario[2].conditions[14].parameters.rate,0.1
per_scenario[2].conditions[14].parameters.seed,4
per_scenario[2].conditions[14].perturbation_ground_truth.dangling_references_after_omission.escalations_or_dispositions,0
per_scenario[2].conditions[14].perturbation_ground_truth.dangling_references_after_omission.investigation_steps,0
per_scenario[2].conditions[14].perturbation_ground_truth.eligible_records,13
per_scenario[2].conditions[14].perturbation_ground_truth.removed[0].row_index,3
per_scenario[2].conditions[14].recommendation_count,0
per_scenario[2].conditions[14].risk.total_score,6.18
per_scenario[2].conditions[14].traceability.evidence_reference_coverage,1.0
per_scenario[2].conditions[14].traceability.evidence_references,1
per_scenario[2].conditions[14].traceability.findings,1
per_scenario[2].conditions[14].traceability.findings_with_all_evidence_references_resolved,1
per_scenario[2].conditions[14].traceability.resolved_evidence_references,1
per_scenario[2].conditions[14].validation_matches_expected,true
per_scenario[2].conditions[14].validation_seconds,0.47324
per_scenario[2].conditions[14].validation_totals.accepted,16
per_scenario[2].conditions[14].validation_totals.received,16
per_scenario[2].conditions[14].validation_totals.rejected,0
per_scenario[2].conditions[14].validation_warning_count,0
per_scenario[2].conditions[15].analysis_seconds,0.330975
per_scenario[2].conditions[15].catalog_family_metrics.f1,1.0
per_scenario[2].conditions[15].catalog_family_metrics.fn,0
per_scenario[2].conditions[15].catalog_family_metrics.fp,0
per_scenario[2].conditions[15].catalog_family_metrics.precision,1.0
per_scenario[2].conditions[15].catalog_family_metrics.recall,1.0
per_scenario[2].conditions[15].catalog_family_metrics.tp,1
per_scenario[2].conditions[15].finding_count,1
per_scenario[2].conditions[15].paired_delta_vs_control.family_set_changed,false
per_scenario[2].conditions[15].paired_delta_vs_control.finding_count_change,0
per_scenario[2].conditions[15].parameters.rate,0.1
per_scenario[2].conditions[15].parameters.seed,4
per_scenario[2].conditions[15].perturbation_ground_truth.cascaded_investigation_steps_removed,0
per_scenario[2].conditions[15].perturbation_ground_truth.dangling_references_after_omission.escalations_or_dispositions,0
per_scenario[2].conditions[15].perturbation_ground_truth.dangling_references_after_omission.investigation_steps,0
per_scenario[2].conditions[15].perturbation_ground_truth.eligible_records,13
per_scenario[2].conditions[15].perturbation_ground_truth.removed[0].row_index,3
per_scenario[2].conditions[15].recommendation_count,0
per_scenario[2].conditions[15].risk.total_score,6.18
per_scenario[2].conditions[15].traceability.evidence_reference_coverage,1.0
per_scenario[2].conditions[15].traceability.evidence_references,1
per_scenario[2].conditions[15].traceability.findings,1
per_scenario[2].conditions[15].traceability.findings_with_all_evidence_references_resolved,1
per_scenario[2].conditions[15].traceability.resolved_evidence_references,1
per_scenario[2].conditions[15].validation_matches_expected,true
per_scenario[2].conditions[15].validation_seconds,0.47854
per_scenario[2].conditions[15].validation_totals.accepted,16
per_scenario[2].conditions[15].validation_totals.received,16
per_scenario[2].conditions[15].validation_totals.rejected,0
per_scenario[2].conditions[15].validation_warning_count,0
per_scenario[2].conditions[16].paired_delta_vs_control,null
per_scenario[2].conditions[16].parameters.rate,0.25
per_scenario[2].conditions[16].parameters.seed,0
per_scenario[2].conditions[16].perturbation_ground_truth.dangling_references_after_omission.escalations_or_dispositions,0
per_scenario[2].conditions[16].perturbation_ground_truth.dangling_references_after_omission.investigation_steps,2
per_scenario[2].conditions[16].perturbation_ground_truth.eligible_records,13
per_scenario[2].conditions[16].perturbation_ground_truth.removed[0].row_index,0
per_scenario[2].conditions[16].perturbation_ground_truth.removed[1].row_index,3
per_scenario[2].conditions[16].perturbation_ground_truth.removed[2].row_index,2
per_scenario[2].conditions[16].validation_matches_expected,true
per_scenario[2].conditions[16].validation_seconds,0.475775
per_scenario[2].conditions[16].validation_totals.accepted,12
per_scenario[2].conditions[16].validation_totals.received,14
per_scenario[2].conditions[16].validation_totals.rejected,2
per_scenario[2].conditions[16].validation_warning_count,5
per_scenario[2].conditions[17].analysis_seconds,0.367921
per_scenario[2].conditions[17].catalog_family_metrics.f1,null
per_scenario[2].conditions[17].catalog_family_metrics.fn,1
per_scenario[2].conditions[17].catalog_family_metrics.fp,0
per_scenario[2].conditions[17].catalog_family_metrics.precision,null
per_scenario[2].conditions[17].catalog_family_metrics.recall,0.0
per_scenario[2].conditions[17].catalog_family_metrics.tp,0
per_scenario[2].conditions[17].finding_count,1
per_scenario[2].conditions[17].paired_delta_vs_control.family_set_changed,true
per_scenario[2].conditions[17].paired_delta_vs_control.finding_count_change,0
per_scenario[2].conditions[17].paired_delta_vs_control.risk_fields_changed.total_score.control,6.18
per_scenario[2].conditions[17].paired_delta_vs_control.risk_fields_changed.total_score.perturbed,0.0
per_scenario[2].conditions[17].parameters.rate,0.25
per_scenario[2].conditions[17].parameters.seed,0
per_scenario[2].conditions[17].perturbation_ground_truth.cascaded_investigation_steps_removed,2
per_scenario[2].conditions[17].perturbation_ground_truth.dangling_references_after_omission.escalations_or_dispositions,0
per_scenario[2].conditions[17].perturbation_ground_truth.dangling_references_after_omission.investigation_steps,0
per_scenario[2].conditions[17].perturbation_ground_truth.eligible_records,13
per_scenario[2].conditions[17].perturbation_ground_truth.removed[0].row_index,0
per_scenario[2].conditions[17].perturbation_ground_truth.removed[1].row_index,3
per_scenario[2].conditions[17].perturbation_ground_truth.removed[2].row_index,2
per_scenario[2].conditions[17].recommendation_count,0
per_scenario[2].conditions[17].risk.total_score,0.0
per_scenario[2].conditions[17].traceability.evidence_reference_coverage,null
per_scenario[2].conditions[17].traceability.evidence_references,0
per_scenario[2].conditions[17].traceability.findings,1
per_scenario[2].conditions[17].traceability.findings_with_all_evidence_references_resolved,0
per_scenario[2].conditions[17].traceability.resolved_evidence_references,0
per_scenario[2].conditions[17].validation_matches_expected,true
per_scenario[2].conditions[17].validation_seconds,0.430315
per_scenario[2].conditions[17].validation_totals.accepted,12
per_scenario[2].conditions[17].validation_totals.received,12
per_scenario[2].conditions[17].validation_totals.rejected,0
per_scenario[2].conditions[17].validation_warning_count,5
per_scenario[2].conditions[18].analysis_seconds,0.336833
per_scenario[2].conditions[18].catalog_family_metrics.f1,1.0
per_scenario[2].conditions[18].catalog_family_metrics.fn,0
per_scenario[2].conditions[18].catalog_family_metrics.fp,0
per_scenario[2].conditions[18].catalog_family_metrics.precision,1.0
per_scenario[2].conditions[18].catalog_family_metrics.recall,1.0
per_scenario[2].conditions[18].catalog_family_metrics.tp,1
per_scenario[2].conditions[18].finding_count,1
per_scenario[2].conditions[18].paired_delta_vs_control.family_set_changed,false
per_scenario[2].conditions[18].paired_delta_vs_control.finding_count_change,0
per_scenario[2].conditions[18].parameters.rate,0.25
per_scenario[2].conditions[18].parameters.seed,1
per_scenario[2].conditions[18].perturbation_ground_truth.dangling_references_after_omission.escalations_or_dispositions,0
per_scenario[2].conditions[18].perturbation_ground_truth.dangling_references_after_omission.investigation_steps,0
per_scenario[2].conditions[18].perturbation_ground_truth.eligible_records,13
per_scenario[2].conditions[18].perturbation_ground_truth.removed[0].row_index,1
per_scenario[2].conditions[18].perturbation_ground_truth.removed[1].row_index,1
per_scenario[2].conditions[18].perturbation_ground_truth.removed[2].row_index,3
per_scenario[2].conditions[18].recommendation_count,0
per_scenario[2].conditions[18].risk.total_score,6.18
per_scenario[2].conditions[18].traceability.evidence_reference_coverage,1.0
per_scenario[2].conditions[18].traceability.evidence_references,1
per_scenario[2].conditions[18].traceability.findings,1
per_scenario[2].conditions[18].traceability.findings_with_all_evidence_references_resolved,1
per_scenario[2].conditions[18].traceability.resolved_evidence_references,1
per_scenario[2].conditions[18].validation_matches_expected,true
per_scenario[2].conditions[18].validation_seconds,0.480282
per_scenario[2].conditions[18].validation_totals.accepted,14
per_scenario[2].conditions[18].validation_totals.received,14
per_scenario[2].conditions[18].validation_totals.rejected,0
per_scenario[2].conditions[18].validation_warning_count,1
per_scenario[2].conditions[19].analysis_seconds,1.031541
per_scenario[2].conditions[19].catalog_family_metrics.f1,1.0
per_scenario[2].conditions[19].catalog_family_metrics.fn,0
per_scenario[2].conditions[19].catalog_family_metrics.fp,0
per_scenario[2].conditions[19].catalog_family_metrics.precision,1.0
per_scenario[2].conditions[19].catalog_family_metrics.recall,1.0
per_scenario[2].conditions[19].catalog_family_metrics.tp,1
per_scenario[2].conditions[19].finding_count,1
per_scenario[2].conditions[19].paired_delta_vs_control.family_set_changed,false
per_scenario[2].conditions[19].paired_delta_vs_control.finding_count_change,0
per_scenario[2].conditions[19].parameters.rate,0.25
per_scenario[2].conditions[19].parameters.seed,1
per_scenario[2].conditions[19].perturbation_ground_truth.cascaded_investigation_steps_removed,0
per_scenario[2].conditions[19].perturbation_ground_truth.dangling_references_after_omission.escalations_or_dispositions,0
per_scenario[2].conditions[19].perturbation_ground_truth.dangling_references_after_omission.investigation_steps,0
per_scenario[2].conditions[19].perturbation_ground_truth.eligible_records,13
per_scenario[2].conditions[19].perturbation_ground_truth.removed[0].row_index,1
per_scenario[2].conditions[19].perturbation_ground_truth.removed[1].row_index,1
per_scenario[2].conditions[19].perturbation_ground_truth.removed[2].row_index,3
per_scenario[2].conditions[19].recommendation_count,0
per_scenario[2].conditions[19].risk.total_score,6.18
per_scenario[2].conditions[19].traceability.evidence_reference_coverage,1.0
per_scenario[2].conditions[19].traceability.evidence_references,1
per_scenario[2].conditions[19].traceability.findings,1
per_scenario[2].conditions[19].traceability.findings_with_all_evidence_references_resolved,1
per_scenario[2].conditions[19].traceability.resolved_evidence_references,1
per_scenario[2].conditions[19].validation_matches_expected,true
per_scenario[2].conditions[19].validation_seconds,0.456187
per_scenario[2].conditions[19].validation_totals.accepted,14
per_scenario[2].conditions[19].validation_totals.received,14
per_scenario[2].conditions[19].validation_totals.rejected,0
per_scenario[2].conditions[19].validation_warning_count,1
per_scenario[2].conditions[20].paired_delta_vs_control,null
per_scenario[2].conditions[20].parameters.rate,0.25
per_scenario[2].conditions[20].parameters.seed,2
per_scenario[2].conditions[20].perturbation_ground_truth.dangling_references_after_omission.escalations_or_dispositions,0
per_scenario[2].conditions[20].perturbation_ground_truth.dangling_references_after_omission.investigation_steps,2
per_scenario[2].conditions[20].perturbation_ground_truth.eligible_records,13
per_scenario[2].conditions[20].perturbation_ground_truth.removed[0].row_index,1
per_scenario[2].conditions[20].perturbation_ground_truth.removed[1].row_index,0
per_scenario[2].conditions[20].perturbation_ground_truth.removed[2].row_index,1
per_scenario[2].conditions[20].validation_matches_expected,true
per_scenario[2].conditions[20].validation_seconds,0.464702
per_scenario[2].conditions[20].validation_totals.accepted,12
per_scenario[2].conditions[20].validation_totals.received,14
per_scenario[2].conditions[20].validation_totals.rejected,2
per_scenario[2].conditions[20].validation_warning_count,6
per_scenario[2].conditions[21].analysis_seconds,0.346362
per_scenario[2].conditions[21].catalog_family_metrics.f1,null
per_scenario[2].conditions[21].catalog_family_metrics.fn,1
per_scenario[2].conditions[21].catalog_family_metrics.fp,0
per_scenario[2].conditions[21].catalog_family_metrics.precision,null
per_scenario[2].conditions[21].catalog_family_metrics.recall,0.0
per_scenario[2].conditions[21].catalog_family_metrics.tp,0
per_scenario[2].conditions[21].finding_count,1
per_scenario[2].conditions[21].paired_delta_vs_control.family_set_changed,true
per_scenario[2].conditions[21].paired_delta_vs_control.finding_count_change,0
per_scenario[2].conditions[21].paired_delta_vs_control.risk_fields_changed.total_score.control,6.18
per_scenario[2].conditions[21].paired_delta_vs_control.risk_fields_changed.total_score.perturbed,0.0
per_scenario[2].conditions[21].parameters.rate,0.25
per_scenario[2].conditions[21].parameters.seed,2
per_scenario[2].conditions[21].perturbation_ground_truth.cascaded_investigation_steps_removed,2
per_scenario[2].conditions[21].perturbation_ground_truth.dangling_references_after_omission.escalations_or_dispositions,0
per_scenario[2].conditions[21].perturbation_ground_truth.dangling_references_after_omission.investigation_steps,0
per_scenario[2].conditions[21].perturbation_ground_truth.eligible_records,13
per_scenario[2].conditions[21].perturbation_ground_truth.removed[0].row_index,1
per_scenario[2].conditions[21].perturbation_ground_truth.removed[1].row_index,0
per_scenario[2].conditions[21].perturbation_ground_truth.removed[2].row_index,1
per_scenario[2].conditions[21].recommendation_count,0
per_scenario[2].conditions[21].risk.total_score,0.0
per_scenario[2].conditions[21].traceability.evidence_reference_coverage,null
per_scenario[2].conditions[21].traceability.evidence_references,0
per_scenario[2].conditions[21].traceability.findings,1
per_scenario[2].conditions[21].traceability.findings_with_all_evidence_references_resolved,0
per_scenario[2].conditions[21].traceability.resolved_evidence_references,0
per_scenario[2].conditions[21].validation_matches_expected,true
per_scenario[2].conditions[21].validation_seconds,0.393614
per_scenario[2].conditions[21].validation_totals.accepted,12
per_scenario[2].conditions[21].validation_totals.received,12
per_scenario[2].conditions[21].validation_totals.rejected,0
per_scenario[2].conditions[21].validation_warning_count,6
per_scenario[2].conditions[22].analysis_seconds,0.463321
per_scenario[2].conditions[22].catalog_family_metrics.f1,null
per_scenario[2].conditions[22].catalog_family_metrics.fn,1
per_scenario[2].conditions[22].catalog_family_metrics.fp,1
per_scenario[2].conditions[22].catalog_family_metrics.precision,0.0
per_scenario[2].conditions[22].catalog_family_metrics.recall,0.0
per_scenario[2].conditions[22].catalog_family_metrics.tp,0
per_scenario[2].conditions[22].finding_count,1
per_scenario[2].conditions[22].paired_delta_vs_control.family_set_changed,true
per_scenario[2].conditions[22].paired_delta_vs_control.finding_count_change,0
per_scenario[2].conditions[22].paired_delta_vs_control.risk_fields_changed.total_score.control,6.18
per_scenario[2].conditions[22].paired_delta_vs_control.risk_fields_changed.total_score.perturbed,5.0
per_scenario[2].conditions[22].parameters.rate,0.25
per_scenario[2].conditions[22].parameters.seed,3
per_scenario[2].conditions[22].perturbation_ground_truth.dangling_references_after_omission.escalations_or_dispositions,0
per_scenario[2].conditions[22].perturbation_ground_truth.dangling_references_after_omission.investigation_steps,0
per_scenario[2].conditions[22].perturbation_ground_truth.eligible_records,13
per_scenario[2].conditions[22].perturbation_ground_truth.removed[0].row_index,1
per_scenario[2].conditions[22].perturbation_ground_truth.removed[1].row_index,2
per_scenario[2].conditions[22].perturbation_ground_truth.removed[2].row_index,2
per_scenario[2].conditions[22].recommendation_count,0
per_scenario[2].conditions[22].risk.total_score,5.0
per_scenario[2].conditions[22].traceability.evidence_reference_coverage,1.0
per_scenario[2].conditions[22].traceability.evidence_references,1
per_scenario[2].conditions[22].traceability.findings,1
per_scenario[2].conditions[22].traceability.findings_with_all_evidence_references_resolved,1
per_scenario[2].conditions[22].traceability.resolved_evidence_references,1
per_scenario[2].conditions[22].validation_matches_expected,true
per_scenario[2].conditions[22].validation_seconds,0.500247
per_scenario[2].conditions[22].validation_totals.accepted,14
per_scenario[2].conditions[22].validation_totals.received,14
per_scenario[2].conditions[22].validation_totals.rejected,0
per_scenario[2].conditions[22].validation_warning_count,3
per_scenario[2].conditions[23].analysis_seconds,0.555737
per_scenario[2].conditions[23].catalog_family_metrics.f1,null
per_scenario[2].conditions[23].catalog_family_metrics.fn,1
per_scenario[2].conditions[23].catalog_family_metrics.fp,1
per_scenario[2].conditions[23].catalog_family_metrics.precision,0.0
per_scenario[2].conditions[23].catalog_family_metrics.recall,0.0
per_scenario[2].conditions[23].catalog_family_metrics.tp,0
per_scenario[2].conditions[23].finding_count,1
per_scenario[2].conditions[23].paired_delta_vs_control.family_set_changed,true
per_scenario[2].conditions[23].paired_delta_vs_control.finding_count_change,0
per_scenario[2].conditions[23].paired_delta_vs_control.risk_fields_changed.total_score.control,6.18
per_scenario[2].conditions[23].paired_delta_vs_control.risk_fields_changed.total_score.perturbed,5.0
per_scenario[2].conditions[23].parameters.rate,0.25
per_scenario[2].conditions[23].parameters.seed,3
per_scenario[2].conditions[23].perturbation_ground_truth.cascaded_investigation_steps_removed,0
per_scenario[2].conditions[23].perturbation_ground_truth.dangling_references_after_omission.escalations_or_dispositions,0
per_scenario[2].conditions[23].perturbation_ground_truth.dangling_references_after_omission.investigation_steps,0
per_scenario[2].conditions[23].perturbation_ground_truth.eligible_records,13
per_scenario[2].conditions[23].perturbation_ground_truth.removed[0].row_index,1
per_scenario[2].conditions[23].perturbation_ground_truth.removed[1].row_index,2
per_scenario[2].conditions[23].perturbation_ground_truth.removed[2].row_index,2
per_scenario[2].conditions[23].recommendation_count,0
per_scenario[2].conditions[23].risk.total_score,5.0
per_scenario[2].conditions[23].traceability.evidence_reference_coverage,1.0
per_scenario[2].conditions[23].traceability.evidence_references,1
per_scenario[2].conditions[23].traceability.findings,1
per_scenario[2].conditions[23].traceability.findings_with_all_evidence_references_resolved,1
per_scenario[2].conditions[23].traceability.resolved_evidence_references,1
per_scenario[2].conditions[23].validation_matches_expected,true
per_scenario[2].conditions[23].validation_seconds,0.466698
per_scenario[2].conditions[23].validation_totals.accepted,14
per_scenario[2].conditions[23].validation_totals.received,14
per_scenario[2].conditions[23].validation_totals.rejected,0
per_scenario[2].conditions[23].validation_warning_count,3
per_scenario[2].conditions[24].analysis_seconds,0.191438
per_scenario[2].conditions[24].catalog_family_metrics.f1,null
per_scenario[2].conditions[24].catalog_family_metrics.fn,1
per_scenario[2].conditions[24].catalog_family_metrics.fp,0
per_scenario[2].conditions[24].catalog_family_metrics.precision,null
per_scenario[2].conditions[24].catalog_family_metrics.recall,0.0
per_scenario[2].conditions[24].catalog_family_metrics.tp,0
per_scenario[2].conditions[24].finding_count,0
per_scenario[2].conditions[24].paired_delta_vs_control.family_set_changed,true
per_scenario[2].conditions[24].paired_delta_vs_control.finding_count_change,-1
per_scenario[2].conditions[24].paired_delta_vs_control.risk_fields_changed.total_score.control,6.18
per_scenario[2].conditions[24].paired_delta_vs_control.risk_fields_changed.total_score.perturbed,0.0
per_scenario[2].conditions[24].parameters.rate,0.25
per_scenario[2].conditions[24].parameters.seed,4
per_scenario[2].conditions[24].perturbation_ground_truth.dangling_references_after_omission.escalations_or_dispositions,0
per_scenario[2].conditions[24].perturbation_ground_truth.dangling_references_after_omission.investigation_steps,0
per_scenario[2].conditions[24].perturbation_ground_truth.eligible_records,13
per_scenario[2].conditions[24].perturbation_ground_truth.removed[0].row_index,1
per_scenario[2].conditions[24].perturbation_ground_truth.removed[1].row_index,0
per_scenario[2].conditions[24].perturbation_ground_truth.removed[2].row_index,1
per_scenario[2].conditions[24].recommendation_count,0
per_scenario[2].conditions[24].risk.total_score,0.0
per_scenario[2].conditions[24].traceability.evidence_reference_coverage,null
per_scenario[2].conditions[24].traceability.evidence_references,0
per_scenario[2].conditions[24].traceability.findings,0
per_scenario[2].conditions[24].traceability.findings_with_all_evidence_references_resolved,0
per_scenario[2].conditions[24].traceability.resolved_evidence_references,0
per_scenario[2].conditions[24].validation_matches_expected,true
per_scenario[2].conditions[24].validation_seconds,0.46918
per_scenario[2].conditions[24].validation_totals.accepted,14
per_scenario[2].conditions[24].validation_totals.received,14
per_scenario[2].conditions[24].validation_totals.rejected,0
per_scenario[2].conditions[24].validation_warning_count,4
per_scenario[2].conditions[25].analysis_seconds,0.188655
per_scenario[2].conditions[25].catalog_family_metrics.f1,null
per_scenario[2].conditions[25].catalog_family_metrics.fn,1
per_scenario[2].conditions[25].catalog_family_metrics.fp,0
per_scenario[2].conditions[25].catalog_family_metrics.precision,null
per_scenario[2].conditions[25].catalog_family_metrics.recall,0.0
per_scenario[2].conditions[25].catalog_family_metrics.tp,0
per_scenario[2].conditions[25].finding_count,0
per_scenario[2].conditions[25].paired_delta_vs_control.family_set_changed,true
per_scenario[2].conditions[25].paired_delta_vs_control.finding_count_change,-1
per_scenario[2].conditions[25].paired_delta_vs_control.risk_fields_changed.total_score.control,6.18
per_scenario[2].conditions[25].paired_delta_vs_control.risk_fields_changed.total_score.perturbed,0.0
per_scenario[2].conditions[25].parameters.rate,0.25
per_scenario[2].conditions[25].parameters.seed,4
per_scenario[2].conditions[25].perturbation_ground_truth.cascaded_investigation_steps_removed,0
per_scenario[2].conditions[25].perturbation_ground_truth.dangling_references_after_omission.escalations_or_dispositions,0
per_scenario[2].conditions[25].perturbation_ground_truth.dangling_references_after_omission.investigation_steps,0
per_scenario[2].conditions[25].perturbation_ground_truth.eligible_records,13
per_scenario[2].conditions[25].perturbation_ground_truth.removed[0].row_index,1
per_scenario[2].conditions[25].perturbation_ground_truth.removed[1].row_index,0
per_scenario[2].conditions[25].perturbation_ground_truth.removed[2].row_index,1
per_scenario[2].conditions[25].recommendation_count,0
per_scenario[2].conditions[25].risk.total_score,0.0
per_scenario[2].conditions[25].traceability.evidence_reference_coverage,null
per_scenario[2].conditions[25].traceability.evidence_references,0
per_scenario[2].conditions[25].traceability.findings,0
per_scenario[2].conditions[25].traceability.findings_with_all_evidence_references_resolved,0
per_scenario[2].conditions[25].traceability.resolved_evidence_references,0
per_scenario[2].conditions[25].validation_matches_expected,true
per_scenario[2].conditions[25].validation_seconds,0.463841
per_scenario[2].conditions[25].validation_totals.accepted,14
per_scenario[2].conditions[25].validation_totals.received,14
per_scenario[2].conditions[25].validation_totals.rejected,0
per_scenario[2].conditions[25].validation_warning_count,4
per_scenario[2].conditions[26].analysis_seconds,0.575718
per_scenario[2].conditions[26].catalog_family_metrics.f1,1.0
per_scenario[2].conditions[26].catalog_family_metrics.fn,0
per_scenario[2].conditions[26].catalog_family_metrics.fp,0
per_scenario[2].conditions[26].catalog_family_metrics.precision,1.0
per_scenario[2].conditions[26].catalog_family_metrics.recall,1.0
per_scenario[2].conditions[26].catalog_family_metrics.tp,1
per_scenario[2].conditions[26].finding_count,2
per_scenario[2].conditions[26].paired_delta_vs_control.family_set_changed,false
per_scenario[2].conditions[26].paired_delta_vs_control.finding_count_change,1
per_scenario[2].conditions[26].parameters.rate,0.5
per_scenario[2].conditions[26].parameters.seed,0
per_scenario[2].conditions[26].perturbation_ground_truth.dangling_references_after_omission.escalations_or_dispositions,0
per_scenario[2].conditions[26].perturbation_ground_truth.dangling_references_after_omission.investigation_steps,0
per_scenario[2].conditions[26].perturbation_ground_truth.eligible_records,13
per_scenario[2].conditions[26].perturbation_ground_truth.removed[0].row_index,0
per_scenario[2].conditions[26].perturbation_ground_truth.removed[1].row_index,1
per_scenario[2].conditions[26].perturbation_ground_truth.removed[2].row_index,0
per_scenario[2].conditions[26].perturbation_ground_truth.removed[3].row_index,0
per_scenario[2].conditions[26].perturbation_ground_truth.removed[4].row_index,0
per_scenario[2].conditions[26].perturbation_ground_truth.removed[5].row_index,1
per_scenario[2].conditions[26].recommendation_count,0
per_scenario[2].conditions[26].risk.total_score,6.18
per_scenario[2].conditions[26].traceability.evidence_reference_coverage,1.0
per_scenario[2].conditions[26].traceability.evidence_references,1
per_scenario[2].conditions[26].traceability.findings,2
per_scenario[2].conditions[26].traceability.findings_with_all_evidence_references_resolved,1
per_scenario[2].conditions[26].traceability.resolved_evidence_references,1
per_scenario[2].conditions[26].validation_matches_expected,true
per_scenario[2].conditions[26].validation_seconds,0.434688
per_scenario[2].conditions[26].validation_totals.accepted,11
per_scenario[2].conditions[26].validation_totals.received,11
per_scenario[2].conditions[26].validation_totals.rejected,0
per_scenario[2].conditions[26].validation_warning_count,3
per_scenario[2].conditions[27].analysis_seconds,0.462328
per_scenario[2].conditions[27].catalog_family_metrics.f1,1.0
per_scenario[2].conditions[27].catalog_family_metrics.fn,0
per_scenario[2].conditions[27].catalog_family_metrics.fp,0
per_scenario[2].conditions[27].catalog_family_metrics.precision,1.0
per_scenario[2].conditions[27].catalog_family_metrics.recall,1.0
per_scenario[2].conditions[27].catalog_family_metrics.tp,1
per_scenario[2].conditions[27].finding_count,2
per_scenario[2].conditions[27].paired_delta_vs_control.family_set_changed,false
per_scenario[2].conditions[27].paired_delta_vs_control.finding_count_change,1
per_scenario[2].conditions[27].parameters.rate,0.5
per_scenario[2].conditions[27].parameters.seed,0
per_scenario[2].conditions[27].perturbation_ground_truth.cascaded_investigation_steps_removed,0
per_scenario[2].conditions[27].perturbation_ground_truth.dangling_references_after_omission.escalations_or_dispositions,0
per_scenario[2].conditions[27].perturbation_ground_truth.dangling_references_after_omission.investigation_steps,0
per_scenario[2].conditions[27].perturbation_ground_truth.eligible_records,13
per_scenario[2].conditions[27].perturbation_ground_truth.removed[0].row_index,0
per_scenario[2].conditions[27].perturbation_ground_truth.removed[1].row_index,1
per_scenario[2].conditions[27].perturbation_ground_truth.removed[2].row_index,0
per_scenario[2].conditions[27].perturbation_ground_truth.removed[3].row_index,0
per_scenario[2].conditions[27].perturbation_ground_truth.removed[4].row_index,0
per_scenario[2].conditions[27].perturbation_ground_truth.removed[5].row_index,1
per_scenario[2].conditions[27].recommendation_count,0
per_scenario[2].conditions[27].risk.total_score,6.18
per_scenario[2].conditions[27].traceability.evidence_reference_coverage,1.0
per_scenario[2].conditions[27].traceability.evidence_references,1
per_scenario[2].conditions[27].traceability.findings,2
per_scenario[2].conditions[27].traceability.findings_with_all_evidence_references_resolved,1
per_scenario[2].conditions[27].traceability.resolved_evidence_references,1
per_scenario[2].conditions[27].validation_matches_expected,true
per_scenario[2].conditions[27].validation_seconds,0.404748
per_scenario[2].conditions[27].validation_totals.accepted,11
per_scenario[2].conditions[27].validation_totals.received,11
per_scenario[2].conditions[27].validation_totals.rejected,0
per_scenario[2].conditions[27].validation_warning_count,3
per_scenario[2].conditions[28].analysis_seconds,0.413285
per_scenario[2].conditions[28].catalog_family_metrics.f1,null
per_scenario[2].conditions[28].catalog_family_metrics.fn,1
per_scenario[2].conditions[28].catalog_family_metrics.fp,1
per_scenario[2].conditions[28].catalog_family_metrics.precision,0.0
per_scenario[2].conditions[28].catalog_family_metrics.recall,0.0
per_scenario[2].conditions[28].catalog_family_metrics.tp,0
per_scenario[2].conditions[28].finding_count,1
per_scenario[2].conditions[28].paired_delta_vs_control.family_set_changed,true
per_scenario[2].conditions[28].paired_delta_vs_control.finding_count_change,0
per_scenario[2].conditions[28].paired_delta_vs_control.risk_fields_changed.total_score.control,6.18
per_scenario[2].conditions[28].paired_delta_vs_control.risk_fields_changed.total_score.perturbed,5.0
per_scenario[2].conditions[28].parameters.rate,0.5
per_scenario[2].conditions[28].parameters.seed,1
per_scenario[2].conditions[28].perturbation_ground_truth.dangling_references_after_omission.escalations_or_dispositions,0
per_scenario[2].conditions[28].perturbation_ground_truth.dangling_references_after_omission.investigation_steps,0
per_scenario[2].conditions[28].perturbation_ground_truth.eligible_records,13
per_scenario[2].conditions[28].perturbation_ground_truth.removed[0].row_index,1
per_scenario[2].conditions[28].perturbation_ground_truth.removed[1].row_index,1
per_scenario[2].conditions[28].perturbation_ground_truth.removed[2].row_index,2
per_scenario[2].conditions[28].perturbation_ground_truth.removed[3].row_index,3
per_scenario[2].conditions[28].perturbation_ground_truth.removed[4].row_index,0
per_scenario[2].conditions[28].perturbation_ground_truth.removed[5].row_index,2
per_scenario[2].conditions[28].recommendation_count,0
per_scenario[2].conditions[28].risk.total_score,5.0
per_scenario[2].conditions[28].traceability.evidence_reference_coverage,1.0
per_scenario[2].conditions[28].traceability.evidence_references,2
per_scenario[2].conditions[28].traceability.findings,1
per_scenario[2].conditions[28].traceability.findings_with_all_evidence_references_resolved,1
per_scenario[2].conditions[28].traceability.resolved_evidence_references,2
per_scenario[2].conditions[28].validation_matches_expected,true
per_scenario[2].conditions[28].validation_seconds,0.488979
per_scenario[2].conditions[28].validation_totals.accepted,11
per_scenario[2].conditions[28].validation_totals.received,11
per_scenario[2].conditions[28].validation_totals.rejected,0
per_scenario[2].conditions[28].validation_warning_count,3
per_scenario[2].conditions[29].analysis_seconds,0.374093
per_scenario[2].conditions[29].catalog_family_metrics.f1,null
per_scenario[2].conditions[29].catalog_family_metrics.fn,1
per_scenario[2].conditions[29].catalog_family_metrics.fp,1
per_scenario[2].conditions[29].catalog_family_metrics.precision,0.0
per_scenario[2].conditions[29].catalog_family_metrics.recall,0.0
per_scenario[2].conditions[29].catalog_family_metrics.tp,0
per_scenario[2].conditions[29].finding_count,1
per_scenario[2].conditions[29].paired_delta_vs_control.family_set_changed,true
per_scenario[2].conditions[29].paired_delta_vs_control.finding_count_change,0
per_scenario[2].conditions[29].paired_delta_vs_control.risk_fields_changed.total_score.control,6.18
per_scenario[2].conditions[29].paired_delta_vs_control.risk_fields_changed.total_score.perturbed,5.0
per_scenario[2].conditions[29].parameters.rate,0.5
per_scenario[2].conditions[29].parameters.seed,1
per_scenario[2].conditions[29].perturbation_ground_truth.cascaded_investigation_steps_removed,0
per_scenario[2].conditions[29].perturbation_ground_truth.dangling_references_after_omission.escalations_or_dispositions,0
per_scenario[2].conditions[29].perturbation_ground_truth.dangling_references_after_omission.investigation_steps,0
per_scenario[2].conditions[29].perturbation_ground_truth.eligible_records,13
per_scenario[2].conditions[29].perturbation_ground_truth.removed[0].row_index,1
per_scenario[2].conditions[29].perturbation_ground_truth.removed[1].row_index,1
per_scenario[2].conditions[29].perturbation_ground_truth.removed[2].row_index,2
per_scenario[2].conditions[29].perturbation_ground_truth.removed[3].row_index,3
per_scenario[2].conditions[29].perturbation_ground_truth.removed[4].row_index,0
per_scenario[2].conditions[29].perturbation_ground_truth.removed[5].row_index,2
per_scenario[2].conditions[29].recommendation_count,0
per_scenario[2].conditions[29].risk.total_score,5.0
per_scenario[2].conditions[29].traceability.evidence_reference_coverage,1.0
per_scenario[2].conditions[29].traceability.evidence_references,2
per_scenario[2].conditions[29].traceability.findings,1
per_scenario[2].conditions[29].traceability.findings_with_all_evidence_references_resolved,1
per_scenario[2].conditions[29].traceability.resolved_evidence_references,2
per_scenario[2].conditions[29].validation_matches_expected,true
per_scenario[2].conditions[29].validation_seconds,0.475071
per_scenario[2].conditions[29].validation_totals.accepted,11
per_scenario[2].conditions[29].validation_totals.received,11
per_scenario[2].conditions[29].validation_totals.rejected,0
per_scenario[2].conditions[29].validation_warning_count,3
per_scenario[2].conditions[30].analysis_seconds,0.584758
per_scenario[2].conditions[30].catalog_family_metrics.f1,1.0
per_scenario[2].conditions[30].catalog_family_metrics.fn,0
per_scenario[2].conditions[30].catalog_family_metrics.fp,0
per_scenario[2].conditions[30].catalog_family_metrics.precision,1.0
per_scenario[2].conditions[30].catalog_family_metrics.recall,1.0
per_scenario[2].conditions[30].catalog_family_metrics.tp,1
per_scenario[2].conditions[30].finding_count,2
per_scenario[2].conditions[30].paired_delta_vs_control.family_set_changed,false
per_scenario[2].conditions[30].paired_delta_vs_control.finding_count_change,1
per_scenario[2].conditions[30].parameters.rate,0.5
per_scenario[2].conditions[30].parameters.seed,2
per_scenario[2].conditions[30].perturbation_ground_truth.dangling_references_after_omission.escalations_or_dispositions,0
per_scenario[2].conditions[30].perturbation_ground_truth.dangling_references_after_omission.investigation_steps,0
per_scenario[2].conditions[30].perturbation_ground_truth.eligible_records,13
per_scenario[2].conditions[30].perturbation_ground_truth.removed[0].row_index,2
per_scenario[2].conditions[30].perturbation_ground_truth.removed[1].row_index,1
per_scenario[2].conditions[30].perturbation_ground_truth.removed[2].row_index,3
per_scenario[2].conditions[30].perturbation_ground_truth.removed[3].row_index,0
per_scenario[2].conditions[30].perturbation_ground_truth.removed[4].row_index,0
per_scenario[2].conditions[30].perturbation_ground_truth.removed[5].row_index,2
per_scenario[2].conditions[30].recommendation_count,0
per_scenario[2].conditions[30].risk.total_score,6.18
per_scenario[2].conditions[30].traceability.evidence_reference_coverage,1.0
per_scenario[2].conditions[30].traceability.evidence_references,1
per_scenario[2].conditions[30].traceability.findings,2
per_scenario[2].conditions[30].traceability.findings_with_all_evidence_references_resolved,1
per_scenario[2].conditions[30].traceability.resolved_evidence_references,1
per_scenario[2].conditions[30].validation_matches_expected,true
per_scenario[2].conditions[30].validation_seconds,0.404223
per_scenario[2].conditions[30].validation_totals.accepted,11
per_scenario[2].conditions[30].validation_totals.received,11
per_scenario[2].conditions[30].validation_totals.rejected,0
per_scenario[2].conditions[30].validation_warning_count,1
per_scenario[2].conditions[31].analysis_seconds,0.750364
per_scenario[2].conditions[31].catalog_family_metrics.f1,1.0
per_scenario[2].conditions[31].catalog_family_metrics.fn,0
per_scenario[2].conditions[31].catalog_family_metrics.fp,0
per_scenario[2].conditions[31].catalog_family_metrics.precision,1.0
per_scenario[2].conditions[31].catalog_family_metrics.recall,1.0
per_scenario[2].conditions[31].catalog_family_metrics.tp,1
per_scenario[2].conditions[31].finding_count,2
per_scenario[2].conditions[31].paired_delta_vs_control.family_set_changed,false
per_scenario[2].conditions[31].paired_delta_vs_control.finding_count_change,1
per_scenario[2].conditions[31].parameters.rate,0.5
per_scenario[2].conditions[31].parameters.seed,2
per_scenario[2].conditions[31].perturbation_ground_truth.cascaded_investigation_steps_removed,0
per_scenario[2].conditions[31].perturbation_ground_truth.dangling_references_after_omission.escalations_or_dispositions,0
per_scenario[2].conditions[31].perturbation_ground_truth.dangling_references_after_omission.investigation_steps,0
per_scenario[2].conditions[31].perturbation_ground_truth.eligible_records,13
per_scenario[2].conditions[31].perturbation_ground_truth.removed[0].row_index,2
per_scenario[2].conditions[31].perturbation_ground_truth.removed[1].row_index,1
per_scenario[2].conditions[31].perturbation_ground_truth.removed[2].row_index,3
per_scenario[2].conditions[31].perturbation_ground_truth.removed[3].row_index,0
per_scenario[2].conditions[31].perturbation_ground_truth.removed[4].row_index,0
per_scenario[2].conditions[31].perturbation_ground_truth.removed[5].row_index,2
per_scenario[2].conditions[31].recommendation_count,0
per_scenario[2].conditions[31].risk.total_score,6.18
per_scenario[2].conditions[31].traceability.evidence_reference_coverage,1.0
per_scenario[2].conditions[31].traceability.evidence_references,1
per_scenario[2].conditions[31].traceability.findings,2
per_scenario[2].conditions[31].traceability.findings_with_all_evidence_references_resolved,1
per_scenario[2].conditions[31].traceability.resolved_evidence_references,1
per_scenario[2].conditions[31].validation_matches_expected,true
per_scenario[2].conditions[31].validation_seconds,0.402896
per_scenario[2].conditions[31].validation_totals.accepted,11
per_scenario[2].conditions[31].validation_totals.received,11
per_scenario[2].conditions[31].validation_totals.rejected,0
per_scenario[2].conditions[31].validation_warning_count,1
per_scenario[2].conditions[32].paired_delta_vs_control,null
per_scenario[2].conditions[32].parameters.rate,0.5
per_scenario[2].conditions[32].parameters.seed,3
per_scenario[2].conditions[32].perturbation_ground_truth.dangling_references_after_omission.escalations_or_dispositions,0
per_scenario[2].conditions[32].perturbation_ground_truth.dangling_references_after_omission.investigation_steps,1
per_scenario[2].conditions[32].perturbation_ground_truth.eligible_records,13
per_scenario[2].conditions[32].perturbation_ground_truth.removed[0].row_index,0
per_scenario[2].conditions[32].perturbation_ground_truth.removed[1].row_index,0
per_scenario[2].conditions[32].perturbation_ground_truth.removed[2].row_index,1
per_scenario[2].conditions[32].perturbation_ground_truth.removed[3].row_index,0
per_scenario[2].conditions[32].perturbation_ground_truth.removed[4].row_index,0
per_scenario[2].conditions[32].perturbation_ground_truth.removed[5].row_index,1
per_scenario[2].conditions[32].validation_matches_expected,true
per_scenario[2].conditions[32].validation_seconds,0.409999
per_scenario[2].conditions[32].validation_totals.accepted,10
per_scenario[2].conditions[32].validation_totals.received,11
per_scenario[2].conditions[32].validation_totals.rejected,1
per_scenario[2].conditions[32].validation_warning_count,2
per_scenario[2].conditions[33].analysis_seconds,0.66445
per_scenario[2].conditions[33].catalog_family_metrics.f1,null
per_scenario[2].conditions[33].catalog_family_metrics.fn,1
per_scenario[2].conditions[33].catalog_family_metrics.fp,2
per_scenario[2].conditions[33].catalog_family_metrics.precision,0.0
per_scenario[2].conditions[33].catalog_family_metrics.recall,0.0
per_scenario[2].conditions[33].catalog_family_metrics.tp,0
per_scenario[2].conditions[33].finding_count,4
per_scenario[2].conditions[33].paired_delta_vs_control.family_set_changed,true
per_scenario[2].conditions[33].paired_delta_vs_control.finding_count_change,3
per_scenario[2].conditions[33].paired_delta_vs_control.risk_fields_changed.total_score.control,6.18
per_scenario[2].conditions[33].paired_delta_vs_control.risk_fields_changed.total_score.perturbed,10.62
per_scenario[2].conditions[33].parameters.rate,0.5
per_scenario[2].conditions[33].parameters.seed,3
per_scenario[2].conditions[33].perturbation_ground_truth.cascaded_investigation_steps_removed,1
per_scenario[2].conditions[33].perturbation_ground_truth.dangling_references_after_omission.escalations_or_dispositions,0
per_scenario[2].conditions[33].perturbation_ground_truth.dangling_references_after_omission.investigation_steps,0
per_scenario[2].conditions[33].perturbation_ground_truth.eligible_records,13
per_scenario[2].conditions[33].perturbation_ground_truth.removed[0].row_index,0
per_scenario[2].conditions[33].perturbation_ground_truth.removed[1].row_index,0
per_scenario[2].conditions[33].perturbation_ground_truth.removed[2].row_index,1
per_scenario[2].conditions[33].perturbation_ground_truth.removed[3].row_index,0
per_scenario[2].conditions[33].perturbation_ground_truth.removed[4].row_index,0
per_scenario[2].conditions[33].perturbation_ground_truth.removed[5].row_index,1
per_scenario[2].conditions[33].recommendation_count,0
per_scenario[2].conditions[33].risk.total_score,10.62
per_scenario[2].conditions[33].traceability.evidence_reference_coverage,1.0
per_scenario[2].conditions[33].traceability.evidence_references,7
per_scenario[2].conditions[33].traceability.findings,4
per_scenario[2].conditions[33].traceability.findings_with_all_evidence_references_resolved,2
per_scenario[2].conditions[33].traceability.resolved_evidence_references,7
per_scenario[2].conditions[33].validation_matches_expected,true
per_scenario[2].conditions[33].validation_seconds,0.339962
per_scenario[2].conditions[33].validation_totals.accepted,10
per_scenario[2].conditions[33].validation_totals.received,10
per_scenario[2].conditions[33].validation_totals.rejected,0
per_scenario[2].conditions[33].validation_warning_count,2
per_scenario[2].conditions[34].paired_delta_vs_control,null
per_scenario[2].conditions[34].parameters.rate,0.5
per_scenario[2].conditions[34].parameters.seed,4
per_scenario[2].conditions[34].perturbation_ground_truth.dangling_references_after_omission.escalations_or_dispositions,0
per_scenario[2].conditions[34].perturbation_ground_truth.dangling_references_after_omission.investigation_steps,2
per_scenario[2].conditions[34].perturbation_ground_truth.eligible_records,13
per_scenario[2].conditions[34].perturbation_ground_truth.removed[0].row_index,2
per_scenario[2].conditions[34].perturbation_ground_truth.removed[1].row_index,0
per_scenario[2].conditions[34].perturbation_ground_truth.removed[2].row_index,1
per_scenario[2].conditions[34].perturbation_ground_truth.removed[3].row_index,2
per_scenario[2].conditions[34].perturbation_ground_truth.removed[4].row_index,0
per_scenario[2].conditions[34].perturbation_ground_truth.removed[5].row_index,2
per_scenario[2].conditions[34].validation_matches_expected,true
per_scenario[2].conditions[34].validation_seconds,0.34858
per_scenario[2].conditions[34].validation_totals.accepted,9
per_scenario[2].conditions[34].validation_totals.received,11
per_scenario[2].conditions[34].validation_totals.rejected,2
per_scenario[2].conditions[34].validation_warning_count,8
per_scenario[2].conditions[35].analysis_seconds,1.324361
per_scenario[2].conditions[35].catalog_family_metrics.f1,null
per_scenario[2].conditions[35].catalog_family_metrics.fn,1
per_scenario[2].conditions[35].catalog_family_metrics.fp,2
per_scenario[2].conditions[35].catalog_family_metrics.precision,0.0
per_scenario[2].conditions[35].catalog_family_metrics.recall,0.0
per_scenario[2].conditions[35].catalog_family_metrics.tp,0
per_scenario[2].conditions[35].finding_count,5
per_scenario[2].conditions[35].paired_delta_vs_control.family_set_changed,true
per_scenario[2].conditions[35].paired_delta_vs_control.finding_count_change,4
per_scenario[2].conditions[35].paired_delta_vs_control.risk_fields_changed.total_score.control,6.18
per_scenario[2].conditions[35].paired_delta_vs_control.risk_fields_changed.total_score.perturbed,10.0
per_scenario[2].conditions[35].parameters.rate,0.5
per_scenario[2].conditions[35].parameters.seed,4
per_scenario[2].conditions[35].perturbation_ground_truth.cascaded_investigation_steps_removed,2
per_scenario[2].conditions[35].perturbation_ground_truth.dangling_references_after_omission.escalations_or_dispositions,0
per_scenario[2].conditions[35].perturbation_ground_truth.dangling_references_after_omission.investigation_steps,0
per_scenario[2].conditions[35].perturbation_ground_truth.eligible_records,13
per_scenario[2].conditions[35].perturbation_ground_truth.removed[0].row_index,2
per_scenario[2].conditions[35].perturbation_ground_truth.removed[1].row_index,0
per_scenario[2].conditions[35].perturbation_ground_truth.removed[2].row_index,1
per_scenario[2].conditions[35].perturbation_ground_truth.removed[3].row_index,2
per_scenario[2].conditions[35].perturbation_ground_truth.removed[4].row_index,0
per_scenario[2].conditions[35].perturbation_ground_truth.removed[5].row_index,2
per_scenario[2].conditions[35].recommendation_count,0
per_scenario[2].conditions[35].risk.total_score,10.0
per_scenario[2].conditions[35].traceability.evidence_reference_coverage,1.0
per_scenario[2].conditions[35].traceability.evidence_references,5
per_scenario[2].conditions[35].traceability.findings,5
per_scenario[2].conditions[35].traceability.findings_with_all_evidence_references_resolved,2
per_scenario[2].conditions[35].traceability.resolved_evidence_references,5
per_scenario[2].conditions[35].validation_matches_expected,true
per_scenario[2].conditions[35].validation_seconds,0.26916
per_scenario[2].conditions[35].validation_totals.accepted,9
per_scenario[2].conditions[35].validation_totals.received,9
per_scenario[2].conditions[35].validation_totals.rejected,0
per_scenario[2].conditions[35].validation_warning_count,8
per_scenario[2].conditions[36].paired_delta_vs_control,null
per_scenario[2].conditions[36].perturbation_ground_truth.byte_identical,true
per_scenario[2].conditions[36].validation_matches_expected,true
per_scenario[2].conditions[36].validation_seconds,0.468218
per_scenario[2].conditions[36].validation_totals.accepted,0
per_scenario[2].conditions[36].validation_totals.received,18
per_scenario[2].conditions[36].validation_totals.rejected,1
per_scenario[2].conditions[36].validation_warning_count,0
per_scenario[2].conditions[37].paired_delta_vs_control,null
per_scenario[2].conditions[37].validation_matches_expected,true
per_scenario[2].conditions[37].validation_seconds,0.45036
per_scenario[2].conditions[37].validation_totals.accepted,17
per_scenario[2].conditions[37].validation_totals.received,18
per_scenario[2].conditions[37].validation_totals.rejected,1
per_scenario[2].conditions[37].validation_warning_count,0
per_scenario[2].conditions[38].paired_delta_vs_control,null
per_scenario[2].conditions[38].perturbation_ground_truth.byte_identical,true
per_scenario[2].conditions[38].validation_matches_expected,true
per_scenario[2].conditions[38].validation_seconds,0.452251
per_scenario[2].conditions[38].validation_totals.accepted,0
per_scenario[2].conditions[38].validation_totals.received,18
per_scenario[2].conditions[38].validation_totals.rejected,1
per_scenario[2].conditions[38].validation_warning_count,0
per_scenario[2].conditions[39].paired_delta_vs_control,null
per_scenario[2].conditions[39].validation_matches_expected,true
per_scenario[2].conditions[39].validation_seconds,0.464382
per_scenario[2].conditions[39].validation_totals.accepted,17
per_scenario[2].conditions[39].validation_totals.received,18
per_scenario[2].conditions[39].validation_totals.rejected,1
per_scenario[2].conditions[39].validation_warning_count,0
per_scenario[2].conditions[40].paired_delta_vs_control,null
per_scenario[2].conditions[40].perturbation_ground_truth.byte_identical,true
per_scenario[2].conditions[40].validation_matches_expected,true
per_scenario[2].conditions[40].validation_seconds,0.471923
per_scenario[2].conditions[40].validation_totals.accepted,0
per_scenario[2].conditions[40].validation_totals.received,18
per_scenario[2].conditions[40].validation_totals.rejected,1
per_scenario[2].conditions[40].validation_warning_count,0
per_scenario[2].conditions[41].analysis_seconds,0.916689
per_scenario[2].conditions[41].catalog_family_metrics.f1,0.6667
per_scenario[2].conditions[41].catalog_family_metrics.fn,0
per_scenario[2].conditions[41].catalog_family_metrics.fp,1
per_scenario[2].conditions[41].catalog_family_metrics.precision,0.5
per_scenario[2].conditions[41].catalog_family_metrics.recall,1.0
per_scenario[2].conditions[41].catalog_family_metrics.tp,1
per_scenario[2].conditions[41].finding_count,2
per_scenario[2].conditions[41].paired_delta_vs_control.family_set_changed,true
per_scenario[2].conditions[41].paired_delta_vs_control.finding_count_change,1
per_scenario[2].conditions[41].paired_delta_vs_control.risk_fields_changed.total_score.control,6.18
per_scenario[2].conditions[41].paired_delta_vs_control.risk_fields_changed.total_score.perturbed,11.8
per_scenario[2].conditions[41].perturbation_ground_truth.sequence_offset,100
per_scenario[2].conditions[41].recommendation_count,0
per_scenario[2].conditions[41].risk.total_score,11.8
per_scenario[2].conditions[41].traceability.evidence_reference_coverage,1.0
per_scenario[2].conditions[41].traceability.evidence_references,2
per_scenario[2].conditions[41].traceability.findings,2
per_scenario[2].conditions[41].traceability.findings_with_all_evidence_references_resolved,2
per_scenario[2].conditions[41].traceability.resolved_evidence_references,2
per_scenario[2].conditions[41].validation_matches_expected,true
per_scenario[2].conditions[41].validation_seconds,0.477868
per_scenario[2].conditions[41].validation_totals.accepted,18
per_scenario[2].conditions[41].validation_totals.received,18
per_scenario[2].conditions[41].validation_totals.rejected,0
per_scenario[2].conditions[41].validation_warning_count,0
per_scenario[2].conditions[42].analysis_seconds,0.498965
per_scenario[2].conditions[42].catalog_family_metrics.f1,1.0
per_scenario[2].conditions[42].catalog_family_metrics.fn,0
per_scenario[2].conditions[42].catalog_family_metrics.fp,0
per_scenario[2].conditions[42].catalog_family_metrics.precision,1.0
per_scenario[2].conditions[42].catalog_family_metrics.recall,1.0
per_scenario[2].conditions[42].catalog_family_metrics.tp,1
per_scenario[2].conditions[42].finding_count,1
per_scenario[2].conditions[42].paired_delta_vs_control.family_set_changed,false
per_scenario[2].conditions[42].paired_delta_vs_control.finding_count_change,0
per_scenario[2].conditions[42].recommendation_count,0
per_scenario[2].conditions[42].risk.total_score,6.18
per_scenario[2].conditions[42].traceability.evidence_reference_coverage,1.0
per_scenario[2].conditions[42].traceability.evidence_references,1
per_scenario[2].conditions[42].traceability.findings,1
per_scenario[2].conditions[42].traceability.findings_with_all_evidence_references_resolved,1
per_scenario[2].conditions[42].traceability.resolved_evidence_references,1
per_scenario[2].conditions[42].validation_matches_expected,true
per_scenario[2].conditions[42].validation_seconds,0.443931
per_scenario[2].conditions[42].validation_totals.accepted,18
per_scenario[2].conditions[42].validation_totals.received,18
per_scenario[2].conditions[42].validation_totals.rejected,0
per_scenario[2].conditions[42].validation_warning_count,0
per_scenario[2].conditions[43].paired_delta_vs_control,null
per_scenario[2].conditions[43].validation_matches_expected,true
per_scenario[2].conditions[43].validation_seconds,0.470286
per_scenario[2].conditions[43].validation_totals.accepted,16
per_scenario[2].conditions[43].validation_totals.received,17
per_scenario[2].conditions[43].validation_totals.rejected,1
per_scenario[2].conditions[43].validation_warning_count,3
per_scenario[2].conditions[44].paired_delta_vs_control,null
per_scenario[2].conditions[44].validation_matches_expected,true
per_scenario[2].conditions[44].validation_seconds,0.477334
per_scenario[2].conditions[44].validation_totals.accepted,16
per_scenario[2].conditions[44].validation_totals.received,17
per_scenario[2].conditions[44].validation_totals.rejected,1
per_scenario[2].conditions[44].validation_warning_count,3
per_scenario[2].conditions[45].paired_delta_vs_control,null
per_scenario[2].conditions[45].validation_matches_expected,true
per_scenario[2].conditions[45].validation_seconds,0.467331
per_scenario[2].conditions[45].validation_totals.accepted,0
per_scenario[2].conditions[45].validation_totals.received,13
per_scenario[2].conditions[45].validation_totals.rejected,0
per_scenario[2].conditions[45].validation_warning_count,0
per_scenario[2].conditions[46].analysis_seconds,0.49856
per_scenario[2].conditions[46].catalog_family_metrics.f1,1.0
per_scenario[2].conditions[46].catalog_family_metrics.fn,0
per_scenario[2].conditions[46].catalog_family_metrics.fp,0
per_scenario[2].conditions[46].catalog_family_metrics.precision,1.0
per_scenario[2].conditions[46].catalog_family_metrics.recall,1.0
per_scenario[2].conditions[46].catalog_family_metrics.tp,1
per_scenario[2].conditions[46].expected_validation,null
per_scenario[2].conditions[46].finding_count,1
per_scenario[2].conditions[46].paired_delta_vs_control.family_set_changed,false
per_scenario[2].conditions[46].paired_delta_vs_control.finding_count_change,0
per_scenario[2].conditions[46].parameters.shift_seconds,-87400.0
per_scenario[2].conditions[46].perturbation_ground_truth.shift_seconds,-87400.0
per_scenario[2].conditions[46].recommendation_count,0
per_scenario[2].conditions[46].risk.total_score,6.18
per_scenario[2].conditions[46].traceability.evidence_reference_coverage,1.0
per_scenario[2].conditions[46].traceability.evidence_references,1
per_scenario[2].conditions[46].traceability.findings,1
per_scenario[2].conditions[46].traceability.findings_with_all_evidence_references_resolved,1
per_scenario[2].conditions[46].traceability.resolved_evidence_references,1
per_scenario[2].conditions[46].validation_matches_expected,null
per_scenario[2].conditions[46].validation_seconds,0.486851
per_scenario[2].conditions[46].validation_totals.accepted,17
per_scenario[2].conditions[46].validation_totals.received,17
per_scenario[2].conditions[46].validation_totals.rejected,0
per_scenario[2].conditions[46].validation_warning_count,0
per_scenario[2].conditions[47].analysis_seconds,0.351182
per_scenario[2].conditions[47].catalog_family_metrics.f1,1.0
per_scenario[2].conditions[47].catalog_family_metrics.fn,0
per_scenario[2].conditions[47].catalog_family_metrics.fp,0
per_scenario[2].conditions[47].catalog_family_metrics.precision,1.0
per_scenario[2].conditions[47].catalog_family_metrics.recall,1.0
per_scenario[2].conditions[47].catalog_family_metrics.tp,1
per_scenario[2].conditions[47].expected_validation,null
per_scenario[2].conditions[47].finding_count,1
per_scenario[2].conditions[47].paired_delta_vs_control.family_set_changed,false
per_scenario[2].conditions[47].paired_delta_vs_control.finding_count_change,0
per_scenario[2].conditions[47].parameters.shift_seconds,-3456000.0
per_scenario[2].conditions[47].perturbation_ground_truth.shift_seconds,-3456000.0
per_scenario[2].conditions[47].recommendation_count,0
per_scenario[2].conditions[47].risk.total_score,6.18
per_scenario[2].conditions[47].traceability.evidence_reference_coverage,1.0
per_scenario[2].conditions[47].traceability.evidence_references,1
per_scenario[2].conditions[47].traceability.findings,1
per_scenario[2].conditions[47].traceability.findings_with_all_evidence_references_resolved,1
per_scenario[2].conditions[47].traceability.resolved_evidence_references,1
per_scenario[2].conditions[47].validation_matches_expected,null
per_scenario[2].conditions[47].validation_seconds,0.468243
per_scenario[2].conditions[47].validation_totals.accepted,17
per_scenario[2].conditions[47].validation_totals.received,17
per_scenario[2].conditions[47].validation_totals.rejected,0
per_scenario[2].conditions[47].validation_warning_count,0
per_scenario[2].conditions[48].analysis_seconds,0.281292
per_scenario[2].conditions[48].catalog_family_metrics.f1,1.0
per_scenario[2].conditions[48].catalog_family_metrics.fn,0
per_scenario[2].conditions[48].catalog_family_metrics.fp,0
per_scenario[2].conditions[48].catalog_family_metrics.precision,1.0
per_scenario[2].conditions[48].catalog_family_metrics.recall,1.0
per_scenario[2].conditions[48].catalog_family_metrics.tp,1
per_scenario[2].conditions[48].expected_validation,null
per_scenario[2].conditions[48].finding_count,1
per_scenario[2].conditions[48].paired_delta_vs_control.family_set_changed,false
per_scenario[2].conditions[48].paired_delta_vs_control.finding_count_change,0
per_scenario[2].conditions[48].parameters.shift_seconds,2677400.0
per_scenario[2].conditions[48].perturbation_ground_truth.shift_seconds,2677400.0
per_scenario[2].conditions[48].recommendation_count,0
per_scenario[2].conditions[48].risk.total_score,6.18
per_scenario[2].conditions[48].traceability.evidence_reference_coverage,1.0
per_scenario[2].conditions[48].traceability.evidence_references,1
per_scenario[2].conditions[48].traceability.findings,1
per_scenario[2].conditions[48].traceability.findings_with_all_evidence_references_resolved,1
per_scenario[2].conditions[48].traceability.resolved_evidence_references,1
per_scenario[2].conditions[48].validation_matches_expected,null
per_scenario[2].conditions[48].validation_seconds,0.457989
per_scenario[2].conditions[48].validation_totals.accepted,17
per_scenario[2].conditions[48].validation_totals.received,17
per_scenario[2].conditions[48].validation_totals.rejected,0
per_scenario[2].conditions[48].validation_warning_count,0
per_scenario[2].conditions[49].analysis_seconds,0.555098
per_scenario[2].conditions[49].catalog_family_metrics.f1,1.0
per_scenario[2].conditions[49].catalog_family_metrics.fn,0
per_scenario[2].conditions[49].catalog_family_metrics.fp,0
per_scenario[2].conditions[49].catalog_family_metrics.precision,1.0
per_scenario[2].conditions[49].catalog_family_metrics.recall,1.0
per_scenario[2].conditions[49].catalog_family_metrics.tp,1
per_scenario[2].conditions[49].finding_count,1
per_scenario[2].conditions[49].paired_delta_vs_control.family_set_changed,false
per_scenario[2].conditions[49].paired_delta_vs_control.finding_count_change,0
per_scenario[2].conditions[49].recommendation_count,0
per_scenario[2].conditions[49].risk.total_score,6.18
per_scenario[2].conditions[49].traceability.evidence_reference_coverage,1.0
per_scenario[2].conditions[49].traceability.evidence_references,1
per_scenario[2].conditions[49].traceability.findings,1
per_scenario[2].conditions[49].traceability.findings_with_all_evidence_references_resolved,1
per_scenario[2].conditions[49].traceability.resolved_evidence_references,1
per_scenario[2].conditions[49].validation_matches_expected,true
per_scenario[2].conditions[49].validation_seconds,0.467585
per_scenario[2].conditions[49].validation_totals.accepted,18
per_scenario[2].conditions[49].validation_totals.received,18
per_scenario[2].conditions[49].validation_totals.rejected,0
per_scenario[2].conditions[49].validation_warning_count,0
per_scenario[2].conditions[50].analysis_seconds,0.448308
per_scenario[2].conditions[50].catalog_family_metrics.f1,1.0
per_scenario[2].conditions[50].catalog_family_metrics.fn,0
per_scenario[2].conditions[50].catalog_family_metrics.fp,0
per_scenario[2].conditions[50].catalog_family_metrics.precision,1.0
per_scenario[2].conditions[50].catalog_family_metrics.recall,1.0
per_scenario[2].conditions[50].catalog_family_metrics.tp,1
per_scenario[2].conditions[50].finding_count,1
per_scenario[2].conditions[50].paired_delta_vs_control.family_set_changed,false
per_scenario[2].conditions[50].paired_delta_vs_control.finding_count_change,0
per_scenario[2].conditions[50].recommendation_count,0
per_scenario[2].conditions[50].risk.total_score,6.18
per_scenario[2].conditions[50].traceability.evidence_reference_coverage,1.0
per_scenario[2].conditions[50].traceability.evidence_references,1
per_scenario[2].conditions[50].traceability.findings,1
per_scenario[2].conditions[50].traceability.findings_with_all_evidence_references_resolved,1
per_scenario[2].conditions[50].traceability.resolved_evidence_references,1
per_scenario[2].conditions[50].validation_matches_expected,true
per_scenario[2].conditions[50].validation_seconds,0.467714
per_scenario[2].conditions[50].validation_totals.accepted,17
per_scenario[2].conditions[50].validation_totals.received,17
per_scenario[2].conditions[50].validation_totals.rejected,0
per_scenario[2].conditions[50].validation_warning_count,0
per_scenario[2].conditions[51].analysis_seconds,0.468413
per_scenario[2].conditions[51].catalog_family_metrics.f1,null
per_scenario[2].conditions[51].catalog_family_metrics.fn,1
per_scenario[2].conditions[51].catalog_family_metrics.fp,1
per_scenario[2].conditions[51].catalog_family_metrics.precision,0.0
per_scenario[2].conditions[51].catalog_family_metrics.recall,0.0
per_scenario[2].conditions[51].catalog_family_metrics.tp,0
per_scenario[2].conditions[51].finding_count,2
per_scenario[2].conditions[51].paired_delta_vs_control.family_set_changed,true
per_scenario[2].conditions[51].paired_delta_vs_control.finding_count_change,1
per_scenario[2].conditions[51].perturbation_ground_truth.removed_steps,3
per_scenario[2].conditions[51].recommendation_count,0
per_scenario[2].conditions[51].risk.total_score,6.18
per_scenario[2].conditions[51].traceability.evidence_reference_coverage,1.0
per_scenario[2].conditions[51].traceability.evidence_references,2
per_scenario[2].conditions[51].traceability.findings,2
per_scenario[2].conditions[51].traceability.findings_with_all_evidence_references_resolved,1
per_scenario[2].conditions[51].traceability.resolved_evidence_references,2
per_scenario[2].conditions[51].validation_matches_expected,true
per_scenario[2].conditions[51].validation_seconds,0.407036
per_scenario[2].conditions[51].validation_totals.accepted,14
per_scenario[2].conditions[51].validation_totals.received,14
per_scenario[2].conditions[51].validation_totals.rejected,0
per_scenario[2].conditions[51].validation_warning_count,0
per_scenario[2].conditions[52].paired_delta_vs_control,null
per_scenario[2].conditions[52].perturbation_ground_truth.closed_at,1735693300.0
per_scenario[2].conditions[52].validation_matches_expected,true
per_scenario[2].conditions[52].validation_seconds,0.47812
per_scenario[2].conditions[52].validation_totals.accepted,13
per_scenario[2].conditions[52].validation_totals.received,17
per_scenario[2].conditions[52].validation_totals.rejected,4
per_scenario[2].conditions[52].validation_warning_count,3
per_scenario[2].control_vs_catalog.f1,1.0
per_scenario[2].control_vs_catalog.fn,0
per_scenario[2].control_vs_catalog.fp,0
per_scenario[2].control_vs_catalog.precision,1.0
per_scenario[2].control_vs_catalog.recall,1.0
per_scenario[2].control_vs_catalog.tp,1
per_scenario[3].conditions[0].analysis_seconds,0.809318
per_scenario[3].conditions[0].catalog_family_metrics.f1,0.6667
per_scenario[3].conditions[0].catalog_family_metrics.fn,0
per_scenario[3].conditions[0].catalog_family_metrics.fp,2
per_scenario[3].conditions[0].catalog_family_metrics.precision,0.5
per_scenario[3].conditions[0].catalog_family_metrics.recall,1.0
per_scenario[3].conditions[0].catalog_family_metrics.tp,2
per_scenario[3].conditions[0].finding_count,4
per_scenario[3].conditions[0].recommendation_count,0
per_scenario[3].conditions[0].risk.total_score,27.21
per_scenario[3].conditions[0].traceability.evidence_reference_coverage,1.0
per_scenario[3].conditions[0].traceability.evidence_references,7
per_scenario[3].conditions[0].traceability.findings,4
per_scenario[3].conditions[0].traceability.findings_with_all_evidence_references_resolved,3
per_scenario[3].conditions[0].traceability.resolved_evidence_references,7
per_scenario[3].conditions[0].validation_matches_expected,true
per_scenario[3].conditions[0].validation_seconds,0.462263
per_scenario[3].conditions[0].validation_totals.accepted,16
per_scenario[3].conditions[0].validation_totals.received,16
per_scenario[3].conditions[0].validation_totals.rejected,0
per_scenario[3].conditions[0].validation_warning_count,0
per_scenario[3].conditions[1].paired_delta_vs_control,null
per_scenario[3].conditions[1].perturbation_ground_truth.dangling_references_after_omission.escalations_or_dispositions,0
per_scenario[3].conditions[1].perturbation_ground_truth.dangling_references_after_omission.investigation_steps,3
per_scenario[3].conditions[1].perturbation_ground_truth.omitted_records,1
per_scenario[3].conditions[1].validation_matches_expected,true
per_scenario[3].conditions[1].validation_seconds,0.388445
per_scenario[3].conditions[1].validation_totals.accepted,12
per_scenario[3].conditions[1].validation_totals.received,15
per_scenario[3].conditions[1].validation_totals.rejected,3
per_scenario[3].conditions[1].validation_warning_count,9
per_scenario[3].conditions[2].analysis_seconds,1.132161
per_scenario[3].conditions[2].catalog_family_metrics.f1,0.5714
per_scenario[3].conditions[2].catalog_family_metrics.fn,0
per_scenario[3].conditions[2].catalog_family_metrics.fp,3
per_scenario[3].conditions[2].catalog_family_metrics.precision,0.4
per_scenario[3].conditions[2].catalog_family_metrics.recall,1.0
per_scenario[3].conditions[2].catalog_family_metrics.tp,2
per_scenario[3].conditions[2].finding_count,6
per_scenario[3].conditions[2].paired_delta_vs_control.family_set_changed,true
per_scenario[3].conditions[2].paired_delta_vs_control.finding_count_change,2
per_scenario[3].conditions[2].paired_delta_vs_control.risk_fields_changed.total_score.control,27.21
per_scenario[3].conditions[2].paired_delta_vs_control.risk_fields_changed.total_score.perturbed,29.89
per_scenario[3].conditions[2].perturbation_ground_truth.dangling_references_after_omission.escalations_or_dispositions,0
per_scenario[3].conditions[2].perturbation_ground_truth.dangling_references_after_omission.investigation_steps,0
per_scenario[3].conditions[2].perturbation_ground_truth.omitted_records,3
per_scenario[3].conditions[2].recommendation_count,0
per_scenario[3].conditions[2].risk.total_score,29.89
per_scenario[3].conditions[2].traceability.evidence_reference_coverage,1.0
per_scenario[3].conditions[2].traceability.evidence_references,10
per_scenario[3].conditions[2].traceability.findings,6
per_scenario[3].conditions[2].traceability.findings_with_all_evidence_references_resolved,4
per_scenario[3].conditions[2].traceability.resolved_evidence_references,10
per_scenario[3].conditions[2].validation_matches_expected,true
per_scenario[3].conditions[2].validation_seconds,0.406793
per_scenario[3].conditions[2].validation_totals.accepted,13
per_scenario[3].conditions[2].validation_totals.received,13
per_scenario[3].conditions[2].validation_totals.rejected,0
per_scenario[3].conditions[2].validation_warning_count,0
per_scenario[3].conditions[3].analysis_seconds,2.037607
per_scenario[3].conditions[3].catalog_family_metrics.f1,0.5
per_scenario[3].conditions[3].catalog_family_metrics.fn,0
per_scenario[3].conditions[3].catalog_family_metrics.fp,4
per_scenario[3].conditions[3].catalog_family_metrics.precision,0.3333
per_scenario[3].conditions[3].catalog_family_metrics.recall,1.0
per_scenario[3].conditions[3].catalog_family_metrics.tp,2
per_scenario[3].conditions[3].finding_count,7
per_scenario[3].conditions[3].paired_delta_vs_control.family_set_changed,true
per_scenario[3].conditions[3].paired_delta_vs_control.finding_count_change,3
per_scenario[3].conditions[3].paired_delta_vs_control.risk_fields_changed.total_score.control,27.21
per_scenario[3].conditions[3].paired_delta_vs_control.risk_fields_changed.total_score.perturbed,29.67
per_scenario[3].conditions[3].perturbation_ground_truth.dangling_references_after_omission.escalations_or_dispositions,0
per_scenario[3].conditions[3].perturbation_ground_truth.dangling_references_after_omission.investigation_steps,0
per_scenario[3].conditions[3].perturbation_ground_truth.omitted_records,3
per_scenario[3].conditions[3].recommendation_count,0
per_scenario[3].conditions[3].risk.total_score,29.67
per_scenario[3].conditions[3].traceability.evidence_reference_coverage,1.0
per_scenario[3].conditions[3].traceability.evidence_references,13
per_scenario[3].conditions[3].traceability.findings,7
per_scenario[3].conditions[3].traceability.findings_with_all_evidence_references_resolved,5
per_scenario[3].conditions[3].traceability.resolved_evidence_references,13
per_scenario[3].conditions[3].validation_matches_expected,true
per_scenario[3].conditions[3].validation_seconds,0.39581
per_scenario[3].conditions[3].validation_totals.accepted,13
per_scenario[3].conditions[3].validation_totals.received,13
per_scenario[3].conditions[3].validation_totals.rejected,0
per_scenario[3].conditions[3].validation_warning_count,0
per_scenario[3].conditions[4].analysis_seconds,0.855564
per_scenario[3].conditions[4].catalog_family_metrics.f1,0.6667
per_scenario[3].conditions[4].catalog_family_metrics.fn,0
per_scenario[3].conditions[4].catalog_family_metrics.fp,2
per_scenario[3].conditions[4].catalog_family_metrics.precision,0.5
per_scenario[3].conditions[4].catalog_family_metrics.recall,1.0
per_scenario[3].conditions[4].catalog_family_metrics.tp,2
per_scenario[3].conditions[4].finding_count,5
per_scenario[3].conditions[4].paired_delta_vs_control.family_set_changed,false
per_scenario[3].conditions[4].paired_delta_vs_control.finding_count_change,1
per_scenario[3].conditions[4].perturbation_ground_truth.dangling_references_after_omission.escalations_or_dispositions,0
per_scenario[3].conditions[4].perturbation_ground_truth.dangling_references_after_omission.investigation_steps,0
per_scenario[3].conditions[4].perturbation_ground_truth.omitted_records,3
per_scenario[3].conditions[4].recommendation_count,0
per_scenario[3].conditions[4].risk.total_score,27.21
per_scenario[3].conditions[4].traceability.evidence_reference_coverage,1.0
per_scenario[3].conditions[4].traceability.evidence_references,7
per_scenario[3].conditions[4].traceability.findings,5
per_scenario[3].conditions[4].traceability.findings_with_all_evidence_references_resolved,3
per_scenario[3].conditions[4].traceability.resolved_evidence_references,7
per_scenario[3].conditions[4].validation_matches_expected,true
per_scenario[3].conditions[4].validation_seconds,0.39148
per_scenario[3].conditions[4].validation_totals.accepted,13
per_scenario[3].conditions[4].validation_totals.received,13
per_scenario[3].conditions[4].validation_totals.rejected,0
per_scenario[3].conditions[4].validation_warning_count,0
per_scenario[3].conditions[5].analysis_seconds,0.659997
per_scenario[3].conditions[5].catalog_family_metrics.f1,0.5
per_scenario[3].conditions[5].catalog_family_metrics.fn,1
per_scenario[3].conditions[5].catalog_family_metrics.fp,1
per_scenario[3].conditions[5].catalog_family_metrics.precision,0.5
per_scenario[3].conditions[5].catalog_family_metrics.recall,0.5
per_scenario[3].conditions[5].catalog_family_metrics.tp,1
per_scenario[3].conditions[5].finding_count,3
per_scenario[3].conditions[5].paired_delta_vs_control.family_set_changed,true
per_scenario[3].conditions[5].paired_delta_vs_control.finding_count_change,-1
per_scenario[3].conditions[5].paired_delta_vs_control.risk_fields_changed.total_score.control,27.21
per_scenario[3].conditions[5].paired_delta_vs_control.risk_fields_changed.total_score.perturbed,14.92
per_scenario[3].conditions[5].perturbation_ground_truth.dangling_references_after_omission.escalations_or_dispositions,0
per_scenario[3].conditions[5].perturbation_ground_truth.dangling_references_after_omission.investigation_steps,0
per_scenario[3].conditions[5].perturbation_ground_truth.omitted_records,3
per_scenario[3].conditions[5].recommendation_count,0
per_scenario[3].conditions[5].risk.total_score,14.92
per_scenario[3].conditions[5].traceability.evidence_reference_coverage,1.0
per_scenario[3].conditions[5].traceability.evidence_references,4
per_scenario[3].conditions[5].traceability.findings,3
per_scenario[3].conditions[5].traceability.findings_with_all_evidence_references_resolved,2
per_scenario[3].conditions[5].traceability.resolved_evidence_references,4
per_scenario[3].conditions[5].validation_matches_expected,true
per_scenario[3].conditions[5].validation_seconds,0.396268
per_scenario[3].conditions[5].validation_totals.accepted,13
per_scenario[3].conditions[5].validation_totals.received,13
per_scenario[3].conditions[5].validation_totals.rejected,0
per_scenario[3].conditions[5].validation_warning_count,3
per_scenario[3].conditions[6].analysis_seconds,0.954157
per_scenario[3].conditions[6].catalog_family_metrics.f1,0.6667
per_scenario[3].conditions[6].catalog_family_metrics.fn,0
per_scenario[3].conditions[6].catalog_family_metrics.fp,2
per_scenario[3].conditions[6].catalog_family_metrics.precision,0.5
per_scenario[3].conditions[6].catalog_family_metrics.recall,1.0
per_scenario[3].conditions[6].catalog_family_metrics.tp,2
per_scenario[3].conditions[6].finding_count,4
per_scenario[3].conditions[6].paired_delta_vs_control.family_set_changed,false
per_scenario[3].conditions[6].paired_delta_vs_control.finding_count_change,0
per_scenario[3].conditions[6].parameters.rate,0.1
per_scenario[3].conditions[6].parameters.seed,0
per_scenario[3].conditions[6].perturbation_ground_truth.dangling_references_after_omission.escalations_or_dispositions,0
per_scenario[3].conditions[6].perturbation_ground_truth.dangling_references_after_omission.investigation_steps,0
per_scenario[3].conditions[6].perturbation_ground_truth.eligible_records,13
per_scenario[3].conditions[6].perturbation_ground_truth.removed[0].row_index,2
per_scenario[3].conditions[6].recommendation_count,0
per_scenario[3].conditions[6].risk.total_score,27.21
per_scenario[3].conditions[6].traceability.evidence_reference_coverage,1.0
per_scenario[3].conditions[6].traceability.evidence_references,7
per_scenario[3].conditions[6].traceability.findings,4
per_scenario[3].conditions[6].traceability.findings_with_all_evidence_references_resolved,3
per_scenario[3].conditions[6].traceability.resolved_evidence_references,7
per_scenario[3].conditions[6].validation_matches_expected,true
per_scenario[3].conditions[6].validation_seconds,0.465188
per_scenario[3].conditions[6].validation_totals.accepted,15
per_scenario[3].conditions[6].validation_totals.received,15
per_scenario[3].conditions[6].validation_totals.rejected,0
per_scenario[3].conditions[6].validation_warning_count,0
per_scenario[3].conditions[7].analysis_seconds,1.453059
per_scenario[3].conditions[7].catalog_family_metrics.f1,0.6667
per_scenario[3].conditions[7].catalog_family_metrics.fn,0
per_scenario[3].conditions[7].catalog_family_metrics.fp,2
per_scenario[3].conditions[7].catalog_family_metrics.precision,0.5
per_scenario[3].conditions[7].catalog_family_metrics.recall,1.0
per_scenario[3].conditions[7].catalog_family_metrics.tp,2
per_scenario[3].conditions[7].finding_count,4
per_scenario[3].conditions[7].paired_delta_vs_control.family_set_changed,false
per_scenario[3].conditions[7].paired_delta_vs_control.finding_count_change,0
per_scenario[3].conditions[7].parameters.rate,0.1
per_scenario[3].conditions[7].parameters.seed,0
per_scenario[3].conditions[7].perturbation_ground_truth.cascaded_investigation_steps_removed,0
per_scenario[3].conditions[7].perturbation_ground_truth.dangling_references_after_omission.escalations_or_dispositions,0
per_scenario[3].conditions[7].perturbation_ground_truth.dangling_references_after_omission.investigation_steps,0
per_scenario[3].conditions[7].perturbation_ground_truth.eligible_records,13
per_scenario[3].conditions[7].perturbation_ground_truth.removed[0].row_index,2
per_scenario[3].conditions[7].recommendation_count,0
per_scenario[3].conditions[7].risk.total_score,27.21
per_scenario[3].conditions[7].traceability.evidence_reference_coverage,1.0
per_scenario[3].conditions[7].traceability.evidence_references,7
per_scenario[3].conditions[7].traceability.findings,4
per_scenario[3].conditions[7].traceability.findings_with_all_evidence_references_resolved,3
per_scenario[3].conditions[7].traceability.resolved_evidence_references,7
per_scenario[3].conditions[7].validation_matches_expected,true
per_scenario[3].conditions[7].validation_seconds,0.458772
per_scenario[3].conditions[7].validation_totals.accepted,15
per_scenario[3].conditions[7].validation_totals.received,15
per_scenario[3].conditions[7].validation_totals.rejected,0
per_scenario[3].conditions[7].validation_warning_count,0
per_scenario[3].conditions[8].paired_delta_vs_control,null
per_scenario[3].conditions[8].parameters.rate,0.1
per_scenario[3].conditions[8].parameters.seed,1
per_scenario[3].conditions[8].perturbation_ground_truth.dangling_references_after_omission.escalations_or_dispositions,0
per_scenario[3].conditions[8].perturbation_ground_truth.dangling_references_after_omission.investigation_steps,3
per_scenario[3].conditions[8].perturbation_ground_truth.eligible_records,13
per_scenario[3].conditions[8].perturbation_ground_truth.removed[0].row_index,0
per_scenario[3].conditions[8].validation_matches_expected,true
per_scenario[3].conditions[8].validation_seconds,0.398069
per_scenario[3].conditions[8].validation_totals.accepted,12
per_scenario[3].conditions[8].validation_totals.received,15
per_scenario[3].conditions[8].validation_totals.rejected,3
per_scenario[3].conditions[8].validation_warning_count,9
per_scenario[3].conditions[9].analysis_seconds,1.487158
per_scenario[3].conditions[9].catalog_family_metrics.f1,0.5714
per_scenario[3].conditions[9].catalog_family_metrics.fn,0
per_scenario[3].conditions[9].catalog_family_metrics.fp,3
per_scenario[3].conditions[9].catalog_family_metrics.precision,0.4
per_scenario[3].conditions[9].catalog_family_metrics.recall,1.0
per_scenario[3].conditions[9].catalog_family_metrics.tp,2
per_scenario[3].conditions[9].finding_count,7
per_scenario[3].conditions[9].paired_delta_vs_control.family_set_changed,true
per_scenario[3].conditions[9].paired_delta_vs_control.finding_count_change,3
per_scenario[3].conditions[9].paired_delta_vs_control.risk_fields_changed.total_score.control,27.21
per_scenario[3].conditions[9].paired_delta_vs_control.risk_fields_changed.total_score.perturbed,33.58
per_scenario[3].conditions[9].parameters.rate,0.1
per_scenario[3].conditions[9].parameters.seed,1
per_scenario[3].conditions[9].perturbation_ground_truth.cascaded_investigation_steps_removed,3
per_scenario[3].conditions[9].perturbation_ground_truth.dangling_references_after_omission.escalations_or_dispositions,0
per_scenario[3].conditions[9].perturbation_ground_truth.dangling_references_after_omission.investigation_steps,0
per_scenario[3].conditions[9].perturbation_ground_truth.eligible_records,13
per_scenario[3].conditions[9].perturbation_ground_truth.removed[0].row_index,0
per_scenario[3].conditions[9].recommendation_count,0
per_scenario[3].conditions[9].risk.total_score,33.58
per_scenario[3].conditions[9].traceability.evidence_reference_coverage,1.0
per_scenario[3].conditions[9].traceability.evidence_references,12
per_scenario[3].conditions[9].traceability.findings,7
per_scenario[3].conditions[9].traceability.findings_with_all_evidence_references_resolved,4
per_scenario[3].conditions[9].traceability.resolved_evidence_references,12
per_scenario[3].conditions[9].validation_matches_expected,true
per_scenario[3].conditions[9].validation_seconds,0.33684
per_scenario[3].conditions[9].validation_totals.accepted,12
per_scenario[3].conditions[9].validation_totals.received,12
per_scenario[3].conditions[9].validation_totals.rejected,0
per_scenario[3].conditions[9].validation_warning_count,9
per_scenario[3].conditions[10].analysis_seconds,0.724351
per_scenario[3].conditions[10].catalog_family_metrics.f1,0.6667
per_scenario[3].conditions[10].catalog_family_metrics.fn,0
per_scenario[3].conditions[10].catalog_family_metrics.fp,2
per_scenario[3].conditions[10].catalog_family_metrics.precision,0.5
per_scenario[3].conditions[10].catalog_family_metrics.recall,1.0
per_scenario[3].conditions[10].catalog_family_metrics.tp,2
per_scenario[3].conditions[10].finding_count,4
per_scenario[3].conditions[10].paired_delta_vs_control.family_set_changed,false
per_scenario[3].conditions[10].paired_delta_vs_control.finding_count_change,0
per_scenario[3].conditions[10].parameters.rate,0.1
per_scenario[3].conditions[10].parameters.seed,2
per_scenario[3].conditions[10].perturbation_ground_truth.dangling_references_after_omission.escalations_or_dispositions,0
per_scenario[3].conditions[10].perturbation_ground_truth.dangling_references_after_omission.investigation_steps,0
per_scenario[3].conditions[10].perturbation_ground_truth.eligible_records,13
per_scenario[3].conditions[10].perturbation_ground_truth.removed[0].row_index,2
per_scenario[3].conditions[10].recommendation_count,0
per_scenario[3].conditions[10].risk.total_score,27.21
per_scenario[3].conditions[10].traceability.evidence_reference_coverage,1.0
per_scenario[3].conditions[10].traceability.evidence_references,7
per_scenario[3].conditions[10].traceability.findings,4
per_scenario[3].conditions[10].traceability.findings_with_all_evidence_references_resolved,3
per_scenario[3].conditions[10].traceability.resolved_evidence_references,7
per_scenario[3].conditions[10].validation_matches_expected,true
per_scenario[3].conditions[10].validation_seconds,0.487809
per_scenario[3].conditions[10].validation_totals.accepted,15
per_scenario[3].conditions[10].validation_totals.received,15
per_scenario[3].conditions[10].validation_totals.rejected,0
per_scenario[3].conditions[10].validation_warning_count,0
per_scenario[3].conditions[11].analysis_seconds,6.838136
per_scenario[3].conditions[11].catalog_family_metrics.f1,0.6667
per_scenario[3].conditions[11].catalog_family_metrics.fn,0
per_scenario[3].conditions[11].catalog_family_metrics.fp,2
per_scenario[3].conditions[11].catalog_family_metrics.precision,0.5
per_scenario[3].conditions[11].catalog_family_metrics.recall,1.0
per_scenario[3].conditions[11].catalog_family_metrics.tp,2
per_scenario[3].conditions[11].finding_count,4
per_scenario[3].conditions[11].paired_delta_vs_control.family_set_changed,false
per_scenario[3].conditions[11].paired_delta_vs_control.finding_count_change,0
per_scenario[3].conditions[11].parameters.rate,0.1
per_scenario[3].conditions[11].parameters.seed,2
per_scenario[3].conditions[11].perturbation_ground_truth.cascaded_investigation_steps_removed,0
per_scenario[3].conditions[11].perturbation_ground_truth.dangling_references_after_omission.escalations_or_dispositions,0
per_scenario[3].conditions[11].perturbation_ground_truth.dangling_references_after_omission.investigation_steps,0
per_scenario[3].conditions[11].perturbation_ground_truth.eligible_records,13
per_scenario[3].conditions[11].perturbation_ground_truth.removed[0].row_index,2
per_scenario[3].conditions[11].recommendation_count,0
per_scenario[3].conditions[11].risk.total_score,27.21
per_scenario[3].conditions[11].traceability.evidence_reference_coverage,1.0
per_scenario[3].conditions[11].traceability.evidence_references,7
per_scenario[3].conditions[11].traceability.findings,4
per_scenario[3].conditions[11].traceability.findings_with_all_evidence_references_resolved,3
per_scenario[3].conditions[11].traceability.resolved_evidence_references,7
per_scenario[3].conditions[11].validation_matches_expected,true
per_scenario[3].conditions[11].validation_seconds,0.479018
per_scenario[3].conditions[11].validation_totals.accepted,15
per_scenario[3].conditions[11].validation_totals.received,15
per_scenario[3].conditions[11].validation_totals.rejected,0
per_scenario[3].conditions[11].validation_warning_count,0
per_scenario[3].conditions[12].analysis_seconds,0.838735
per_scenario[3].conditions[12].catalog_family_metrics.f1,0.6667
per_scenario[3].conditions[12].catalog_family_metrics.fn,0
per_scenario[3].conditions[12].catalog_family_metrics.fp,2
per_scenario[3].conditions[12].catalog_family_metrics.precision,0.5
per_scenario[3].conditions[12].catalog_family_metrics.recall,1.0
per_scenario[3].conditions[12].catalog_family_metrics.tp,2
per_scenario[3].conditions[12].finding_count,4
per_scenario[3].conditions[12].paired_delta_vs_control.family_set_changed,false
per_scenario[3].conditions[12].paired_delta_vs_control.finding_count_change,0
per_scenario[3].conditions[12].parameters.rate,0.1
per_scenario[3].conditions[12].parameters.seed,3
per_scenario[3].conditions[12].perturbation_ground_truth.dangling_references_after_omission.escalations_or_dispositions,0
per_scenario[3].conditions[12].perturbation_ground_truth.dangling_references_after_omission.investigation_steps,0
per_scenario[3].conditions[12].perturbation_ground_truth.eligible_records,13
per_scenario[3].conditions[12].perturbation_ground_truth.removed[0].row_index,0
per_scenario[3].conditions[12].recommendation_count,0
per_scenario[3].conditions[12].risk.total_score,27.21
per_scenario[3].conditions[12].traceability.evidence_reference_coverage,1.0
per_scenario[3].conditions[12].traceability.evidence_references,7
per_scenario[3].conditions[12].traceability.findings,4
per_scenario[3].conditions[12].traceability.findings_with_all_evidence_references_resolved,3
per_scenario[3].conditions[12].traceability.resolved_evidence_references,7
per_scenario[3].conditions[12].validation_matches_expected,true
per_scenario[3].conditions[12].validation_seconds,0.498094
per_scenario[3].conditions[12].validation_totals.accepted,15
per_scenario[3].conditions[12].validation_totals.received,15
per_scenario[3].conditions[12].validation_totals.rejected,0
per_scenario[3].conditions[12].validation_warning_count,0
per_scenario[3].conditions[13].analysis_seconds,0.489463
per_scenario[3].conditions[13].catalog_family_metrics.f1,0.6667
per_scenario[3].conditions[13].catalog_family_metrics.fn,0
per_scenario[3].conditions[13].catalog_family_metrics.fp,2
per_scenario[3].conditions[13].catalog_family_metrics.precision,0.5
per_scenario[3].conditions[13].catalog_family_metrics.recall,1.0
per_scenario[3].conditions[13].catalog_family_metrics.tp,2
per_scenario[3].conditions[13].finding_count,4
per_scenario[3].conditions[13].paired_delta_vs_control.family_set_changed,false
per_scenario[3].conditions[13].paired_delta_vs_control.finding_count_change,0
per_scenario[3].conditions[13].parameters.rate,0.1
per_scenario[3].conditions[13].parameters.seed,3
per_scenario[3].conditions[13].perturbation_ground_truth.cascaded_investigation_steps_removed,0
per_scenario[3].conditions[13].perturbation_ground_truth.dangling_references_after_omission.escalations_or_dispositions,0
per_scenario[3].conditions[13].perturbation_ground_truth.dangling_references_after_omission.investigation_steps,0
per_scenario[3].conditions[13].perturbation_ground_truth.eligible_records,13
per_scenario[3].conditions[13].perturbation_ground_truth.removed[0].row_index,0
per_scenario[3].conditions[13].recommendation_count,0
per_scenario[3].conditions[13].risk.total_score,27.21
per_scenario[3].conditions[13].traceability.evidence_reference_coverage,1.0
per_scenario[3].conditions[13].traceability.evidence_references,7
per_scenario[3].conditions[13].traceability.findings,4
per_scenario[3].conditions[13].traceability.findings_with_all_evidence_references_resolved,3
per_scenario[3].conditions[13].traceability.resolved_evidence_references,7
per_scenario[3].conditions[13].validation_matches_expected,true
per_scenario[3].conditions[13].validation_seconds,0.486285
per_scenario[3].conditions[13].validation_totals.accepted,15
per_scenario[3].conditions[13].validation_totals.received,15
per_scenario[3].conditions[13].validation_totals.rejected,0
per_scenario[3].conditions[13].validation_warning_count,0
per_scenario[3].conditions[14].analysis_seconds,1.12566
per_scenario[3].conditions[14].catalog_family_metrics.f1,0.6667
per_scenario[3].conditions[14].catalog_family_metrics.fn,0
per_scenario[3].conditions[14].catalog_family_metrics.fp,2
per_scenario[3].conditions[14].catalog_family_metrics.precision,0.5
per_scenario[3].conditions[14].catalog_family_metrics.recall,1.0
per_scenario[3].conditions[14].catalog_family_metrics.tp,2
per_scenario[3].conditions[14].finding_count,4
per_scenario[3].conditions[14].paired_delta_vs_control.family_set_changed,false
per_scenario[3].conditions[14].paired_delta_vs_control.finding_count_change,0
per_scenario[3].conditions[14].parameters.rate,0.1
per_scenario[3].conditions[14].parameters.seed,4
per_scenario[3].conditions[14].perturbation_ground_truth.dangling_references_after_omission.escalations_or_dispositions,0
per_scenario[3].conditions[14].perturbation_ground_truth.dangling_references_after_omission.investigation_steps,0
per_scenario[3].conditions[14].perturbation_ground_truth.eligible_records,13
per_scenario[3].conditions[14].perturbation_ground_truth.removed[0].row_index,1
per_scenario[3].conditions[14].recommendation_count,0
per_scenario[3].conditions[14].risk.total_score,27.21
per_scenario[3].conditions[14].traceability.evidence_reference_coverage,1.0
per_scenario[3].conditions[14].traceability.evidence_references,7
per_scenario[3].conditions[14].traceability.findings,4
per_scenario[3].conditions[14].traceability.findings_with_all_evidence_references_resolved,3
per_scenario[3].conditions[14].traceability.resolved_evidence_references,7
per_scenario[3].conditions[14].validation_matches_expected,true
per_scenario[3].conditions[14].validation_seconds,0.481561
per_scenario[3].conditions[14].validation_totals.accepted,15
per_scenario[3].conditions[14].validation_totals.received,15
per_scenario[3].conditions[14].validation_totals.rejected,0
per_scenario[3].conditions[14].validation_warning_count,0
per_scenario[3].conditions[15].analysis_seconds,0.84614
per_scenario[3].conditions[15].catalog_family_metrics.f1,0.6667
per_scenario[3].conditions[15].catalog_family_metrics.fn,0
per_scenario[3].conditions[15].catalog_family_metrics.fp,2
per_scenario[3].conditions[15].catalog_family_metrics.precision,0.5
per_scenario[3].conditions[15].catalog_family_metrics.recall,1.0
per_scenario[3].conditions[15].catalog_family_metrics.tp,2
per_scenario[3].conditions[15].finding_count,4
per_scenario[3].conditions[15].paired_delta_vs_control.family_set_changed,false
per_scenario[3].conditions[15].paired_delta_vs_control.finding_count_change,0
per_scenario[3].conditions[15].parameters.rate,0.1
per_scenario[3].conditions[15].parameters.seed,4
per_scenario[3].conditions[15].perturbation_ground_truth.cascaded_investigation_steps_removed,0
per_scenario[3].conditions[15].perturbation_ground_truth.dangling_references_after_omission.escalations_or_dispositions,0
per_scenario[3].conditions[15].perturbation_ground_truth.dangling_references_after_omission.investigation_steps,0
per_scenario[3].conditions[15].perturbation_ground_truth.eligible_records,13
per_scenario[3].conditions[15].perturbation_ground_truth.removed[0].row_index,1
per_scenario[3].conditions[15].recommendation_count,0
per_scenario[3].conditions[15].risk.total_score,27.21
per_scenario[3].conditions[15].traceability.evidence_reference_coverage,1.0
per_scenario[3].conditions[15].traceability.evidence_references,7
per_scenario[3].conditions[15].traceability.findings,4
per_scenario[3].conditions[15].traceability.findings_with_all_evidence_references_resolved,3
per_scenario[3].conditions[15].traceability.resolved_evidence_references,7
per_scenario[3].conditions[15].validation_matches_expected,true
per_scenario[3].conditions[15].validation_seconds,0.475019
per_scenario[3].conditions[15].validation_totals.accepted,15
per_scenario[3].conditions[15].validation_totals.received,15
per_scenario[3].conditions[15].validation_totals.rejected,0
per_scenario[3].conditions[15].validation_warning_count,0
per_scenario[3].conditions[16].paired_delta_vs_control,null
per_scenario[3].conditions[16].parameters.rate,0.25
per_scenario[3].conditions[16].parameters.seed,0
per_scenario[3].conditions[16].perturbation_ground_truth.dangling_references_after_omission.escalations_or_dispositions,0
per_scenario[3].conditions[16].perturbation_ground_truth.dangling_references_after_omission.investigation_steps,3
per_scenario[3].conditions[16].perturbation_ground_truth.eligible_records,13
per_scenario[3].conditions[16].perturbation_ground_truth.removed[0].row_index,0
per_scenario[3].conditions[16].perturbation_ground_truth.removed[1].row_index,1
per_scenario[3].conditions[16].perturbation_ground_truth.removed[2].row_index,1
per_scenario[3].conditions[16].validation_matches_expected,true
per_scenario[3].conditions[16].validation_seconds,0.43943
per_scenario[3].conditions[16].validation_totals.accepted,10
per_scenario[3].conditions[16].validation_totals.received,13
per_scenario[3].conditions[16].validation_totals.rejected,3
per_scenario[3].conditions[16].validation_warning_count,7
per_scenario[3].conditions[17].analysis_seconds,1.933964
per_scenario[3].conditions[17].catalog_family_metrics.f1,0.4
per_scenario[3].conditions[17].catalog_family_metrics.fn,0
per_scenario[3].conditions[17].catalog_family_metrics.fp,6
per_scenario[3].conditions[17].catalog_family_metrics.precision,0.25
per_scenario[3].conditions[17].catalog_family_metrics.recall,1.0
per_scenario[3].conditions[17].catalog_family_metrics.tp,2
per_scenario[3].conditions[17].finding_count,10
per_scenario[3].conditions[17].paired_delta_vs_control.family_set_changed,true
per_scenario[3].conditions[17].paired_delta_vs_control.finding_count_change,6
per_scenario[3].conditions[17].paired_delta_vs_control.risk_fields_changed.total_score.control,27.21
per_scenario[3].conditions[17].paired_delta_vs_control.risk_fields_changed.total_score.perturbed,38.43
per_scenario[3].conditions[17].parameters.rate,0.25
per_scenario[3].conditions[17].parameters.seed,0
per_scenario[3].conditions[17].perturbation_ground_truth.cascaded_investigation_steps_removed,3
per_scenario[3].conditions[17].perturbation_ground_truth.dangling_references_after_omission.escalations_or_dispositions,0
per_scenario[3].conditions[17].perturbation_ground_truth.dangling_references_after_omission.investigation_steps,0
per_scenario[3].conditions[17].perturbation_ground_truth.eligible_records,13
per_scenario[3].conditions[17].perturbation_ground_truth.removed[0].row_index,0
per_scenario[3].conditions[17].perturbation_ground_truth.removed[1].row_index,1
per_scenario[3].conditions[17].perturbation_ground_truth.removed[2].row_index,1
per_scenario[3].conditions[17].recommendation_count,0
per_scenario[3].conditions[17].risk.total_score,38.43
per_scenario[3].conditions[17].traceability.evidence_reference_coverage,1.0
per_scenario[3].conditions[17].traceability.evidence_references,15
per_scenario[3].conditions[17].traceability.findings,10
per_scenario[3].conditions[17].traceability.findings_with_all_evidence_references_resolved,7
per_scenario[3].conditions[17].traceability.resolved_evidence_references,15
per_scenario[3].conditions[17].validation_matches_expected,true
per_scenario[3].conditions[17].validation_seconds,0.340563
per_scenario[3].conditions[17].validation_totals.accepted,10
per_scenario[3].conditions[17].validation_totals.received,10
per_scenario[3].conditions[17].validation_totals.rejected,0
per_scenario[3].conditions[17].validation_warning_count,7
per_scenario[3].conditions[18].paired_delta_vs_control,null
per_scenario[3].conditions[18].parameters.rate,0.25
per_scenario[3].conditions[18].parameters.seed,1
per_scenario[3].conditions[18].perturbation_ground_truth.dangling_references_after_omission.escalations_or_dispositions,0
per_scenario[3].conditions[18].perturbation_ground_truth.dangling_references_after_omission.investigation_steps,3
per_scenario[3].conditions[18].perturbation_ground_truth.eligible_records,13
per_scenario[3].conditions[18].perturbation_ground_truth.removed[0].row_index,0
per_scenario[3].conditions[18].perturbation_ground_truth.removed[1].row_index,0
per_scenario[3].conditions[18].perturbation_ground_truth.removed[2].row_index,1
per_scenario[3].conditions[18].validation_matches_expected,true
per_scenario[3].conditions[18].validation_seconds,0.390861
per_scenario[3].conditions[18].validation_totals.accepted,10
per_scenario[3].conditions[18].validation_totals.received,13
per_scenario[3].conditions[18].validation_totals.rejected,3
per_scenario[3].conditions[18].validation_warning_count,8
per_scenario[3].conditions[19].analysis_seconds,1.104202
per_scenario[3].conditions[19].catalog_family_metrics.f1,0.5
per_scenario[3].conditions[19].catalog_family_metrics.fn,0
per_scenario[3].conditions[19].catalog_family_metrics.fp,4
per_scenario[3].conditions[19].catalog_family_metrics.precision,0.3333
per_scenario[3].conditions[19].catalog_family_metrics.recall,1.0
per_scenario[3].conditions[19].catalog_family_metrics.tp,2
per_scenario[3].conditions[19].finding_count,8
per_scenario[3].conditions[19].paired_delta_vs_control.family_set_changed,true
per_scenario[3].conditions[19].paired_delta_vs_control.finding_count_change,4
per_scenario[3].conditions[19].paired_delta_vs_control.risk_fields_changed.total_score.control,27.21
per_scenario[3].conditions[19].paired_delta_vs_control.risk_fields_changed.total_score.perturbed,35.33
per_scenario[3].conditions[19].parameters.rate,0.25
per_scenario[3].conditions[19].parameters.seed,1
per_scenario[3].conditions[19].perturbation_ground_truth.cascaded_investigation_steps_removed,3
per_scenario[3].conditions[19].perturbation_ground_truth.dangling_references_after_omission.escalations_or_dispositions,0
per_scenario[3].conditions[19].perturbation_ground_truth.dangling_references_after_omission.investigation_steps,0
per_scenario[3].conditions[19].perturbation_ground_truth.eligible_records,13
per_scenario[3].conditions[19].perturbation_ground_truth.removed[0].row_index,0
per_scenario[3].conditions[19].perturbation_ground_truth.removed[1].row_index,0
per_scenario[3].conditions[19].perturbation_ground_truth.removed[2].row_index,1
per_scenario[3].conditions[19].recommendation_count,0
per_scenario[3].conditions[19].risk.total_score,35.33
per_scenario[3].conditions[19].traceability.evidence_reference_coverage,1.0
per_scenario[3].conditions[19].traceability.evidence_references,13
per_scenario[3].conditions[19].traceability.findings,8
per_scenario[3].conditions[19].traceability.findings_with_all_evidence_references_resolved,5
per_scenario[3].conditions[19].traceability.resolved_evidence_references,13
per_scenario[3].conditions[19].validation_matches_expected,true
per_scenario[3].conditions[19].validation_seconds,0.349561
per_scenario[3].conditions[19].validation_totals.accepted,10
per_scenario[3].conditions[19].validation_totals.received,10
per_scenario[3].conditions[19].validation_totals.rejected,0
per_scenario[3].conditions[19].validation_warning_count,8
per_scenario[3].conditions[20].analysis_seconds,1.121012
per_scenario[3].conditions[20].catalog_family_metrics.f1,0.6667
per_scenario[3].conditions[20].catalog_family_metrics.fn,0
per_scenario[3].conditions[20].catalog_family_metrics.fp,2
per_scenario[3].conditions[20].catalog_family_metrics.precision,0.5
per_scenario[3].conditions[20].catalog_family_metrics.recall,1.0
per_scenario[3].conditions[20].catalog_family_metrics.tp,2
per_scenario[3].conditions[20].finding_count,4
per_scenario[3].conditions[20].paired_delta_vs_control.family_set_changed,false
per_scenario[3].conditions[20].paired_delta_vs_control.finding_count_change,0
per_scenario[3].conditions[20].paired_delta_vs_control.risk_fields_changed.total_score.control,27.21
per_scenario[3].conditions[20].paired_delta_vs_control.risk_fields_changed.total_score.perturbed,26.72
per_scenario[3].conditions[20].parameters.rate,0.25
per_scenario[3].conditions[20].parameters.seed,2
per_scenario[3].conditions[20].perturbation_ground_truth.dangling_references_after_omission.escalations_or_dispositions,0
per_scenario[3].conditions[20].perturbation_ground_truth.dangling_references_after_omission.investigation_steps,0
per_scenario[3].conditions[20].perturbation_ground_truth.eligible_records,13
per_scenario[3].conditions[20].perturbation_ground_truth.removed[0].row_index,1
per_scenario[3].conditions[20].perturbation_ground_truth.removed[1].row_index,2
per_scenario[3].conditions[20].perturbation_ground_truth.removed[2].row_index,0
per_scenario[3].conditions[20].recommendation_count,0
per_scenario[3].conditions[20].risk.total_score,26.72
per_scenario[3].conditions[20].traceability.evidence_reference_coverage,1.0
per_scenario[3].conditions[20].traceability.evidence_references,7
per_scenario[3].conditions[20].traceability.findings,4
per_scenario[3].conditions[20].traceability.findings_with_all_evidence_references_resolved,3
per_scenario[3].conditions[20].traceability.resolved_evidence_references,7
per_scenario[3].conditions[20].validation_matches_expected,true
per_scenario[3].conditions[20].validation_seconds,0.489654
per_scenario[3].conditions[20].validation_totals.accepted,13
per_scenario[3].conditions[20].validation_totals.received,13
per_scenario[3].conditions[20].validation_totals.rejected,0
per_scenario[3].conditions[20].validation_warning_count,0
per_scenario[3].conditions[21].analysis_seconds,0.838889
per_scenario[3].conditions[21].catalog_family_metrics.f1,0.6667
per_scenario[3].conditions[21].catalog_family_metrics.fn,0
per_scenario[3].conditions[21].catalog_family_metrics.fp,2
per_scenario[3].conditions[21].catalog_family_metrics.precision,0.5
per_scenario[3].conditions[21].catalog_family_metrics.recall,1.0
per_scenario[3].conditions[21].catalog_family_metrics.tp,2
per_scenario[3].conditions[21].finding_count,4
per_scenario[3].conditions[21].paired_delta_vs_control.family_set_changed,false
per_scenario[3].conditions[21].paired_delta_vs_control.finding_count_change,0
per_scenario[3].conditions[21].paired_delta_vs_control.risk_fields_changed.total_score.control,27.21
per_scenario[3].conditions[21].paired_delta_vs_control.risk_fields_changed.total_score.perturbed,26.72
per_scenario[3].conditions[21].parameters.rate,0.25
per_scenario[3].conditions[21].parameters.seed,2
per_scenario[3].conditions[21].perturbation_ground_truth.cascaded_investigation_steps_removed,0
per_scenario[3].conditions[21].perturbation_ground_truth.dangling_references_after_omission.escalations_or_dispositions,0
per_scenario[3].conditions[21].perturbation_ground_truth.dangling_references_after_omission.investigation_steps,0
per_scenario[3].conditions[21].perturbation_ground_truth.eligible_records,13
per_scenario[3].conditions[21].perturbation_ground_truth.removed[0].row_index,1
per_scenario[3].conditions[21].perturbation_ground_truth.removed[1].row_index,2
per_scenario[3].conditions[21].perturbation_ground_truth.removed[2].row_index,0
per_scenario[3].conditions[21].recommendation_count,0
per_scenario[3].conditions[21].risk.total_score,26.72
per_scenario[3].conditions[21].traceability.evidence_reference_coverage,1.0
per_scenario[3].conditions[21].traceability.evidence_references,7
per_scenario[3].conditions[21].traceability.findings,4
per_scenario[3].conditions[21].traceability.findings_with_all_evidence_references_resolved,3
per_scenario[3].conditions[21].traceability.resolved_evidence_references,7
per_scenario[3].conditions[21].validation_matches_expected,true
per_scenario[3].conditions[21].validation_seconds,0.475675
per_scenario[3].conditions[21].validation_totals.accepted,13
per_scenario[3].conditions[21].validation_totals.received,13
per_scenario[3].conditions[21].validation_totals.rejected,0
per_scenario[3].conditions[21].validation_warning_count,0
per_scenario[3].conditions[22].analysis_seconds,0.951977
per_scenario[3].conditions[22].catalog_family_metrics.f1,0.5714
per_scenario[3].conditions[22].catalog_family_metrics.fn,0
per_scenario[3].conditions[22].catalog_family_metrics.fp,3
per_scenario[3].conditions[22].catalog_family_metrics.precision,0.4
per_scenario[3].conditions[22].catalog_family_metrics.recall,1.0
per_scenario[3].conditions[22].catalog_family_metrics.tp,2
per_scenario[3].conditions[22].finding_count,5
per_scenario[3].conditions[22].paired_delta_vs_control.family_set_changed,true
per_scenario[3].conditions[22].paired_delta_vs_control.finding_count_change,1
per_scenario[3].conditions[22].paired_delta_vs_control.risk_fields_changed.total_score.control,27.21
per_scenario[3].conditions[22].paired_delta_vs_control.risk_fields_changed.total_score.perturbed,29.89
per_scenario[3].conditions[22].parameters.rate,0.25
per_scenario[3].conditions[22].parameters.seed,3
per_scenario[3].conditions[22].perturbation_ground_truth.dangling_references_after_omission.escalations_or_dispositions,0
per_scenario[3].conditions[22].perturbation_ground_truth.dangling_references_after_omission.investigation_steps,0
per_scenario[3].conditions[22].perturbation_ground_truth.eligible_records,13
per_scenario[3].conditions[22].perturbation_ground_truth.removed[0].row_index,2
per_scenario[3].conditions[22].perturbation_ground_truth.removed[1].row_index,0
per_scenario[3].conditions[22].perturbation_ground_truth.removed[2].row_index,1
per_scenario[3].conditions[22].recommendation_count,0
per_scenario[3].conditions[22].risk.total_score,29.89
per_scenario[3].conditions[22].traceability.evidence_reference_coverage,1.0
per_scenario[3].conditions[22].traceability.evidence_references,10
per_scenario[3].conditions[22].traceability.findings,5
per_scenario[3].conditions[22].traceability.findings_with_all_evidence_references_resolved,4
per_scenario[3].conditions[22].traceability.resolved_evidence_references,10
per_scenario[3].conditions[22].validation_matches_expected,true
per_scenario[3].conditions[22].validation_seconds,0.469659
per_scenario[3].conditions[22].validation_totals.accepted,13
per_scenario[3].conditions[22].validation_totals.received,13
per_scenario[3].conditions[22].validation_totals.rejected,0
per_scenario[3].conditions[22].validation_warning_count,0
per_scenario[3].conditions[23].analysis_seconds,0.806506
per_scenario[3].conditions[23].catalog_family_metrics.f1,0.5714
per_scenario[3].conditions[23].catalog_family_metrics.fn,0
per_scenario[3].conditions[23].catalog_family_metrics.fp,3
per_scenario[3].conditions[23].catalog_family_metrics.precision,0.4
per_scenario[3].conditions[23].catalog_family_metrics.recall,1.0
per_scenario[3].conditions[23].catalog_family_metrics.tp,2
per_scenario[3].conditions[23].finding_count,5
per_scenario[3].conditions[23].paired_delta_vs_control.family_set_changed,true
per_scenario[3].conditions[23].paired_delta_vs_control.finding_count_change,1
per_scenario[3].conditions[23].paired_delta_vs_control.risk_fields_changed.total_score.control,27.21
per_scenario[3].conditions[23].paired_delta_vs_control.risk_fields_changed.total_score.perturbed,29.89
per_scenario[3].conditions[23].parameters.rate,0.25
per_scenario[3].conditions[23].parameters.seed,3
per_scenario[3].conditions[23].perturbation_ground_truth.cascaded_investigation_steps_removed,0
per_scenario[3].conditions[23].perturbation_ground_truth.dangling_references_after_omission.escalations_or_dispositions,0
per_scenario[3].conditions[23].perturbation_ground_truth.dangling_references_after_omission.investigation_steps,0
per_scenario[3].conditions[23].perturbation_ground_truth.eligible_records,13
per_scenario[3].conditions[23].perturbation_ground_truth.removed[0].row_index,2
per_scenario[3].conditions[23].perturbation_ground_truth.removed[1].row_index,0
per_scenario[3].conditions[23].perturbation_ground_truth.removed[2].row_index,1
per_scenario[3].conditions[23].recommendation_count,0
per_scenario[3].conditions[23].risk.total_score,29.89
per_scenario[3].conditions[23].traceability.evidence_reference_coverage,1.0
per_scenario[3].conditions[23].traceability.evidence_references,10
per_scenario[3].conditions[23].traceability.findings,5
per_scenario[3].conditions[23].traceability.findings_with_all_evidence_references_resolved,4
per_scenario[3].conditions[23].traceability.resolved_evidence_references,10
per_scenario[3].conditions[23].validation_matches_expected,true
per_scenario[3].conditions[23].validation_seconds,0.475239
per_scenario[3].conditions[23].validation_totals.accepted,13
per_scenario[3].conditions[23].validation_totals.received,13
per_scenario[3].conditions[23].validation_totals.rejected,0
per_scenario[3].conditions[23].validation_warning_count,0
per_scenario[3].conditions[24].analysis_seconds,0.9887
per_scenario[3].conditions[24].catalog_family_metrics.f1,0.6667
per_scenario[3].conditions[24].catalog_family_metrics.fn,0
per_scenario[3].conditions[24].catalog_family_metrics.fp,2
per_scenario[3].conditions[24].catalog_family_metrics.precision,0.5
per_scenario[3].conditions[24].catalog_family_metrics.recall,1.0
per_scenario[3].conditions[24].catalog_family_metrics.tp,2
per_scenario[3].conditions[24].finding_count,4
per_scenario[3].conditions[24].paired_delta_vs_control.family_set_changed,false
per_scenario[3].conditions[24].paired_delta_vs_control.finding_count_change,0
per_scenario[3].conditions[24].paired_delta_vs_control.risk_fields_changed.total_score.control,27.21
per_scenario[3].conditions[24].paired_delta_vs_control.risk_fields_changed.total_score.perturbed,26.72
per_scenario[3].conditions[24].parameters.rate,0.25
per_scenario[3].conditions[24].parameters.seed,4
per_scenario[3].conditions[24].perturbation_ground_truth.dangling_references_after_omission.escalations_or_dispositions,0
per_scenario[3].conditions[24].perturbation_ground_truth.dangling_references_after_omission.investigation_steps,0
per_scenario[3].conditions[24].perturbation_ground_truth.eligible_records,13
per_scenario[3].conditions[24].perturbation_ground_truth.removed[0].row_index,0
per_scenario[3].conditions[24].perturbation_ground_truth.removed[1].row_index,1
per_scenario[3].conditions[24].perturbation_ground_truth.removed[2].row_index,1
per_scenario[3].conditions[24].recommendation_count,0
per_scenario[3].conditions[24].risk.total_score,26.72
per_scenario[3].conditions[24].traceability.evidence_reference_coverage,1.0
per_scenario[3].conditions[24].traceability.evidence_references,7
per_scenario[3].conditions[24].traceability.findings,4
per_scenario[3].conditions[24].traceability.findings_with_all_evidence_references_resolved,3
per_scenario[3].conditions[24].traceability.resolved_evidence_references,7
per_scenario[3].conditions[24].validation_matches_expected,true
per_scenario[3].conditions[24].validation_seconds,0.483845
per_scenario[3].conditions[24].validation_totals.accepted,13
per_scenario[3].conditions[24].validation_totals.received,13
per_scenario[3].conditions[24].validation_totals.rejected,0
per_scenario[3].conditions[24].validation_warning_count,0
per_scenario[3].conditions[25].analysis_seconds,0.705253
per_scenario[3].conditions[25].catalog_family_metrics.f1,0.6667
per_scenario[3].conditions[25].catalog_family_metrics.fn,0
per_scenario[3].conditions[25].catalog_family_metrics.fp,2
per_scenario[3].conditions[25].catalog_family_metrics.precision,0.5
per_scenario[3].conditions[25].catalog_family_metrics.recall,1.0
per_scenario[3].conditions[25].catalog_family_metrics.tp,2
per_scenario[3].conditions[25].finding_count,4
per_scenario[3].conditions[25].paired_delta_vs_control.family_set_changed,false
per_scenario[3].conditions[25].paired_delta_vs_control.finding_count_change,0
per_scenario[3].conditions[25].paired_delta_vs_control.risk_fields_changed.total_score.control,27.21
per_scenario[3].conditions[25].paired_delta_vs_control.risk_fields_changed.total_score.perturbed,26.72
per_scenario[3].conditions[25].parameters.rate,0.25
per_scenario[3].conditions[25].parameters.seed,4
per_scenario[3].conditions[25].perturbation_ground_truth.cascaded_investigation_steps_removed,0
per_scenario[3].conditions[25].perturbation_ground_truth.dangling_references_after_omission.escalations_or_dispositions,0
per_scenario[3].conditions[25].perturbation_ground_truth.dangling_references_after_omission.investigation_steps,0
per_scenario[3].conditions[25].perturbation_ground_truth.eligible_records,13
per_scenario[3].conditions[25].perturbation_ground_truth.removed[0].row_index,0
per_scenario[3].conditions[25].perturbation_ground_truth.removed[1].row_index,1
per_scenario[3].conditions[25].perturbation_ground_truth.removed[2].row_index,1
per_scenario[3].conditions[25].recommendation_count,0
per_scenario[3].conditions[25].risk.total_score,26.72
per_scenario[3].conditions[25].traceability.evidence_reference_coverage,1.0
per_scenario[3].conditions[25].traceability.evidence_references,7
per_scenario[3].conditions[25].traceability.findings,4
per_scenario[3].conditions[25].traceability.findings_with_all_evidence_references_resolved,3
per_scenario[3].conditions[25].traceability.resolved_evidence_references,7
per_scenario[3].conditions[25].validation_matches_expected,true
per_scenario[3].conditions[25].validation_seconds,0.479631
per_scenario[3].conditions[25].validation_totals.accepted,13
per_scenario[3].conditions[25].validation_totals.received,13
per_scenario[3].conditions[25].validation_totals.rejected,0
per_scenario[3].conditions[25].validation_warning_count,0
per_scenario[3].conditions[26].analysis_seconds,1.080447
per_scenario[3].conditions[26].catalog_family_metrics.f1,0.5
per_scenario[3].conditions[26].catalog_family_metrics.fn,0
per_scenario[3].conditions[26].catalog_family_metrics.fp,4
per_scenario[3].conditions[26].catalog_family_metrics.precision,0.3333
per_scenario[3].conditions[26].catalog_family_metrics.recall,1.0
per_scenario[3].conditions[26].catalog_family_metrics.tp,2
per_scenario[3].conditions[26].finding_count,7
per_scenario[3].conditions[26].paired_delta_vs_control.family_set_changed,true
per_scenario[3].conditions[26].paired_delta_vs_control.finding_count_change,3
per_scenario[3].conditions[26].paired_delta_vs_control.risk_fields_changed.total_score.control,27.21
per_scenario[3].conditions[26].paired_delta_vs_control.risk_fields_changed.total_score.perturbed,29.18
per_scenario[3].conditions[26].parameters.rate,0.5
per_scenario[3].conditions[26].parameters.seed,0
per_scenario[3].conditions[26].perturbation_ground_truth.dangling_references_after_omission.escalations_or_dispositions,0
per_scenario[3].conditions[26].perturbation_ground_truth.dangling_references_after_omission.investigation_steps,0
per_scenario[3].conditions[26].perturbation_ground_truth.eligible_records,13
per_scenario[3].conditions[26].perturbation_ground_truth.removed[0].row_index,1
per_scenario[3].conditions[26].perturbation_ground_truth.removed[1].row_index,1
per_scenario[3].conditions[26].perturbation_ground_truth.removed[2].row_index,0
per_scenario[3].conditions[26].perturbation_ground_truth.removed[3].row_index,1
per_scenario[3].conditions[26].perturbation_ground_truth.removed[4].row_index,2
per_scenario[3].conditions[26].perturbation_ground_truth.removed[5].row_index,2
per_scenario[3].conditions[26].recommendation_count,0
per_scenario[3].conditions[26].risk.total_score,29.18
per_scenario[3].conditions[26].traceability.evidence_reference_coverage,1.0
per_scenario[3].conditions[26].traceability.evidence_references,13
per_scenario[3].conditions[26].traceability.findings,7
per_scenario[3].conditions[26].traceability.findings_with_all_evidence_references_resolved,5
per_scenario[3].conditions[26].traceability.resolved_evidence_references,13
per_scenario[3].conditions[26].validation_matches_expected,true
per_scenario[3].conditions[26].validation_seconds,0.400999
per_scenario[3].conditions[26].validation_totals.accepted,10
per_scenario[3].conditions[26].validation_totals.received,10
per_scenario[3].conditions[26].validation_totals.rejected,0
per_scenario[3].conditions[26].validation_warning_count,0
per_scenario[3].conditions[27].analysis_seconds,1.41148
per_scenario[3].conditions[27].catalog_family_metrics.f1,0.5
per_scenario[3].conditions[27].catalog_family_metrics.fn,0
per_scenario[3].conditions[27].catalog_family_metrics.fp,4
per_scenario[3].conditions[27].catalog_family_metrics.precision,0.3333
per_scenario[3].conditions[27].catalog_family_metrics.recall,1.0
per_scenario[3].conditions[27].catalog_family_metrics.tp,2
per_scenario[3].conditions[27].finding_count,7
per_scenario[3].conditions[27].paired_delta_vs_control.family_set_changed,true
per_scenario[3].conditions[27].paired_delta_vs_control.finding_count_change,3
per_scenario[3].conditions[27].paired_delta_vs_control.risk_fields_changed.total_score.control,27.21
per_scenario[3].conditions[27].paired_delta_vs_control.risk_fields_changed.total_score.perturbed,29.18
per_scenario[3].conditions[27].parameters.rate,0.5
per_scenario[3].conditions[27].parameters.seed,0
per_scenario[3].conditions[27].perturbation_ground_truth.cascaded_investigation_steps_removed,0
per_scenario[3].conditions[27].perturbation_ground_truth.dangling_references_after_omission.escalations_or_dispositions,0
per_scenario[3].conditions[27].perturbation_ground_truth.dangling_references_after_omission.investigation_steps,0
per_scenario[3].conditions[27].perturbation_ground_truth.eligible_records,13
per_scenario[3].conditions[27].perturbation_ground_truth.removed[0].row_index,1
per_scenario[3].conditions[27].perturbation_ground_truth.removed[1].row_index,1
per_scenario[3].conditions[27].perturbation_ground_truth.removed[2].row_index,0
per_scenario[3].conditions[27].perturbation_ground_truth.removed[3].row_index,1
per_scenario[3].conditions[27].perturbation_ground_truth.removed[4].row_index,2
per_scenario[3].conditions[27].perturbation_ground_truth.removed[5].row_index,2
per_scenario[3].conditions[27].recommendation_count,0
per_scenario[3].conditions[27].risk.total_score,29.18
per_scenario[3].conditions[27].traceability.evidence_reference_coverage,1.0
per_scenario[3].conditions[27].traceability.evidence_references,13
per_scenario[3].conditions[27].traceability.findings,7
per_scenario[3].conditions[27].traceability.findings_with_all_evidence_references_resolved,5
per_scenario[3].conditions[27].traceability.resolved_evidence_references,13
per_scenario[3].conditions[27].validation_matches_expected,true
per_scenario[3].conditions[27].validation_seconds,0.398094
per_scenario[3].conditions[27].validation_totals.accepted,10
per_scenario[3].conditions[27].validation_totals.received,10
per_scenario[3].conditions[27].validation_totals.rejected,0
per_scenario[3].conditions[27].validation_warning_count,0
per_scenario[3].conditions[28].analysis_seconds,1.286925
per_scenario[3].conditions[28].catalog_family_metrics.f1,0.5714
per_scenario[3].conditions[28].catalog_family_metrics.fn,0
per_scenario[3].conditions[28].catalog_family_metrics.fp,3
per_scenario[3].conditions[28].catalog_family_metrics.precision,0.4
per_scenario[3].conditions[28].catalog_family_metrics.recall,1.0
per_scenario[3].conditions[28].catalog_family_metrics.tp,2
per_scenario[3].conditions[28].finding_count,6
per_scenario[3].conditions[28].paired_delta_vs_control.family_set_changed,true
per_scenario[3].conditions[28].paired_delta_vs_control.finding_count_change,2
per_scenario[3].conditions[28].paired_delta_vs_control.risk_fields_changed.total_score.control,27.21
per_scenario[3].conditions[28].paired_delta_vs_control.risk_fields_changed.total_score.perturbed,29.89
per_scenario[3].conditions[28].parameters.rate,0.5
per_scenario[3].conditions[28].parameters.seed,1
per_scenario[3].conditions[28].perturbation_ground_truth.dangling_references_after_omission.escalations_or_dispositions,0
per_scenario[3].conditions[28].perturbation_ground_truth.dangling_references_after_omission.investigation_steps,0
per_scenario[3].conditions[28].perturbation_ground_truth.eligible_records,13
per_scenario[3].conditions[28].perturbation_ground_truth.removed[0].row_index,2
per_scenario[3].conditions[28].perturbation_ground_truth.removed[1].row_index,0
per_scenario[3].conditions[28].perturbation_ground_truth.removed[2].row_index,1
per_scenario[3].conditions[28].perturbation_ground_truth.removed[3].row_index,0
per_scenario[3].conditions[28].perturbation_ground_truth.removed[4].row_index,1
per_scenario[3].conditions[28].perturbation_ground_truth.removed[5].row_index,2
per_scenario[3].conditions[28].recommendation_count,0
per_scenario[3].conditions[28].risk.total_score,29.89
per_scenario[3].conditions[28].traceability.evidence_reference_coverage,1.0
per_scenario[3].conditions[28].traceability.evidence_references,10
per_scenario[3].conditions[28].traceability.findings,6
per_scenario[3].conditions[28].traceability.findings_with_all_evidence_references_resolved,4
per_scenario[3].conditions[28].traceability.resolved_evidence_references,10
per_scenario[3].conditions[28].validation_matches_expected,true
per_scenario[3].conditions[28].validation_seconds,0.410236
per_scenario[3].conditions[28].validation_totals.accepted,10
per_scenario[3].conditions[28].validation_totals.received,10
per_scenario[3].conditions[28].validation_totals.rejected,0
per_scenario[3].conditions[28].validation_warning_count,0
per_scenario[3].conditions[29].analysis_seconds,1.190153
per_scenario[3].conditions[29].catalog_family_metrics.f1,0.5714
per_scenario[3].conditions[29].catalog_family_metrics.fn,0
per_scenario[3].conditions[29].catalog_family_metrics.fp,3
per_scenario[3].conditions[29].catalog_family_metrics.precision,0.4
per_scenario[3].conditions[29].catalog_family_metrics.recall,1.0
per_scenario[3].conditions[29].catalog_family_metrics.tp,2
per_scenario[3].conditions[29].finding_count,6
per_scenario[3].conditions[29].paired_delta_vs_control.family_set_changed,true
per_scenario[3].conditions[29].paired_delta_vs_control.finding_count_change,2
per_scenario[3].conditions[29].paired_delta_vs_control.risk_fields_changed.total_score.control,27.21
per_scenario[3].conditions[29].paired_delta_vs_control.risk_fields_changed.total_score.perturbed,29.89
per_scenario[3].conditions[29].parameters.rate,0.5
per_scenario[3].conditions[29].parameters.seed,1
per_scenario[3].conditions[29].perturbation_ground_truth.cascaded_investigation_steps_removed,0
per_scenario[3].conditions[29].perturbation_ground_truth.dangling_references_after_omission.escalations_or_dispositions,0
per_scenario[3].conditions[29].perturbation_ground_truth.dangling_references_after_omission.investigation_steps,0
per_scenario[3].conditions[29].perturbation_ground_truth.eligible_records,13
per_scenario[3].conditions[29].perturbation_ground_truth.removed[0].row_index,2
per_scenario[3].conditions[29].perturbation_ground_truth.removed[1].row_index,0
per_scenario[3].conditions[29].perturbation_ground_truth.removed[2].row_index,1
per_scenario[3].conditions[29].perturbation_ground_truth.removed[3].row_index,0
per_scenario[3].conditions[29].perturbation_ground_truth.removed[4].row_index,1
per_scenario[3].conditions[29].perturbation_ground_truth.removed[5].row_index,2
per_scenario[3].conditions[29].recommendation_count,0
per_scenario[3].conditions[29].risk.total_score,29.89
per_scenario[3].conditions[29].traceability.evidence_reference_coverage,1.0
per_scenario[3].conditions[29].traceability.evidence_references,10
per_scenario[3].conditions[29].traceability.findings,6
per_scenario[3].conditions[29].traceability.findings_with_all_evidence_references_resolved,4
per_scenario[3].conditions[29].traceability.resolved_evidence_references,10
per_scenario[3].conditions[29].validation_matches_expected,true
per_scenario[3].conditions[29].validation_seconds,0.40293
per_scenario[3].conditions[29].validation_totals.accepted,10
per_scenario[3].conditions[29].validation_totals.received,10
per_scenario[3].conditions[29].validation_totals.rejected,0
per_scenario[3].conditions[29].validation_warning_count,0
per_scenario[3].conditions[30].analysis_seconds,0.754701
per_scenario[3].conditions[30].catalog_family_metrics.f1,0.6667
per_scenario[3].conditions[30].catalog_family_metrics.fn,0
per_scenario[3].conditions[30].catalog_family_metrics.fp,2
per_scenario[3].conditions[30].catalog_family_metrics.precision,0.5
per_scenario[3].conditions[30].catalog_family_metrics.recall,1.0
per_scenario[3].conditions[30].catalog_family_metrics.tp,2
per_scenario[3].conditions[30].finding_count,5
per_scenario[3].conditions[30].paired_delta_vs_control.family_set_changed,false
per_scenario[3].conditions[30].paired_delta_vs_control.finding_count_change,1
per_scenario[3].conditions[30].parameters.rate,0.5
per_scenario[3].conditions[30].parameters.seed,2
per_scenario[3].conditions[30].perturbation_ground_truth.dangling_references_after_omission.escalations_or_dispositions,0
per_scenario[3].conditions[30].perturbation_ground_truth.dangling_references_after_omission.investigation_steps,0
per_scenario[3].conditions[30].perturbation_ground_truth.eligible_records,13
per_scenario[3].conditions[30].perturbation_ground_truth.removed[0].row_index,0
per_scenario[3].conditions[30].perturbation_ground_truth.removed[1].row_index,1
per_scenario[3].conditions[30].perturbation_ground_truth.removed[2].row_index,2
per_scenario[3].conditions[30].perturbation_ground_truth.removed[3].row_index,0
per_scenario[3].conditions[30].perturbation_ground_truth.removed[4].row_index,1
per_scenario[3].conditions[30].perturbation_ground_truth.removed[5].row_index,1
per_scenario[3].conditions[30].recommendation_count,0
per_scenario[3].conditions[30].risk.total_score,27.21
per_scenario[3].conditions[30].traceability.evidence_reference_coverage,1.0
per_scenario[3].conditions[30].traceability.evidence_references,7
per_scenario[3].conditions[30].traceability.findings,5
per_scenario[3].conditions[30].traceability.findings_with_all_evidence_references_resolved,3
per_scenario[3].conditions[30].traceability.resolved_evidence_references,7
per_scenario[3].conditions[30].validation_matches_expected,true
per_scenario[3].conditions[30].validation_seconds,0.399381
per_scenario[3].conditions[30].validation_totals.accepted,10
per_scenario[3].conditions[30].validation_totals.received,10
per_scenario[3].conditions[30].validation_totals.rejected,0
per_scenario[3].conditions[30].validation_warning_count,0
per_scenario[3].conditions[31].analysis_seconds,1.653317
per_scenario[3].conditions[31].catalog_family_metrics.f1,0.6667
per_scenario[3].conditions[31].catalog_family_metrics.fn,0
per_scenario[3].conditions[31].catalog_family_metrics.fp,2
per_scenario[3].conditions[31].catalog_family_metrics.precision,0.5
per_scenario[3].conditions[31].catalog_family_metrics.recall,1.0
per_scenario[3].conditions[31].catalog_family_metrics.tp,2
per_scenario[3].conditions[31].finding_count,5
per_scenario[3].conditions[31].paired_delta_vs_control.family_set_changed,false
per_scenario[3].conditions[31].paired_delta_vs_control.finding_count_change,1
per_scenario[3].conditions[31].parameters.rate,0.5
per_scenario[3].conditions[31].parameters.seed,2
per_scenario[3].conditions[31].perturbation_ground_truth.cascaded_investigation_steps_removed,0
per_scenario[3].conditions[31].perturbation_ground_truth.dangling_references_after_omission.escalations_or_dispositions,0
per_scenario[3].conditions[31].perturbation_ground_truth.dangling_references_after_omission.investigation_steps,0
per_scenario[3].conditions[31].perturbation_ground_truth.eligible_records,13
per_scenario[3].conditions[31].perturbation_ground_truth.removed[0].row_index,0
per_scenario[3].conditions[31].perturbation_ground_truth.removed[1].row_index,1
per_scenario[3].conditions[31].perturbation_ground_truth.removed[2].row_index,2
per_scenario[3].conditions[31].perturbation_ground_truth.removed[3].row_index,0
per_scenario[3].conditions[31].perturbation_ground_truth.removed[4].row_index,1
per_scenario[3].conditions[31].perturbation_ground_truth.removed[5].row_index,1
per_scenario[3].conditions[31].recommendation_count,0
per_scenario[3].conditions[31].risk.total_score,27.21
per_scenario[3].conditions[31].traceability.evidence_reference_coverage,1.0
per_scenario[3].conditions[31].traceability.evidence_references,7
per_scenario[3].conditions[31].traceability.findings,5
per_scenario[3].conditions[31].traceability.findings_with_all_evidence_references_resolved,3
per_scenario[3].conditions[31].traceability.resolved_evidence_references,7
per_scenario[3].conditions[31].validation_matches_expected,true
per_scenario[3].conditions[31].validation_seconds,0.416867
per_scenario[3].conditions[31].validation_totals.accepted,10
per_scenario[3].conditions[31].validation_totals.received,10
per_scenario[3].conditions[31].validation_totals.rejected,0
per_scenario[3].conditions[31].validation_warning_count,0
per_scenario[3].conditions[32].paired_delta_vs_control,null
per_scenario[3].conditions[32].parameters.rate,0.5
per_scenario[3].conditions[32].parameters.seed,3
per_scenario[3].conditions[32].perturbation_ground_truth.dangling_references_after_omission.escalations_or_dispositions,0
per_scenario[3].conditions[32].perturbation_ground_truth.dangling_references_after_omission.investigation_steps,1
per_scenario[3].conditions[32].perturbation_ground_truth.eligible_records,13
per_scenario[3].conditions[32].perturbation_ground_truth.removed[0].row_index,0
per_scenario[3].conditions[32].perturbation_ground_truth.removed[1].row_index,1
per_scenario[3].conditions[32].perturbation_ground_truth.removed[2].row_index,0
per_scenario[3].conditions[32].perturbation_ground_truth.removed[3].row_index,2
per_scenario[3].conditions[32].perturbation_ground_truth.removed[4].row_index,0
per_scenario[3].conditions[32].perturbation_ground_truth.removed[5].row_index,2
per_scenario[3].conditions[32].validation_matches_expected,true
per_scenario[3].conditions[32].validation_seconds,0.401961
per_scenario[3].conditions[32].validation_totals.accepted,9
per_scenario[3].conditions[32].validation_totals.received,10
per_scenario[3].conditions[32].validation_totals.rejected,1
per_scenario[3].conditions[32].validation_warning_count,6
per_scenario[3].conditions[33].analysis_seconds,1.651937
per_scenario[3].conditions[33].catalog_family_metrics.f1,0.4
per_scenario[3].conditions[33].catalog_family_metrics.fn,0
per_scenario[3].conditions[33].catalog_family_metrics.fp,6
per_scenario[3].conditions[33].catalog_family_metrics.precision,0.25
per_scenario[3].conditions[33].catalog_family_metrics.recall,1.0
per_scenario[3].conditions[33].catalog_family_metrics.tp,2
per_scenario[3].conditions[33].finding_count,10
per_scenario[3].conditions[33].paired_delta_vs_control.family_set_changed,true
per_scenario[3].conditions[33].paired_delta_vs_control.finding_count_change,6
per_scenario[3].conditions[33].paired_delta_vs_control.risk_fields_changed.total_score.control,27.21
per_scenario[3].conditions[33].paired_delta_vs_control.risk_fields_changed.total_score.perturbed,39.26
per_scenario[3].conditions[33].parameters.rate,0.5
per_scenario[3].conditions[33].parameters.seed,3
per_scenario[3].conditions[33].perturbation_ground_truth.cascaded_investigation_steps_removed,1
per_scenario[3].conditions[33].perturbation_ground_truth.dangling_references_after_omission.escalations_or_dispositions,0
per_scenario[3].conditions[33].perturbation_ground_truth.dangling_references_after_omission.investigation_steps,0
per_scenario[3].conditions[33].perturbation_ground_truth.eligible_records,13
per_scenario[3].conditions[33].perturbation_ground_truth.removed[0].row_index,0
per_scenario[3].conditions[33].perturbation_ground_truth.removed[1].row_index,1
per_scenario[3].conditions[33].perturbation_ground_truth.removed[2].row_index,0
per_scenario[3].conditions[33].perturbation_ground_truth.removed[3].row_index,2
per_scenario[3].conditions[33].perturbation_ground_truth.removed[4].row_index,0
per_scenario[3].conditions[33].perturbation_ground_truth.removed[5].row_index,2
per_scenario[3].conditions[33].recommendation_count,0
per_scenario[3].conditions[33].risk.total_score,39.26
per_scenario[3].conditions[33].traceability.evidence_reference_coverage,1.0
per_scenario[3].conditions[33].traceability.evidence_references,17
per_scenario[3].conditions[33].traceability.findings,10
per_scenario[3].conditions[33].traceability.findings_with_all_evidence_references_resolved,7
per_scenario[3].conditions[33].traceability.resolved_evidence_references,17
per_scenario[3].conditions[33].validation_matches_expected,true
per_scenario[3].conditions[33].validation_seconds,0.349244
per_scenario[3].conditions[33].validation_totals.accepted,9
per_scenario[3].conditions[33].validation_totals.received,9
per_scenario[3].conditions[33].validation_totals.rejected,0
per_scenario[3].conditions[33].validation_warning_count,6
per_scenario[3].conditions[34].paired_delta_vs_control,null
per_scenario[3].conditions[34].parameters.rate,0.5
per_scenario[3].conditions[34].parameters.seed,4
per_scenario[3].conditions[34].perturbation_ground_truth.dangling_references_after_omission.escalations_or_dispositions,0
per_scenario[3].conditions[34].perturbation_ground_truth.dangling_references_after_omission.investigation_steps,1
per_scenario[3].conditions[34].perturbation_ground_truth.eligible_records,13
per_scenario[3].conditions[34].perturbation_ground_truth.removed[0].row_index,2
per_scenario[3].conditions[34].perturbation_ground_truth.removed[1].row_index,0
per_scenario[3].conditions[34].perturbation_ground_truth.removed[2].row_index,0
per_scenario[3].conditions[34].perturbation_ground_truth.removed[3].row_index,0
per_scenario[3].conditions[34].perturbation_ground_truth.removed[4].row_index,1
per_scenario[3].conditions[34].perturbation_ground_truth.removed[5].row_index,2
per_scenario[3].conditions[34].validation_matches_expected,true
per_scenario[3].conditions[34].validation_seconds,0.419245
per_scenario[3].conditions[34].validation_totals.accepted,9
per_scenario[3].conditions[34].validation_totals.received,10
per_scenario[3].conditions[34].validation_totals.rejected,1
per_scenario[3].conditions[34].validation_warning_count,10
per_scenario[3].conditions[35].analysis_seconds,2.595811
per_scenario[3].conditions[35].catalog_family_metrics.f1,0.4
per_scenario[3].conditions[35].catalog_family_metrics.fn,0
per_scenario[3].conditions[35].catalog_family_metrics.fp,6
per_scenario[3].conditions[35].catalog_family_metrics.precision,0.25
per_scenario[3].conditions[35].catalog_family_metrics.recall,1.0
per_scenario[3].conditions[35].catalog_family_metrics.tp,2
per_scenario[3].conditions[35].finding_count,10
per_scenario[3].conditions[35].paired_delta_vs_control.family_set_changed,true
per_scenario[3].conditions[35].paired_delta_vs_control.finding_count_change,6
per_scenario[3].conditions[35].paired_delta_vs_control.risk_fields_changed.total_score.control,27.21
per_scenario[3].conditions[35].paired_delta_vs_control.risk_fields_changed.total_score.perturbed,36.05
per_scenario[3].conditions[35].parameters.rate,0.5
per_scenario[3].conditions[35].parameters.seed,4
per_scenario[3].conditions[35].perturbation_ground_truth.cascaded_investigation_steps_removed,1
per_scenario[3].conditions[35].perturbation_ground_truth.dangling_references_after_omission.escalations_or_dispositions,0
per_scenario[3].conditions[35].perturbation_ground_truth.dangling_references_after_omission.investigation_steps,0
per_scenario[3].conditions[35].perturbation_ground_truth.eligible_records,13
per_scenario[3].conditions[35].perturbation_ground_truth.removed[0].row_index,2
per_scenario[3].conditions[35].perturbation_ground_truth.removed[1].row_index,0
per_scenario[3].conditions[35].perturbation_ground_truth.removed[2].row_index,0
per_scenario[3].conditions[35].perturbation_ground_truth.removed[3].row_index,0
per_scenario[3].conditions[35].perturbation_ground_truth.removed[4].row_index,1
per_scenario[3].conditions[35].perturbation_ground_truth.removed[5].row_index,2
per_scenario[3].conditions[35].recommendation_count,0
per_scenario[3].conditions[35].risk.total_score,36.05
per_scenario[3].conditions[35].traceability.evidence_reference_coverage,1.0
per_scenario[3].conditions[35].traceability.evidence_references,15
per_scenario[3].conditions[35].traceability.findings,10
per_scenario[3].conditions[35].traceability.findings_with_all_evidence_references_resolved,7
per_scenario[3].conditions[35].traceability.resolved_evidence_references,15
per_scenario[3].conditions[35].validation_matches_expected,true
per_scenario[3].conditions[35].validation_seconds,0.347522
per_scenario[3].conditions[35].validation_totals.accepted,9
per_scenario[3].conditions[35].validation_totals.received,9
per_scenario[3].conditions[35].validation_totals.rejected,0
per_scenario[3].conditions[35].validation_warning_count,10
per_scenario[3].conditions[36].paired_delta_vs_control,null
per_scenario[3].conditions[36].perturbation_ground_truth.byte_identical,true
per_scenario[3].conditions[36].validation_matches_expected,true
per_scenario[3].conditions[36].validation_seconds,0.462364
per_scenario[3].conditions[36].validation_totals.accepted,0
per_scenario[3].conditions[36].validation_totals.received,17
per_scenario[3].conditions[36].validation_totals.rejected,1
per_scenario[3].conditions[36].validation_warning_count,0
per_scenario[3].conditions[37].paired_delta_vs_control,null
per_scenario[3].conditions[37].validation_matches_expected,true
per_scenario[3].conditions[37].validation_seconds,0.486383
per_scenario[3].conditions[37].validation_totals.accepted,16
per_scenario[3].conditions[37].validation_totals.received,17
per_scenario[3].conditions[37].validation_totals.rejected,1
per_scenario[3].conditions[37].validation_warning_count,0
per_scenario[3].conditions[38].paired_delta_vs_control,null
per_scenario[3].conditions[38].perturbation_ground_truth.byte_identical,true
per_scenario[3].conditions[38].validation_matches_expected,true
per_scenario[3].conditions[38].validation_seconds,0.472928
per_scenario[3].conditions[38].validation_totals.accepted,0
per_scenario[3].conditions[38].validation_totals.received,17
per_scenario[3].conditions[38].validation_totals.rejected,1
per_scenario[3].conditions[38].validation_warning_count,0
per_scenario[3].conditions[39].paired_delta_vs_control,null
per_scenario[3].conditions[39].validation_matches_expected,true
per_scenario[3].conditions[39].validation_seconds,0.463353
per_scenario[3].conditions[39].validation_totals.accepted,16
per_scenario[3].conditions[39].validation_totals.received,17
per_scenario[3].conditions[39].validation_totals.rejected,1
per_scenario[3].conditions[39].validation_warning_count,0
per_scenario[3].conditions[40].paired_delta_vs_control,null
per_scenario[3].conditions[40].perturbation_ground_truth.byte_identical,true
per_scenario[3].conditions[40].validation_matches_expected,true
per_scenario[3].conditions[40].validation_seconds,0.461733
per_scenario[3].conditions[40].validation_totals.accepted,0
per_scenario[3].conditions[40].validation_totals.received,17
per_scenario[3].conditions[40].validation_totals.rejected,1
per_scenario[3].conditions[40].validation_warning_count,0
per_scenario[3].conditions[41].analysis_seconds,0.919828
per_scenario[3].conditions[41].catalog_family_metrics.f1,0.5714
per_scenario[3].conditions[41].catalog_family_metrics.fn,0
per_scenario[3].conditions[41].catalog_family_metrics.fp,3
per_scenario[3].conditions[41].catalog_family_metrics.precision,0.4
per_scenario[3].conditions[41].catalog_family_metrics.recall,1.0
per_scenario[3].conditions[41].catalog_family_metrics.tp,2
per_scenario[3].conditions[41].finding_count,5
per_scenario[3].conditions[41].paired_delta_vs_control.family_set_changed,true
per_scenario[3].conditions[41].paired_delta_vs_control.finding_count_change,1
per_scenario[3].conditions[41].paired_delta_vs_control.risk_fields_changed.total_score.control,27.21
per_scenario[3].conditions[41].paired_delta_vs_control.risk_fields_changed.total_score.perturbed,32.83
per_scenario[3].conditions[41].perturbation_ground_truth.sequence_offset,100
per_scenario[3].conditions[41].recommendation_count,0
per_scenario[3].conditions[41].risk.total_score,32.83
per_scenario[3].conditions[41].traceability.evidence_reference_coverage,1.0
per_scenario[3].conditions[41].traceability.evidence_references,8
per_scenario[3].conditions[41].traceability.findings,5
per_scenario[3].conditions[41].traceability.findings_with_all_evidence_references_resolved,4
per_scenario[3].conditions[41].traceability.resolved_evidence_references,8
per_scenario[3].conditions[41].validation_matches_expected,true
per_scenario[3].conditions[41].validation_seconds,0.444957
per_scenario[3].conditions[41].validation_totals.accepted,17
per_scenario[3].conditions[41].validation_totals.received,17
per_scenario[3].conditions[41].validation_totals.rejected,0
per_scenario[3].conditions[41].validation_warning_count,0
per_scenario[3].conditions[42].analysis_seconds,0.753807
per_scenario[3].conditions[42].catalog_family_metrics.f1,0.6667
per_scenario[3].conditions[42].catalog_family_metrics.fn,0
per_scenario[3].conditions[42].catalog_family_metrics.fp,2
per_scenario[3].conditions[42].catalog_family_metrics.precision,0.5
per_scenario[3].conditions[42].catalog_family_metrics.recall,1.0
per_scenario[3].conditions[42].catalog_family_metrics.tp,2
per_scenario[3].conditions[42].finding_count,4
per_scenario[3].conditions[42].paired_delta_vs_control.family_set_changed,false
per_scenario[3].conditions[42].paired_delta_vs_control.finding_count_change,0
per_scenario[3].conditions[42].recommendation_count,0
per_scenario[3].conditions[42].risk.total_score,27.21
per_scenario[3].conditions[42].traceability.evidence_reference_coverage,1.0
per_scenario[3].conditions[42].traceability.evidence_references,7
per_scenario[3].conditions[42].traceability.findings,4
per_scenario[3].conditions[42].traceability.findings_with_all_evidence_references_resolved,3
per_scenario[3].conditions[42].traceability.resolved_evidence_references,7
per_scenario[3].conditions[42].validation_matches_expected,true
per_scenario[3].conditions[42].validation_seconds,0.479818
per_scenario[3].conditions[42].validation_totals.accepted,17
per_scenario[3].conditions[42].validation_totals.received,17
per_scenario[3].conditions[42].validation_totals.rejected,0
per_scenario[3].conditions[42].validation_warning_count,0
per_scenario[3].conditions[43].paired_delta_vs_control,null
per_scenario[3].conditions[43].validation_matches_expected,true
per_scenario[3].conditions[43].validation_seconds,0.488949
per_scenario[3].conditions[43].validation_totals.accepted,15
per_scenario[3].conditions[43].validation_totals.received,16
per_scenario[3].conditions[43].validation_totals.rejected,1
per_scenario[3].conditions[43].validation_warning_count,3
per_scenario[3].conditions[44].paired_delta_vs_control,null
per_scenario[3].conditions[44].validation_matches_expected,true
per_scenario[3].conditions[44].validation_seconds,0.477111
per_scenario[3].conditions[44].validation_totals.accepted,15
per_scenario[3].conditions[44].validation_totals.received,16
per_scenario[3].conditions[44].validation_totals.rejected,1
per_scenario[3].conditions[44].validation_warning_count,3
per_scenario[3].conditions[45].paired_delta_vs_control,null
per_scenario[3].conditions[45].validation_matches_expected,true
per_scenario[3].conditions[45].validation_seconds,0.482067
per_scenario[3].conditions[45].validation_totals.accepted,0
per_scenario[3].conditions[45].validation_totals.received,13
per_scenario[3].conditions[45].validation_totals.rejected,0
per_scenario[3].conditions[45].validation_warning_count,0
per_scenario[3].conditions[46].analysis_seconds,0.850365
per_scenario[3].conditions[46].catalog_family_metrics.f1,0.6667
per_scenario[3].conditions[46].catalog_family_metrics.fn,0
per_scenario[3].conditions[46].catalog_family_metrics.fp,2
per_scenario[3].conditions[46].catalog_family_metrics.precision,0.5
per_scenario[3].conditions[46].catalog_family_metrics.recall,1.0
per_scenario[3].conditions[46].catalog_family_metrics.tp,2
per_scenario[3].conditions[46].expected_validation,null
per_scenario[3].conditions[46].finding_count,4
per_scenario[3].conditions[46].paired_delta_vs_control.family_set_changed,false
per_scenario[3].conditions[46].paired_delta_vs_control.finding_count_change,0
per_scenario[3].conditions[46].parameters.shift_seconds,-87400.0
per_scenario[3].conditions[46].perturbation_ground_truth.shift_seconds,-87400.0
per_scenario[3].conditions[46].recommendation_count,0
per_scenario[3].conditions[46].risk.total_score,27.21
per_scenario[3].conditions[46].traceability.evidence_reference_coverage,1.0
per_scenario[3].conditions[46].traceability.evidence_references,7
per_scenario[3].conditions[46].traceability.findings,4
per_scenario[3].conditions[46].traceability.findings_with_all_evidence_references_resolved,3
per_scenario[3].conditions[46].traceability.resolved_evidence_references,7
per_scenario[3].conditions[46].validation_matches_expected,null
per_scenario[3].conditions[46].validation_seconds,0.485757
per_scenario[3].conditions[46].validation_totals.accepted,16
per_scenario[3].conditions[46].validation_totals.received,16
per_scenario[3].conditions[46].validation_totals.rejected,0
per_scenario[3].conditions[46].validation_warning_count,0
per_scenario[3].conditions[47].analysis_seconds,0.829498
per_scenario[3].conditions[47].catalog_family_metrics.f1,0.6667
per_scenario[3].conditions[47].catalog_family_metrics.fn,0
per_scenario[3].conditions[47].catalog_family_metrics.fp,2
per_scenario[3].conditions[47].catalog_family_metrics.precision,0.5
per_scenario[3].conditions[47].catalog_family_metrics.recall,1.0
per_scenario[3].conditions[47].catalog_family_metrics.tp,2
per_scenario[3].conditions[47].expected_validation,null
per_scenario[3].conditions[47].finding_count,4
per_scenario[3].conditions[47].paired_delta_vs_control.family_set_changed,false
per_scenario[3].conditions[47].paired_delta_vs_control.finding_count_change,0
per_scenario[3].conditions[47].parameters.shift_seconds,-3456000.0
per_scenario[3].conditions[47].perturbation_ground_truth.shift_seconds,-3456000.0
per_scenario[3].conditions[47].recommendation_count,0
per_scenario[3].conditions[47].risk.total_score,27.21
per_scenario[3].conditions[47].traceability.evidence_reference_coverage,1.0
per_scenario[3].conditions[47].traceability.evidence_references,7
per_scenario[3].conditions[47].traceability.findings,4
per_scenario[3].conditions[47].traceability.findings_with_all_evidence_references_resolved,3
per_scenario[3].conditions[47].traceability.resolved_evidence_references,7
per_scenario[3].conditions[47].validation_matches_expected,null
per_scenario[3].conditions[47].validation_seconds,0.477416
per_scenario[3].conditions[47].validation_totals.accepted,16
per_scenario[3].conditions[47].validation_totals.received,16
per_scenario[3].conditions[47].validation_totals.rejected,0
per_scenario[3].conditions[47].validation_warning_count,0
per_scenario[3].conditions[48].analysis_seconds,0.773335
per_scenario[3].conditions[48].catalog_family_metrics.f1,0.6667
per_scenario[3].conditions[48].catalog_family_metrics.fn,0
per_scenario[3].conditions[48].catalog_family_metrics.fp,2
per_scenario[3].conditions[48].catalog_family_metrics.precision,0.5
per_scenario[3].conditions[48].catalog_family_metrics.recall,1.0
per_scenario[3].conditions[48].catalog_family_metrics.tp,2
per_scenario[3].conditions[48].expected_validation,null
per_scenario[3].conditions[48].finding_count,4
per_scenario[3].conditions[48].paired_delta_vs_control.family_set_changed,false
per_scenario[3].conditions[48].paired_delta_vs_control.finding_count_change,0
per_scenario[3].conditions[48].parameters.shift_seconds,2677400.0
per_scenario[3].conditions[48].perturbation_ground_truth.shift_seconds,2677400.0
per_scenario[3].conditions[48].recommendation_count,0
per_scenario[3].conditions[48].risk.total_score,27.21
per_scenario[3].conditions[48].traceability.evidence_reference_coverage,1.0
per_scenario[3].conditions[48].traceability.evidence_references,7
per_scenario[3].conditions[48].traceability.findings,4
per_scenario[3].conditions[48].traceability.findings_with_all_evidence_references_resolved,3
per_scenario[3].conditions[48].traceability.resolved_evidence_references,7
per_scenario[3].conditions[48].validation_matches_expected,null
per_scenario[3].conditions[48].validation_seconds,0.494375
per_scenario[3].conditions[48].validation_totals.accepted,16
per_scenario[3].conditions[48].validation_totals.received,16
per_scenario[3].conditions[48].validation_totals.rejected,0
per_scenario[3].conditions[48].validation_warning_count,0
per_scenario[3].conditions[49].analysis_seconds,0.805697
per_scenario[3].conditions[49].catalog_family_metrics.f1,0.6667
per_scenario[3].conditions[49].catalog_family_metrics.fn,0
per_scenario[3].conditions[49].catalog_family_metrics.fp,2
per_scenario[3].conditions[49].catalog_family_metrics.precision,0.5
per_scenario[3].conditions[49].catalog_family_metrics.recall,1.0
per_scenario[3].conditions[49].catalog_family_metrics.tp,2
per_scenario[3].conditions[49].finding_count,4
per_scenario[3].conditions[49].paired_delta_vs_control.family_set_changed,false
per_scenario[3].conditions[49].paired_delta_vs_control.finding_count_change,0
per_scenario[3].conditions[49].recommendation_count,0
per_scenario[3].conditions[49].risk.total_score,27.21
per_scenario[3].conditions[49].traceability.evidence_reference_coverage,1.0
per_scenario[3].conditions[49].traceability.evidence_references,7
per_scenario[3].conditions[49].traceability.findings,4
per_scenario[3].conditions[49].traceability.findings_with_all_evidence_references_resolved,3
per_scenario[3].conditions[49].traceability.resolved_evidence_references,7
per_scenario[3].conditions[49].validation_matches_expected,true
per_scenario[3].conditions[49].validation_seconds,0.491585
per_scenario[3].conditions[49].validation_totals.accepted,17
per_scenario[3].conditions[49].validation_totals.received,17
per_scenario[3].conditions[49].validation_totals.rejected,0
per_scenario[3].conditions[49].validation_warning_count,0
per_scenario[3].conditions[50].analysis_seconds,0.973439
per_scenario[3].conditions[50].catalog_family_metrics.f1,0.6667
per_scenario[3].conditions[50].catalog_family_metrics.fn,0
per_scenario[3].conditions[50].catalog_family_metrics.fp,2
per_scenario[3].conditions[50].catalog_family_metrics.precision,0.5
per_scenario[3].conditions[50].catalog_family_metrics.recall,1.0
per_scenario[3].conditions[50].catalog_family_metrics.tp,2
per_scenario[3].conditions[50].finding_count,4
per_scenario[3].conditions[50].paired_delta_vs_control.family_set_changed,false
per_scenario[3].conditions[50].paired_delta_vs_control.finding_count_change,0
per_scenario[3].conditions[50].recommendation_count,0
per_scenario[3].conditions[50].risk.total_score,27.21
per_scenario[3].conditions[50].traceability.evidence_reference_coverage,1.0
per_scenario[3].conditions[50].traceability.evidence_references,6
per_scenario[3].conditions[50].traceability.findings,4
per_scenario[3].conditions[50].traceability.findings_with_all_evidence_references_resolved,3
per_scenario[3].conditions[50].traceability.resolved_evidence_references,6
per_scenario[3].conditions[50].validation_matches_expected,true
per_scenario[3].conditions[50].validation_seconds,0.493054
per_scenario[3].conditions[50].validation_totals.accepted,16
per_scenario[3].conditions[50].validation_totals.received,16
per_scenario[3].conditions[50].validation_totals.rejected,0
per_scenario[3].conditions[50].validation_warning_count,0
per_scenario[3].conditions[51].analysis_seconds,1.435593
per_scenario[3].conditions[51].catalog_family_metrics.f1,0.5714
per_scenario[3].conditions[51].catalog_family_metrics.fn,0
per_scenario[3].conditions[51].catalog_family_metrics.fp,3
per_scenario[3].conditions[51].catalog_family_metrics.precision,0.4
per_scenario[3].conditions[51].catalog_family_metrics.recall,1.0
per_scenario[3].conditions[51].catalog_family_metrics.tp,2
per_scenario[3].conditions[51].finding_count,6
per_scenario[3].conditions[51].paired_delta_vs_control.family_set_changed,true
per_scenario[3].conditions[51].paired_delta_vs_control.finding_count_change,2
per_scenario[3].conditions[51].paired_delta_vs_control.risk_fields_changed.total_score.control,27.21
per_scenario[3].conditions[51].paired_delta_vs_control.risk_fields_changed.total_score.perturbed,29.89
per_scenario[3].conditions[51].perturbation_ground_truth.removed_steps,3
per_scenario[3].conditions[51].recommendation_count,0
per_scenario[3].conditions[51].risk.total_score,29.89
per_scenario[3].conditions[51].traceability.evidence_reference_coverage,1.0
per_scenario[3].conditions[51].traceability.evidence_references,10
per_scenario[3].conditions[51].traceability.findings,6
per_scenario[3].conditions[51].traceability.findings_with_all_evidence_references_resolved,4
per_scenario[3].conditions[51].traceability.resolved_evidence_references,10
per_scenario[3].conditions[51].validation_matches_expected,true
per_scenario[3].conditions[51].validation_seconds,0.434125
per_scenario[3].conditions[51].validation_totals.accepted,13
per_scenario[3].conditions[51].validation_totals.received,13
per_scenario[3].conditions[51].validation_totals.rejected,0
per_scenario[3].conditions[51].validation_warning_count,0
per_scenario[3].conditions[52].paired_delta_vs_control,null
per_scenario[3].conditions[52].perturbation_ground_truth.closed_at,1735693300.0
per_scenario[3].conditions[52].validation_matches_expected,true
per_scenario[3].conditions[52].validation_seconds,0.482219
per_scenario[3].conditions[52].validation_totals.accepted,12
per_scenario[3].conditions[52].validation_totals.received,16
per_scenario[3].conditions[52].validation_totals.rejected,4
per_scenario[3].conditions[52].validation_warning_count,6
per_scenario[3].control_vs_catalog.f1,0.6667
per_scenario[3].control_vs_catalog.fn,0
per_scenario[3].control_vs_catalog.fp,2
per_scenario[3].control_vs_catalog.precision,0.5
per_scenario[3].control_vs_catalog.recall,1.0
per_scenario[3].control_vs_catalog.tp,2
per_scenario[4].conditions[0].analysis_seconds,1.151635
per_scenario[4].conditions[0].catalog_family_metrics.f1,1.0
per_scenario[4].conditions[0].catalog_family_metrics.fn,0
per_scenario[4].conditions[0].catalog_family_metrics.fp,0
per_scenario[4].conditions[0].catalog_family_metrics.precision,1.0
per_scenario[4].conditions[0].catalog_family_metrics.recall,1.0
per_scenario[4].conditions[0].catalog_family_metrics.tp,1
per_scenario[4].conditions[0].finding_count,3
per_scenario[4].conditions[0].recommendation_count,0
per_scenario[4].conditions[0].risk.total_score,5.62
per_scenario[4].conditions[0].traceability.evidence_reference_coverage,1.0
per_scenario[4].conditions[0].traceability.evidence_references,6
per_scenario[4].conditions[0].traceability.findings,3
per_scenario[4].conditions[0].traceability.findings_with_all_evidence_references_resolved,1
per_scenario[4].conditions[0].traceability.resolved_evidence_references,6
per_scenario[4].conditions[0].validation_matches_expected,true
per_scenario[4].conditions[0].validation_seconds,0.359789
per_scenario[4].conditions[0].validation_totals.accepted,15
per_scenario[4].conditions[0].validation_totals.received,15
per_scenario[4].conditions[0].validation_totals.rejected,0
per_scenario[4].conditions[0].validation_warning_count,0
per_scenario[4].conditions[1].paired_delta_vs_control,null
per_scenario[4].conditions[1].perturbation_ground_truth.dangling_references_after_omission.escalations_or_dispositions,0
per_scenario[4].conditions[1].perturbation_ground_truth.dangling_references_after_omission.investigation_steps,6
per_scenario[4].conditions[1].perturbation_ground_truth.omitted_records,2
per_scenario[4].conditions[1].validation_matches_expected,true
per_scenario[4].conditions[1].validation_seconds,0.275827
per_scenario[4].conditions[1].validation_totals.accepted,7
per_scenario[4].conditions[1].validation_totals.received,13
per_scenario[4].conditions[1].validation_totals.rejected,6
per_scenario[4].conditions[1].validation_warning_count,4
per_scenario[4].conditions[2].analysis_seconds,1.346657
per_scenario[4].conditions[2].catalog_family_metrics.f1,0.6667
per_scenario[4].conditions[2].catalog_family_metrics.fn,0
per_scenario[4].conditions[2].catalog_family_metrics.fp,1
per_scenario[4].conditions[2].catalog_family_metrics.precision,0.5
per_scenario[4].conditions[2].catalog_family_metrics.recall,1.0
per_scenario[4].conditions[2].catalog_family_metrics.tp,1
per_scenario[4].conditions[2].finding_count,5
per_scenario[4].conditions[2].paired_delta_vs_control.family_set_changed,true
per_scenario[4].conditions[2].paired_delta_vs_control.finding_count_change,2
per_scenario[4].conditions[2].paired_delta_vs_control.risk_fields_changed.total_score.control,5.62
per_scenario[4].conditions[2].paired_delta_vs_control.risk_fields_changed.total_score.perturbed,8.18
per_scenario[4].conditions[2].perturbation_ground_truth.dangling_references_after_omission.escalations_or_dispositions,0
per_scenario[4].conditions[2].perturbation_ground_truth.dangling_references_after_omission.investigation_steps,0
per_scenario[4].conditions[2].perturbation_ground_truth.omitted_records,6
per_scenario[4].conditions[2].recommendation_count,0
per_scenario[4].conditions[2].risk.total_score,8.18
per_scenario[4].conditions[2].traceability.evidence_reference_coverage,1.0
per_scenario[4].conditions[2].traceability.evidence_references,8
per_scenario[4].conditions[2].traceability.findings,5
per_scenario[4].conditions[2].traceability.findings_with_all_evidence_references_resolved,2
per_scenario[4].conditions[2].traceability.resolved_evidence_references,8
per_scenario[4].conditions[2].validation_matches_expected,true
per_scenario[4].conditions[2].validation_seconds,0.28117
per_scenario[4].conditions[2].validation_totals.accepted,9
per_scenario[4].conditions[2].validation_totals.received,9
per_scenario[4].conditions[2].validation_totals.rejected,0
per_scenario[4].conditions[2].validation_warning_count,0
per_scenario[4].conditions[3].analysis_seconds,0.857783
per_scenario[4].conditions[3].catalog_family_metrics.f1,1.0
per_scenario[4].conditions[3].catalog_family_metrics.fn,0
per_scenario[4].conditions[3].catalog_family_metrics.fp,0
per_scenario[4].conditions[3].catalog_family_metrics.precision,1.0
per_scenario[4].conditions[3].catalog_family_metrics.recall,1.0
per_scenario[4].conditions[3].catalog_family_metrics.tp,1
per_scenario[4].conditions[3].finding_count,4
per_scenario[4].conditions[3].paired_delta_vs_control.family_set_changed,false
per_scenario[4].conditions[3].paired_delta_vs_control.finding_count_change,1
per_scenario[4].conditions[3].paired_delta_vs_control.risk_fields_changed.total_score.control,5.62
per_scenario[4].conditions[3].paired_delta_vs_control.risk_fields_changed.total_score.perturbed,5.0
per_scenario[4].conditions[3].perturbation_ground_truth.dangling_references_after_omission.escalations_or_dispositions,0
per_scenario[4].conditions[3].perturbation_ground_truth.dangling_references_after_omission.investigation_steps,0
per_scenario[4].conditions[3].perturbation_ground_truth.omitted_records,3
per_scenario[4].conditions[3].recommendation_count,0
per_scenario[4].conditions[3].risk.total_score,5.0
per_scenario[4].conditions[3].traceability.evidence_reference_coverage,1.0
per_scenario[4].conditions[3].traceability.evidence_references,6
per_scenario[4].conditions[3].traceability.findings,4
per_scenario[4].conditions[3].traceability.findings_with_all_evidence_references_resolved,1
per_scenario[4].conditions[3].traceability.resolved_evidence_references,6
per_scenario[4].conditions[3].validation_matches_expected,true
per_scenario[4].conditions[3].validation_seconds,0.296145
per_scenario[4].conditions[3].validation_totals.accepted,12
per_scenario[4].conditions[3].validation_totals.received,12
per_scenario[4].conditions[3].validation_totals.rejected,0
per_scenario[4].conditions[3].validation_warning_count,4
per_scenario[4].conditions[4].analysis_seconds,0.722963
per_scenario[4].conditions[4].catalog_family_metrics.f1,1.0
per_scenario[4].conditions[4].catalog_family_metrics.fn,0
per_scenario[4].conditions[4].catalog_family_metrics.fp,0
per_scenario[4].conditions[4].catalog_family_metrics.precision,1.0
per_scenario[4].conditions[4].catalog_family_metrics.recall,1.0
per_scenario[4].conditions[4].catalog_family_metrics.tp,1
per_scenario[4].conditions[4].finding_count,3
per_scenario[4].conditions[4].paired_delta_vs_control.family_set_changed,false
per_scenario[4].conditions[4].paired_delta_vs_control.finding_count_change,0
per_scenario[4].conditions[4].parameters.rate,0.1
per_scenario[4].conditions[4].parameters.seed,0
per_scenario[4].conditions[4].perturbation_ground_truth.dangling_references_after_omission.escalations_or_dispositions,0
per_scenario[4].conditions[4].perturbation_ground_truth.dangling_references_after_omission.investigation_steps,0
per_scenario[4].conditions[4].perturbation_ground_truth.eligible_records,11
per_scenario[4].conditions[4].perturbation_ground_truth.removed[0].row_index,0
per_scenario[4].conditions[4].recommendation_count,0
per_scenario[4].conditions[4].risk.total_score,5.62
per_scenario[4].conditions[4].traceability.evidence_reference_coverage,1.0
per_scenario[4].conditions[4].traceability.evidence_references,6
per_scenario[4].conditions[4].traceability.findings,3
per_scenario[4].conditions[4].traceability.findings_with_all_evidence_references_resolved,1
per_scenario[4].conditions[4].traceability.resolved_evidence_references,6
per_scenario[4].conditions[4].validation_matches_expected,true
per_scenario[4].conditions[4].validation_seconds,0.334294
per_scenario[4].conditions[4].validation_totals.accepted,14
per_scenario[4].conditions[4].validation_totals.received,14
per_scenario[4].conditions[4].validation_totals.rejected,0
per_scenario[4].conditions[4].validation_warning_count,2
per_scenario[4].conditions[5].analysis_seconds,0.956175
per_scenario[4].conditions[5].catalog_family_metrics.f1,1.0
per_scenario[4].conditions[5].catalog_family_metrics.fn,0
per_scenario[4].conditions[5].catalog_family_metrics.fp,0
per_scenario[4].conditions[5].catalog_family_metrics.precision,1.0
per_scenario[4].conditions[5].catalog_family_metrics.recall,1.0
per_scenario[4].conditions[5].catalog_family_metrics.tp,1
per_scenario[4].conditions[5].finding_count,3
per_scenario[4].conditions[5].paired_delta_vs_control.family_set_changed,false
per_scenario[4].conditions[5].paired_delta_vs_control.finding_count_change,0
per_scenario[4].conditions[5].parameters.rate,0.1
per_scenario[4].conditions[5].parameters.seed,0
per_scenario[4].conditions[5].perturbation_ground_truth.cascaded_investigation_steps_removed,0
per_scenario[4].conditions[5].perturbation_ground_truth.dangling_references_after_omission.escalations_or_dispositions,0
per_scenario[4].conditions[5].perturbation_ground_truth.dangling_references_after_omission.investigation_steps,0
per_scenario[4].conditions[5].perturbation_ground_truth.eligible_records,11
per_scenario[4].conditions[5].perturbation_ground_truth.removed[0].row_index,0
per_scenario[4].conditions[5].recommendation_count,0
per_scenario[4].conditions[5].risk.total_score,5.62
per_scenario[4].conditions[5].traceability.evidence_reference_coverage,1.0
per_scenario[4].conditions[5].traceability.evidence_references,6
per_scenario[4].conditions[5].traceability.findings,3
per_scenario[4].conditions[5].traceability.findings_with_all_evidence_references_resolved,1
per_scenario[4].conditions[5].traceability.resolved_evidence_references,6
per_scenario[4].conditions[5].validation_matches_expected,true
per_scenario[4].conditions[5].validation_seconds,0.351269
per_scenario[4].conditions[5].validation_totals.accepted,14
per_scenario[4].conditions[5].validation_totals.received,14
per_scenario[4].conditions[5].validation_totals.rejected,0
per_scenario[4].conditions[5].validation_warning_count,2
per_scenario[4].conditions[6].paired_delta_vs_control,null
per_scenario[4].conditions[6].parameters.rate,0.1
per_scenario[4].conditions[6].parameters.seed,1
per_scenario[4].conditions[6].perturbation_ground_truth.dangling_references_after_omission.escalations_or_dispositions,0
per_scenario[4].conditions[6].perturbation_ground_truth.dangling_references_after_omission.investigation_steps,3
per_scenario[4].conditions[6].perturbation_ground_truth.eligible_records,11
per_scenario[4].conditions[6].perturbation_ground_truth.removed[0].row_index,1
per_scenario[4].conditions[6].validation_matches_expected,true
per_scenario[4].conditions[6].validation_seconds,0.341939
per_scenario[4].conditions[6].validation_totals.accepted,11
per_scenario[4].conditions[6].validation_totals.received,14
per_scenario[4].conditions[6].validation_totals.rejected,3
per_scenario[4].conditions[6].validation_warning_count,2
per_scenario[4].conditions[7].analysis_seconds,0.812455
per_scenario[4].conditions[7].catalog_family_metrics.f1,1.0
per_scenario[4].conditions[7].catalog_family_metrics.fn,0
per_scenario[4].conditions[7].catalog_family_metrics.fp,0
per_scenario[4].conditions[7].catalog_family_metrics.precision,1.0
per_scenario[4].conditions[7].catalog_family_metrics.recall,1.0
per_scenario[4].conditions[7].catalog_family_metrics.tp,1
per_scenario[4].conditions[7].finding_count,3
per_scenario[4].conditions[7].paired_delta_vs_control.family_set_changed,false
per_scenario[4].conditions[7].paired_delta_vs_control.finding_count_change,0
per_scenario[4].conditions[7].parameters.rate,0.1
per_scenario[4].conditions[7].parameters.seed,1
per_scenario[4].conditions[7].perturbation_ground_truth.cascaded_investigation_steps_removed,3
per_scenario[4].conditions[7].perturbation_ground_truth.dangling_references_after_omission.escalations_or_dispositions,0
per_scenario[4].conditions[7].perturbation_ground_truth.dangling_references_after_omission.investigation_steps,0
per_scenario[4].conditions[7].perturbation_ground_truth.eligible_records,11
per_scenario[4].conditions[7].perturbation_ground_truth.removed[0].row_index,1
per_scenario[4].conditions[7].recommendation_count,0
per_scenario[4].conditions[7].risk.total_score,5.62
per_scenario[4].conditions[7].traceability.evidence_reference_coverage,1.0
per_scenario[4].conditions[7].traceability.evidence_references,5
per_scenario[4].conditions[7].traceability.findings,3
per_scenario[4].conditions[7].traceability.findings_with_all_evidence_references_resolved,1
per_scenario[4].conditions[7].traceability.resolved_evidence_references,5
per_scenario[4].conditions[7].validation_matches_expected,true
per_scenario[4].conditions[7].validation_seconds,0.354717
per_scenario[4].conditions[7].validation_totals.accepted,11
per_scenario[4].conditions[7].validation_totals.received,11
per_scenario[4].conditions[7].validation_totals.rejected,0
per_scenario[4].conditions[7].validation_warning_count,2
per_scenario[4].conditions[8].analysis_seconds,0.449507
per_scenario[4].conditions[8].catalog_family_metrics.f1,1.0
per_scenario[4].conditions[8].catalog_family_metrics.fn,0
per_scenario[4].conditions[8].catalog_family_metrics.fp,0
per_scenario[4].conditions[8].catalog_family_metrics.precision,1.0
per_scenario[4].conditions[8].catalog_family_metrics.recall,1.0
per_scenario[4].conditions[8].catalog_family_metrics.tp,1
per_scenario[4].conditions[8].finding_count,3
per_scenario[4].conditions[8].paired_delta_vs_control.family_set_changed,false
per_scenario[4].conditions[8].paired_delta_vs_control.finding_count_change,0
per_scenario[4].conditions[8].parameters.rate,0.1
per_scenario[4].conditions[8].parameters.seed,2
per_scenario[4].conditions[8].perturbation_ground_truth.dangling_references_after_omission.escalations_or_dispositions,0
per_scenario[4].conditions[8].perturbation_ground_truth.dangling_references_after_omission.investigation_steps,0
per_scenario[4].conditions[8].perturbation_ground_truth.eligible_records,11
per_scenario[4].conditions[8].perturbation_ground_truth.removed[0].row_index,3
per_scenario[4].conditions[8].recommendation_count,0
per_scenario[4].conditions[8].risk.total_score,5.62
per_scenario[4].conditions[8].traceability.evidence_reference_coverage,1.0
per_scenario[4].conditions[8].traceability.evidence_references,6
per_scenario[4].conditions[8].traceability.findings,3
per_scenario[4].conditions[8].traceability.findings_with_all_evidence_references_resolved,1
per_scenario[4].conditions[8].traceability.resolved_evidence_references,6
per_scenario[4].conditions[8].validation_matches_expected,true
per_scenario[4].conditions[8].validation_seconds,0.362906
per_scenario[4].conditions[8].validation_totals.accepted,14
per_scenario[4].conditions[8].validation_totals.received,14
per_scenario[4].conditions[8].validation_totals.rejected,0
per_scenario[4].conditions[8].validation_warning_count,0
per_scenario[4].conditions[9].analysis_seconds,0.989517
per_scenario[4].conditions[9].catalog_family_metrics.f1,1.0
per_scenario[4].conditions[9].catalog_family_metrics.fn,0
per_scenario[4].conditions[9].catalog_family_metrics.fp,0
per_scenario[4].conditions[9].catalog_family_metrics.precision,1.0
per_scenario[4].conditions[9].catalog_family_metrics.recall,1.0
per_scenario[4].conditions[9].catalog_family_metrics.tp,1
per_scenario[4].conditions[9].finding_count,3
per_scenario[4].conditions[9].paired_delta_vs_control.family_set_changed,false
per_scenario[4].conditions[9].paired_delta_vs_control.finding_count_change,0
per_scenario[4].conditions[9].parameters.rate,0.1
per_scenario[4].conditions[9].parameters.seed,2
per_scenario[4].conditions[9].perturbation_ground_truth.cascaded_investigation_steps_removed,0
per_scenario[4].conditions[9].perturbation_ground_truth.dangling_references_after_omission.escalations_or_dispositions,0
per_scenario[4].conditions[9].perturbation_ground_truth.dangling_references_after_omission.investigation_steps,0
per_scenario[4].conditions[9].perturbation_ground_truth.eligible_records,11
per_scenario[4].conditions[9].perturbation_ground_truth.removed[0].row_index,3
per_scenario[4].conditions[9].recommendation_count,0
per_scenario[4].conditions[9].risk.total_score,5.62
per_scenario[4].conditions[9].traceability.evidence_reference_coverage,1.0
per_scenario[4].conditions[9].traceability.evidence_references,6
per_scenario[4].conditions[9].traceability.findings,3
per_scenario[4].conditions[9].traceability.findings_with_all_evidence_references_resolved,1
per_scenario[4].conditions[9].traceability.resolved_evidence_references,6
per_scenario[4].conditions[9].validation_matches_expected,true
per_scenario[4].conditions[9].validation_seconds,0.356832
per_scenario[4].conditions[9].validation_totals.accepted,14
per_scenario[4].conditions[9].validation_totals.received,14
per_scenario[4].conditions[9].validation_totals.rejected,0
per_scenario[4].conditions[9].validation_warning_count,0
per_scenario[4].conditions[10].analysis_seconds,0.543743
per_scenario[4].conditions[10].catalog_family_metrics.f1,1.0
per_scenario[4].conditions[10].catalog_family_metrics.fn,0
per_scenario[4].conditions[10].catalog_family_metrics.fp,0
per_scenario[4].conditions[10].catalog_family_metrics.precision,1.0
per_scenario[4].conditions[10].catalog_family_metrics.recall,1.0
per_scenario[4].conditions[10].catalog_family_metrics.tp,1
per_scenario[4].conditions[10].finding_count,3
per_scenario[4].conditions[10].paired_delta_vs_control.family_set_changed,false
per_scenario[4].conditions[10].paired_delta_vs_control.finding_count_change,0
per_scenario[4].conditions[10].parameters.rate,0.1
per_scenario[4].conditions[10].parameters.seed,3
per_scenario[4].conditions[10].perturbation_ground_truth.dangling_references_after_omission.escalations_or_dispositions,0
per_scenario[4].conditions[10].perturbation_ground_truth.dangling_references_after_omission.investigation_steps,0
per_scenario[4].conditions[10].perturbation_ground_truth.eligible_records,11
per_scenario[4].conditions[10].perturbation_ground_truth.removed[0].row_index,1
per_scenario[4].conditions[10].recommendation_count,0
per_scenario[4].conditions[10].risk.total_score,5.62
per_scenario[4].conditions[10].traceability.evidence_reference_coverage,1.0
per_scenario[4].conditions[10].traceability.evidence_references,6
per_scenario[4].conditions[10].traceability.findings,3
per_scenario[4].conditions[10].traceability.findings_with_all_evidence_references_resolved,1
per_scenario[4].conditions[10].traceability.resolved_evidence_references,6
per_scenario[4].conditions[10].validation_matches_expected,true
per_scenario[4].conditions[10].validation_seconds,0.383632
per_scenario[4].conditions[10].validation_totals.accepted,14
per_scenario[4].conditions[10].validation_totals.received,14
per_scenario[4].conditions[10].validation_totals.rejected,0
per_scenario[4].conditions[10].validation_warning_count,0
per_scenario[4].conditions[11].analysis_seconds,0.750524
per_scenario[4].conditions[11].catalog_family_metrics.f1,1.0
per_scenario[4].conditions[11].catalog_family_metrics.fn,0
per_scenario[4].conditions[11].catalog_family_metrics.fp,0
per_scenario[4].conditions[11].catalog_family_metrics.precision,1.0
per_scenario[4].conditions[11].catalog_family_metrics.recall,1.0
per_scenario[4].conditions[11].catalog_family_metrics.tp,1
per_scenario[4].conditions[11].finding_count,3
per_scenario[4].conditions[11].paired_delta_vs_control.family_set_changed,false
per_scenario[4].conditions[11].paired_delta_vs_control.finding_count_change,0
per_scenario[4].conditions[11].parameters.rate,0.1
per_scenario[4].conditions[11].parameters.seed,3
per_scenario[4].conditions[11].perturbation_ground_truth.cascaded_investigation_steps_removed,0
per_scenario[4].conditions[11].perturbation_ground_truth.dangling_references_after_omission.escalations_or_dispositions,0
per_scenario[4].conditions[11].perturbation_ground_truth.dangling_references_after_omission.investigation_steps,0
per_scenario[4].conditions[11].perturbation_ground_truth.eligible_records,11
per_scenario[4].conditions[11].perturbation_ground_truth.removed[0].row_index,1
per_scenario[4].conditions[11].recommendation_count,0
per_scenario[4].conditions[11].risk.total_score,5.62
per_scenario[4].conditions[11].traceability.evidence_reference_coverage,1.0
per_scenario[4].conditions[11].traceability.evidence_references,6
per_scenario[4].conditions[11].traceability.findings,3
per_scenario[4].conditions[11].traceability.findings_with_all_evidence_references_resolved,1
per_scenario[4].conditions[11].traceability.resolved_evidence_references,6
per_scenario[4].conditions[11].validation_matches_expected,true
per_scenario[4].conditions[11].validation_seconds,0.369496
per_scenario[4].conditions[11].validation_totals.accepted,14
per_scenario[4].conditions[11].validation_totals.received,14
per_scenario[4].conditions[11].validation_totals.rejected,0
per_scenario[4].conditions[11].validation_warning_count,0
per_scenario[4].conditions[12].analysis_seconds,0.885877
per_scenario[4].conditions[12].catalog_family_metrics.f1,1.0
per_scenario[4].conditions[12].catalog_family_metrics.fn,0
per_scenario[4].conditions[12].catalog_family_metrics.fp,0
per_scenario[4].conditions[12].catalog_family_metrics.precision,1.0
per_scenario[4].conditions[12].catalog_family_metrics.recall,1.0
per_scenario[4].conditions[12].catalog_family_metrics.tp,1
per_scenario[4].conditions[12].finding_count,3
per_scenario[4].conditions[12].paired_delta_vs_control.family_set_changed,false
per_scenario[4].conditions[12].paired_delta_vs_control.finding_count_change,0
per_scenario[4].conditions[12].parameters.rate,0.1
per_scenario[4].conditions[12].parameters.seed,4
per_scenario[4].conditions[12].perturbation_ground_truth.dangling_references_after_omission.escalations_or_dispositions,0
per_scenario[4].conditions[12].perturbation_ground_truth.dangling_references_after_omission.investigation_steps,0
per_scenario[4].conditions[12].perturbation_ground_truth.eligible_records,11
per_scenario[4].conditions[12].perturbation_ground_truth.removed[0].row_index,0
per_scenario[4].conditions[12].recommendation_count,0
per_scenario[4].conditions[12].risk.total_score,5.62
per_scenario[4].conditions[12].traceability.evidence_reference_coverage,1.0
per_scenario[4].conditions[12].traceability.evidence_references,6
per_scenario[4].conditions[12].traceability.findings,3
per_scenario[4].conditions[12].traceability.findings_with_all_evidence_references_resolved,1
per_scenario[4].conditions[12].traceability.resolved_evidence_references,6
per_scenario[4].conditions[12].validation_matches_expected,true
per_scenario[4].conditions[12].validation_seconds,0.375706
per_scenario[4].conditions[12].validation_totals.accepted,14
per_scenario[4].conditions[12].validation_totals.received,14
per_scenario[4].conditions[12].validation_totals.rejected,0
per_scenario[4].conditions[12].validation_warning_count,0
per_scenario[4].conditions[13].analysis_seconds,0.716008
per_scenario[4].conditions[13].catalog_family_metrics.f1,1.0
per_scenario[4].conditions[13].catalog_family_metrics.fn,0
per_scenario[4].conditions[13].catalog_family_metrics.fp,0
per_scenario[4].conditions[13].catalog_family_metrics.precision,1.0
per_scenario[4].conditions[13].catalog_family_metrics.recall,1.0
per_scenario[4].conditions[13].catalog_family_metrics.tp,1
per_scenario[4].conditions[13].finding_count,3
per_scenario[4].conditions[13].paired_delta_vs_control.family_set_changed,false
per_scenario[4].conditions[13].paired_delta_vs_control.finding_count_change,0
per_scenario[4].conditions[13].parameters.rate,0.1
per_scenario[4].conditions[13].parameters.seed,4
per_scenario[4].conditions[13].perturbation_ground_truth.cascaded_investigation_steps_removed,0
per_scenario[4].conditions[13].perturbation_ground_truth.dangling_references_after_omission.escalations_or_dispositions,0
per_scenario[4].conditions[13].perturbation_ground_truth.dangling_references_after_omission.investigation_steps,0
per_scenario[4].conditions[13].perturbation_ground_truth.eligible_records,11
per_scenario[4].conditions[13].perturbation_ground_truth.removed[0].row_index,0
per_scenario[4].conditions[13].recommendation_count,0
per_scenario[4].conditions[13].risk.total_score,5.62
per_scenario[4].conditions[13].traceability.evidence_reference_coverage,1.0
per_scenario[4].conditions[13].traceability.evidence_references,6
per_scenario[4].conditions[13].traceability.findings,3
per_scenario[4].conditions[13].traceability.findings_with_all_evidence_references_resolved,1
per_scenario[4].conditions[13].traceability.resolved_evidence_references,6
per_scenario[4].conditions[13].validation_matches_expected,true
per_scenario[4].conditions[13].validation_seconds,0.346018
per_scenario[4].conditions[13].validation_totals.accepted,14
per_scenario[4].conditions[13].validation_totals.received,14
per_scenario[4].conditions[13].validation_totals.rejected,0
per_scenario[4].conditions[13].validation_warning_count,0
per_scenario[4].conditions[14].paired_delta_vs_control,null
per_scenario[4].conditions[14].parameters.rate,0.25
per_scenario[4].conditions[14].parameters.seed,0
per_scenario[4].conditions[14].perturbation_ground_truth.dangling_references_after_omission.escalations_or_dispositions,0
per_scenario[4].conditions[14].perturbation_ground_truth.dangling_references_after_omission.investigation_steps,2
per_scenario[4].conditions[14].perturbation_ground_truth.eligible_records,11
per_scenario[4].conditions[14].perturbation_ground_truth.removed[0].row_index,0
per_scenario[4].conditions[14].perturbation_ground_truth.removed[1].row_index,2
per_scenario[4].conditions[14].perturbation_ground_truth.removed[2].row_index,5
per_scenario[4].conditions[14].validation_matches_expected,true
per_scenario[4].conditions[14].validation_seconds,0.346479
per_scenario[4].conditions[14].validation_totals.accepted,10
per_scenario[4].conditions[14].validation_totals.received,12
per_scenario[4].conditions[14].validation_totals.rejected,2
per_scenario[4].conditions[14].validation_warning_count,2
per_scenario[4].conditions[15].analysis_seconds,0.94282
per_scenario[4].conditions[15].catalog_family_metrics.f1,1.0
per_scenario[4].conditions[15].catalog_family_metrics.fn,0
per_scenario[4].conditions[15].catalog_family_metrics.fp,0
per_scenario[4].conditions[15].catalog_family_metrics.precision,1.0
per_scenario[4].conditions[15].catalog_family_metrics.recall,1.0
per_scenario[4].conditions[15].catalog_family_metrics.tp,1
per_scenario[4].conditions[15].finding_count,3
per_scenario[4].conditions[15].paired_delta_vs_control.family_set_changed,false
per_scenario[4].conditions[15].paired_delta_vs_control.finding_count_change,0
per_scenario[4].conditions[15].parameters.rate,0.25
per_scenario[4].conditions[15].parameters.seed,0
per_scenario[4].conditions[15].perturbation_ground_truth.cascaded_investigation_steps_removed,2
per_scenario[4].conditions[15].perturbation_ground_truth.dangling_references_after_omission.escalations_or_dispositions,0
per_scenario[4].conditions[15].perturbation_ground_truth.dangling_references_after_omission.investigation_steps,0
per_scenario[4].conditions[15].perturbation_ground_truth.eligible_records,11
per_scenario[4].conditions[15].perturbation_ground_truth.removed[0].row_index,0
per_scenario[4].conditions[15].perturbation_ground_truth.removed[1].row_index,2
per_scenario[4].conditions[15].perturbation_ground_truth.removed[2].row_index,5
per_scenario[4].conditions[15].recommendation_count,0
per_scenario[4].conditions[15].risk.total_score,5.62
per_scenario[4].conditions[15].traceability.evidence_reference_coverage,1.0
per_scenario[4].conditions[15].traceability.evidence_references,5
per_scenario[4].conditions[15].traceability.findings,3
per_scenario[4].conditions[15].traceability.findings_with_all_evidence_references_resolved,1
per_scenario[4].conditions[15].traceability.resolved_evidence_references,5
per_scenario[4].conditions[15].validation_matches_expected,true
per_scenario[4].conditions[15].validation_seconds,0.377428
per_scenario[4].conditions[15].validation_totals.accepted,10
per_scenario[4].conditions[15].validation_totals.received,10
per_scenario[4].conditions[15].validation_totals.rejected,0
per_scenario[4].conditions[15].validation_warning_count,2
per_scenario[4].conditions[16].analysis_seconds,0.925996
per_scenario[4].conditions[16].catalog_family_metrics.f1,1.0
per_scenario[4].conditions[16].catalog_family_metrics.fn,0
per_scenario[4].conditions[16].catalog_family_metrics.fp,0
per_scenario[4].conditions[16].catalog_family_metrics.precision,1.0
per_scenario[4].conditions[16].catalog_family_metrics.recall,1.0
per_scenario[4].conditions[16].catalog_family_metrics.tp,1
per_scenario[4].conditions[16].finding_count,3
per_scenario[4].conditions[16].paired_delta_vs_control.family_set_changed,false
per_scenario[4].conditions[16].paired_delta_vs_control.finding_count_change,0
per_scenario[4].conditions[16].parameters.rate,0.25
per_scenario[4].conditions[16].parameters.seed,1
per_scenario[4].conditions[16].perturbation_ground_truth.dangling_references_after_omission.escalations_or_dispositions,0
per_scenario[4].conditions[16].perturbation_ground_truth.dangling_references_after_omission.investigation_steps,0
per_scenario[4].conditions[16].perturbation_ground_truth.eligible_records,11
per_scenario[4].conditions[16].perturbation_ground_truth.removed[0].row_index,0
per_scenario[4].conditions[16].perturbation_ground_truth.removed[1].row_index,2
per_scenario[4].conditions[16].perturbation_ground_truth.removed[2].row_index,2
per_scenario[4].conditions[16].recommendation_count,0
per_scenario[4].conditions[16].risk.total_score,5.62
per_scenario[4].conditions[16].traceability.evidence_reference_coverage,1.0
per_scenario[4].conditions[16].traceability.evidence_references,6
per_scenario[4].conditions[16].traceability.findings,3
per_scenario[4].conditions[16].traceability.findings_with_all_evidence_references_resolved,1
per_scenario[4].conditions[16].traceability.resolved_evidence_references,6
per_scenario[4].conditions[16].validation_matches_expected,true
per_scenario[4].conditions[16].validation_seconds,0.353637
per_scenario[4].conditions[16].validation_totals.accepted,12
per_scenario[4].conditions[16].validation_totals.received,12
per_scenario[4].conditions[16].validation_totals.rejected,0
per_scenario[4].conditions[16].validation_warning_count,3
per_scenario[4].conditions[17].analysis_seconds,1.157262
per_scenario[4].conditions[17].catalog_family_metrics.f1,1.0
per_scenario[4].conditions[17].catalog_family_metrics.fn,0
per_scenario[4].conditions[17].catalog_family_metrics.fp,0
per_scenario[4].conditions[17].catalog_family_metrics.precision,1.0
per_scenario[4].conditions[17].catalog_family_metrics.recall,1.0
per_scenario[4].conditions[17].catalog_family_metrics.tp,1
per_scenario[4].conditions[17].finding_count,3
per_scenario[4].conditions[17].paired_delta_vs_control.family_set_changed,false
per_scenario[4].conditions[17].paired_delta_vs_control.finding_count_change,0
per_scenario[4].conditions[17].parameters.rate,0.25
per_scenario[4].conditions[17].parameters.seed,1
per_scenario[4].conditions[17].perturbation_ground_truth.cascaded_investigation_steps_removed,0
per_scenario[4].conditions[17].perturbation_ground_truth.dangling_references_after_omission.escalations_or_dispositions,0
per_scenario[4].conditions[17].perturbation_ground_truth.dangling_references_after_omission.investigation_steps,0
per_scenario[4].conditions[17].perturbation_ground_truth.eligible_records,11
per_scenario[4].conditions[17].perturbation_ground_truth.removed[0].row_index,0
per_scenario[4].conditions[17].perturbation_ground_truth.removed[1].row_index,2
per_scenario[4].conditions[17].perturbation_ground_truth.removed[2].row_index,2
per_scenario[4].conditions[17].recommendation_count,0
per_scenario[4].conditions[17].risk.total_score,5.62
per_scenario[4].conditions[17].traceability.evidence_reference_coverage,1.0
per_scenario[4].conditions[17].traceability.evidence_references,6
per_scenario[4].conditions[17].traceability.findings,3
per_scenario[4].conditions[17].traceability.findings_with_all_evidence_references_resolved,1
per_scenario[4].conditions[17].traceability.resolved_evidence_references,6
per_scenario[4].conditions[17].validation_matches_expected,true
per_scenario[4].conditions[17].validation_seconds,0.34461
per_scenario[4].conditions[17].validation_totals.accepted,12
per_scenario[4].conditions[17].validation_totals.received,12
per_scenario[4].conditions[17].validation_totals.rejected,0
per_scenario[4].conditions[17].validation_warning_count,3
per_scenario[4].conditions[18].paired_delta_vs_control,null
per_scenario[4].conditions[18].parameters.rate,0.25
per_scenario[4].conditions[18].parameters.seed,2
per_scenario[4].conditions[18].perturbation_ground_truth.dangling_references_after_omission.escalations_or_dispositions,0
per_scenario[4].conditions[18].perturbation_ground_truth.dangling_references_after_omission.investigation_steps,3
per_scenario[4].conditions[18].perturbation_ground_truth.eligible_records,11
per_scenario[4].conditions[18].perturbation_ground_truth.removed[0].row_index,0
per_scenario[4].conditions[18].perturbation_ground_truth.removed[1].row_index,0
per_scenario[4].conditions[18].perturbation_ground_truth.removed[2].row_index,4
per_scenario[4].conditions[18].validation_matches_expected,true
per_scenario[4].conditions[18].validation_seconds,0.361766
per_scenario[4].conditions[18].validation_totals.accepted,9
per_scenario[4].conditions[18].validation_totals.received,12
per_scenario[4].conditions[18].validation_totals.rejected,3
per_scenario[4].conditions[18].validation_warning_count,4
per_scenario[4].conditions[19].analysis_seconds,0.473686
per_scenario[4].conditions[19].catalog_family_metrics.f1,1.0
per_scenario[4].conditions[19].catalog_family_metrics.fn,0
per_scenario[4].conditions[19].catalog_family_metrics.fp,0
per_scenario[4].conditions[19].catalog_family_metrics.precision,1.0
per_scenario[4].conditions[19].catalog_family_metrics.recall,1.0
per_scenario[4].conditions[19].catalog_family_metrics.tp,1
per_scenario[4].conditions[19].finding_count,3
per_scenario[4].conditions[19].paired_delta_vs_control.family_set_changed,false
per_scenario[4].conditions[19].paired_delta_vs_control.finding_count_change,0
per_scenario[4].conditions[19].parameters.rate,0.25
per_scenario[4].conditions[19].parameters.seed,2
per_scenario[4].conditions[19].perturbation_ground_truth.cascaded_investigation_steps_removed,3
per_scenario[4].conditions[19].perturbation_ground_truth.dangling_references_after_omission.escalations_or_dispositions,0
per_scenario[4].conditions[19].perturbation_ground_truth.dangling_references_after_omission.investigation_steps,0
per_scenario[4].conditions[19].perturbation_ground_truth.eligible_records,11
per_scenario[4].conditions[19].perturbation_ground_truth.removed[0].row_index,0
per_scenario[4].conditions[19].perturbation_ground_truth.removed[1].row_index,0
per_scenario[4].conditions[19].perturbation_ground_truth.removed[2].row_index,4
per_scenario[4].conditions[19].recommendation_count,0
per_scenario[4].conditions[19].risk.total_score,5.62
per_scenario[4].conditions[19].traceability.evidence_reference_coverage,1.0
per_scenario[4].conditions[19].traceability.evidence_references,5
per_scenario[4].conditions[19].traceability.findings,3
per_scenario[4].conditions[19].traceability.findings_with_all_evidence_references_resolved,1
per_scenario[4].conditions[19].traceability.resolved_evidence_references,5
per_scenario[4].conditions[19].validation_matches_expected,true
per_scenario[4].conditions[19].validation_seconds,0.349268
per_scenario[4].conditions[19].validation_totals.accepted,9
per_scenario[4].conditions[19].validation_totals.received,9
per_scenario[4].conditions[19].validation_totals.rejected,0
per_scenario[4].conditions[19].validation_warning_count,4
per_scenario[4].conditions[20].paired_delta_vs_control,null
per_scenario[4].conditions[20].parameters.rate,0.25
per_scenario[4].conditions[20].parameters.seed,3
per_scenario[4].conditions[20].perturbation_ground_truth.dangling_references_after_omission.escalations_or_dispositions,0
per_scenario[4].conditions[20].perturbation_ground_truth.dangling_references_after_omission.investigation_steps,3
per_scenario[4].conditions[20].perturbation_ground_truth.eligible_records,11
per_scenario[4].conditions[20].perturbation_ground_truth.removed[0].row_index,0
per_scenario[4].conditions[20].perturbation_ground_truth.removed[1].row_index,1
per_scenario[4].conditions[20].perturbation_ground_truth.removed[2].row_index,1
per_scenario[4].conditions[20].validation_matches_expected,true
per_scenario[4].conditions[20].validation_seconds,0.347264
per_scenario[4].conditions[20].validation_totals.accepted,9
per_scenario[4].conditions[20].validation_totals.received,12
per_scenario[4].conditions[20].validation_totals.rejected,3
per_scenario[4].conditions[20].validation_warning_count,5
per_scenario[4].conditions[21].analysis_seconds,1.454171
per_scenario[4].conditions[21].catalog_family_metrics.f1,1.0
per_scenario[4].conditions[21].catalog_family_metrics.fn,0
per_scenario[4].conditions[21].catalog_family_metrics.fp,0
per_scenario[4].conditions[21].catalog_family_metrics.precision,1.0
per_scenario[4].conditions[21].catalog_family_metrics.recall,1.0
per_scenario[4].conditions[21].catalog_family_metrics.tp,1
per_scenario[4].conditions[21].finding_count,3
per_scenario[4].conditions[21].paired_delta_vs_control.family_set_changed,false
per_scenario[4].conditions[21].paired_delta_vs_control.finding_count_change,0
per_scenario[4].conditions[21].parameters.rate,0.25
per_scenario[4].conditions[21].parameters.seed,3
per_scenario[4].conditions[21].perturbation_ground_truth.cascaded_investigation_steps_removed,3
per_scenario[4].conditions[21].perturbation_ground_truth.dangling_references_after_omission.escalations_or_dispositions,0
per_scenario[4].conditions[21].perturbation_ground_truth.dangling_references_after_omission.investigation_steps,0
per_scenario[4].conditions[21].perturbation_ground_truth.eligible_records,11
per_scenario[4].conditions[21].perturbation_ground_truth.removed[0].row_index,0
per_scenario[4].conditions[21].perturbation_ground_truth.removed[1].row_index,1
per_scenario[4].conditions[21].perturbation_ground_truth.removed[2].row_index,1
per_scenario[4].conditions[21].recommendation_count,0
per_scenario[4].conditions[21].risk.total_score,5.62
per_scenario[4].conditions[21].traceability.evidence_reference_coverage,1.0
per_scenario[4].conditions[21].traceability.evidence_references,5
per_scenario[4].conditions[21].traceability.findings,3
per_scenario[4].conditions[21].traceability.findings_with_all_evidence_references_resolved,1
per_scenario[4].conditions[21].traceability.resolved_evidence_references,5
per_scenario[4].conditions[21].validation_matches_expected,true
per_scenario[4].conditions[21].validation_seconds,0.343355
per_scenario[4].conditions[21].validation_totals.accepted,9
per_scenario[4].conditions[21].validation_totals.received,9
per_scenario[4].conditions[21].validation_totals.rejected,0
per_scenario[4].conditions[21].validation_warning_count,5
per_scenario[4].conditions[22].analysis_seconds,4.753913
per_scenario[4].conditions[22].catalog_family_metrics.f1,1.0
per_scenario[4].conditions[22].catalog_family_metrics.fn,0
per_scenario[4].conditions[22].catalog_family_metrics.fp,0
per_scenario[4].conditions[22].catalog_family_metrics.precision,1.0
per_scenario[4].conditions[22].catalog_family_metrics.recall,1.0
per_scenario[4].conditions[22].catalog_family_metrics.tp,1
per_scenario[4].conditions[22].finding_count,3
per_scenario[4].conditions[22].paired_delta_vs_control.family_set_changed,false
per_scenario[4].conditions[22].paired_delta_vs_control.finding_count_change,0
per_scenario[4].conditions[22].parameters.rate,0.25
per_scenario[4].conditions[22].parameters.seed,4
per_scenario[4].conditions[22].perturbation_ground_truth.dangling_references_after_omission.escalations_or_dispositions,0
per_scenario[4].conditions[22].perturbation_ground_truth.dangling_references_after_omission.investigation_steps,0
per_scenario[4].conditions[22].perturbation_ground_truth.eligible_records,11
per_scenario[4].conditions[22].perturbation_ground_truth.removed[0].row_index,0
per_scenario[4].conditions[22].perturbation_ground_truth.removed[1].row_index,2
per_scenario[4].conditions[22].perturbation_ground_truth.removed[2].row_index,5
per_scenario[4].conditions[22].recommendation_count,0
per_scenario[4].conditions[22].risk.total_score,5.62
per_scenario[4].conditions[22].traceability.evidence_reference_coverage,1.0
per_scenario[4].conditions[22].traceability.evidence_references,6
per_scenario[4].conditions[22].traceability.findings,3
per_scenario[4].conditions[22].traceability.findings_with_all_evidence_references_resolved,1
per_scenario[4].conditions[22].traceability.resolved_evidence_references,6
per_scenario[4].conditions[22].validation_matches_expected,true
per_scenario[4].conditions[22].validation_seconds,0.352031
per_scenario[4].conditions[22].validation_totals.accepted,12
per_scenario[4].conditions[22].validation_totals.received,12
per_scenario[4].conditions[22].validation_totals.rejected,0
per_scenario[4].conditions[22].validation_warning_count,3
per_scenario[4].conditions[23].analysis_seconds,0.629623
per_scenario[4].conditions[23].catalog_family_metrics.f1,1.0
per_scenario[4].conditions[23].catalog_family_metrics.fn,0
per_scenario[4].conditions[23].catalog_family_metrics.fp,0
per_scenario[4].conditions[23].catalog_family_metrics.precision,1.0
per_scenario[4].conditions[23].catalog_family_metrics.recall,1.0
per_scenario[4].conditions[23].catalog_family_metrics.tp,1
per_scenario[4].conditions[23].finding_count,3
per_scenario[4].conditions[23].paired_delta_vs_control.family_set_changed,false
per_scenario[4].conditions[23].paired_delta_vs_control.finding_count_change,0
per_scenario[4].conditions[23].parameters.rate,0.25
per_scenario[4].conditions[23].parameters.seed,4
per_scenario[4].conditions[23].perturbation_ground_truth.cascaded_investigation_steps_removed,0
per_scenario[4].conditions[23].perturbation_ground_truth.dangling_references_after_omission.escalations_or_dispositions,0
per_scenario[4].conditions[23].perturbation_ground_truth.dangling_references_after_omission.investigation_steps,0
per_scenario[4].conditions[23].perturbation_ground_truth.eligible_records,11
per_scenario[4].conditions[23].perturbation_ground_truth.removed[0].row_index,0
per_scenario[4].conditions[23].perturbation_ground_truth.removed[1].row_index,2
per_scenario[4].conditions[23].perturbation_ground_truth.removed[2].row_index,5
per_scenario[4].conditions[23].recommendation_count,0
per_scenario[4].conditions[23].risk.total_score,5.62
per_scenario[4].conditions[23].traceability.evidence_reference_coverage,1.0
per_scenario[4].conditions[23].traceability.evidence_references,6
per_scenario[4].conditions[23].traceability.findings,3
per_scenario[4].conditions[23].traceability.findings_with_all_evidence_references_resolved,1
per_scenario[4].conditions[23].traceability.resolved_evidence_references,6
per_scenario[4].conditions[23].validation_matches_expected,true
per_scenario[4].conditions[23].validation_seconds,0.361844
per_scenario[4].conditions[23].validation_totals.accepted,12
per_scenario[4].conditions[23].validation_totals.received,12
per_scenario[4].conditions[23].validation_totals.rejected,0
per_scenario[4].conditions[23].validation_warning_count,3
per_scenario[4].conditions[24].paired_delta_vs_control,null
per_scenario[4].conditions[24].parameters.rate,0.5
per_scenario[4].conditions[24].parameters.seed,0
per_scenario[4].conditions[24].perturbation_ground_truth.dangling_references_after_omission.escalations_or_dispositions,0
per_scenario[4].conditions[24].perturbation_ground_truth.dangling_references_after_omission.investigation_steps,3
per_scenario[4].conditions[24].perturbation_ground_truth.eligible_records,11
per_scenario[4].conditions[24].perturbation_ground_truth.removed[0].row_index,1
per_scenario[4].conditions[24].perturbation_ground_truth.removed[1].row_index,0
per_scenario[4].conditions[24].perturbation_ground_truth.removed[2].row_index,1
per_scenario[4].conditions[24].perturbation_ground_truth.removed[3].row_index,0
per_scenario[4].conditions[24].perturbation_ground_truth.removed[4].row_index,1
per_scenario[4].conditions[24].perturbation_ground_truth.removed[5].row_index,4
per_scenario[4].conditions[24].validation_matches_expected,true
per_scenario[4].conditions[24].validation_seconds,0.292842
per_scenario[4].conditions[24].validation_totals.accepted,6
per_scenario[4].conditions[24].validation_totals.received,9
per_scenario[4].conditions[24].validation_totals.rejected,3
per_scenario[4].conditions[24].validation_warning_count,5
per_scenario[4].conditions[25].analysis_seconds,0.729123
per_scenario[4].conditions[25].catalog_family_metrics.f1,1.0
per_scenario[4].conditions[25].catalog_family_metrics.fn,0
per_scenario[4].conditions[25].catalog_family_metrics.fp,0
per_scenario[4].conditions[25].catalog_family_metrics.precision,1.0
per_scenario[4].conditions[25].catalog_family_metrics.recall,1.0
per_scenario[4].conditions[25].catalog_family_metrics.tp,1
per_scenario[4].conditions[25].finding_count,5
per_scenario[4].conditions[25].paired_delta_vs_control.family_set_changed,false
per_scenario[4].conditions[25].paired_delta_vs_control.finding_count_change,2
per_scenario[4].conditions[25].paired_delta_vs_control.risk_fields_changed.total_score.control,5.62
per_scenario[4].conditions[25].paired_delta_vs_control.risk_fields_changed.total_score.perturbed,3.75
per_scenario[4].conditions[25].parameters.rate,0.5
per_scenario[4].conditions[25].parameters.seed,0
per_scenario[4].conditions[25].perturbation_ground_truth.cascaded_investigation_steps_removed,3
per_scenario[4].conditions[25].perturbation_ground_truth.dangling_references_after_omission.escalations_or_dispositions,0
per_scenario[4].conditions[25].perturbation_ground_truth.dangling_references_after_omission.investigation_steps,0
per_scenario[4].conditions[25].perturbation_ground_truth.eligible_records,11
per_scenario[4].conditions[25].perturbation_ground_truth.removed[0].row_index,1
per_scenario[4].conditions[25].perturbation_ground_truth.removed[1].row_index,0
per_scenario[4].conditions[25].perturbation_ground_truth.removed[2].row_index,1
per_scenario[4].conditions[25].perturbation_ground_truth.removed[3].row_index,0
per_scenario[4].conditions[25].perturbation_ground_truth.removed[4].row_index,1
per_scenario[4].conditions[25].perturbation_ground_truth.removed[5].row_index,4
per_scenario[4].conditions[25].recommendation_count,0
per_scenario[4].conditions[25].risk.total_score,3.75
per_scenario[4].conditions[25].traceability.evidence_reference_coverage,1.0
per_scenario[4].conditions[25].traceability.evidence_references,4
per_scenario[4].conditions[25].traceability.findings,5
per_scenario[4].conditions[25].traceability.findings_with_all_evidence_references_resolved,1
per_scenario[4].conditions[25].traceability.resolved_evidence_references,4
per_scenario[4].conditions[25].validation_matches_expected,true
per_scenario[4].conditions[25].validation_seconds,0.222502
per_scenario[4].conditions[25].validation_totals.accepted,6
per_scenario[4].conditions[25].validation_totals.received,6
per_scenario[4].conditions[25].validation_totals.rejected,0
per_scenario[4].conditions[25].validation_warning_count,5
per_scenario[4].conditions[26].paired_delta_vs_control,null
per_scenario[4].conditions[26].parameters.rate,0.5
per_scenario[4].conditions[26].parameters.seed,1
per_scenario[4].conditions[26].perturbation_ground_truth.dangling_references_after_omission.escalations_or_dispositions,0
per_scenario[4].conditions[26].perturbation_ground_truth.dangling_references_after_omission.investigation_steps,2
per_scenario[4].conditions[26].perturbation_ground_truth.eligible_records,11
per_scenario[4].conditions[26].perturbation_ground_truth.removed[0].row_index,0
per_scenario[4].conditions[26].perturbation_ground_truth.removed[1].row_index,1
per_scenario[4].conditions[26].perturbation_ground_truth.removed[2].row_index,2
per_scenario[4].conditions[26].perturbation_ground_truth.removed[3].row_index,1
per_scenario[4].conditions[26].perturbation_ground_truth.removed[4].row_index,2
per_scenario[4].conditions[26].perturbation_ground_truth.removed[5].row_index,5
per_scenario[4].conditions[26].validation_matches_expected,true
per_scenario[4].conditions[26].validation_seconds,0.291064
per_scenario[4].conditions[26].validation_totals.accepted,7
per_scenario[4].conditions[26].validation_totals.received,9
per_scenario[4].conditions[26].validation_totals.rejected,2
per_scenario[4].conditions[26].validation_warning_count,6
per_scenario[4].conditions[27].analysis_seconds,0.57106
per_scenario[4].conditions[27].catalog_family_metrics.f1,1.0
per_scenario[4].conditions[27].catalog_family_metrics.fn,0
per_scenario[4].conditions[27].catalog_family_metrics.fp,0
per_scenario[4].conditions[27].catalog_family_metrics.precision,1.0
per_scenario[4].conditions[27].catalog_family_metrics.recall,1.0
per_scenario[4].conditions[27].catalog_family_metrics.tp,1
per_scenario[4].conditions[27].finding_count,4
per_scenario[4].conditions[27].paired_delta_vs_control.family_set_changed,false
per_scenario[4].conditions[27].paired_delta_vs_control.finding_count_change,1
per_scenario[4].conditions[27].paired_delta_vs_control.risk_fields_changed.total_score.control,5.62
per_scenario[4].conditions[27].paired_delta_vs_control.risk_fields_changed.total_score.perturbed,5.0
per_scenario[4].conditions[27].parameters.rate,0.5
per_scenario[4].conditions[27].parameters.seed,1
per_scenario[4].conditions[27].perturbation_ground_truth.cascaded_investigation_steps_removed,2
per_scenario[4].conditions[27].perturbation_ground_truth.dangling_references_after_omission.escalations_or_dispositions,0
per_scenario[4].conditions[27].perturbation_ground_truth.dangling_references_after_omission.investigation_steps,0
per_scenario[4].conditions[27].perturbation_ground_truth.eligible_records,11
per_scenario[4].conditions[27].perturbation_ground_truth.removed[0].row_index,0
per_scenario[4].conditions[27].perturbation_ground_truth.removed[1].row_index,1
per_scenario[4].conditions[27].perturbation_ground_truth.removed[2].row_index,2
per_scenario[4].conditions[27].perturbation_ground_truth.removed[3].row_index,1
per_scenario[4].conditions[27].perturbation_ground_truth.removed[4].row_index,2
per_scenario[4].conditions[27].perturbation_ground_truth.removed[5].row_index,5
per_scenario[4].conditions[27].recommendation_count,0
per_scenario[4].conditions[27].risk.total_score,5.0
per_scenario[4].conditions[27].traceability.evidence_reference_coverage,1.0
per_scenario[4].conditions[27].traceability.evidence_references,5
per_scenario[4].conditions[27].traceability.findings,4
per_scenario[4].conditions[27].traceability.findings_with_all_evidence_references_resolved,1
per_scenario[4].conditions[27].traceability.resolved_evidence_references,5
per_scenario[4].conditions[27].validation_matches_expected,true
per_scenario[4].conditions[27].validation_seconds,0.286247
per_scenario[4].conditions[27].validation_totals.accepted,7
per_scenario[4].conditions[27].validation_totals.received,7
per_scenario[4].conditions[27].validation_totals.rejected,0
per_scenario[4].conditions[27].validation_warning_count,6
per_scenario[4].conditions[28].analysis_seconds,1.009413
per_scenario[4].conditions[28].catalog_family_metrics.f1,1.0
per_scenario[4].conditions[28].catalog_family_metrics.fn,0
per_scenario[4].conditions[28].catalog_family_metrics.fp,0
per_scenario[4].conditions[28].catalog_family_metrics.precision,1.0
per_scenario[4].conditions[28].catalog_family_metrics.recall,1.0
per_scenario[4].conditions[28].catalog_family_metrics.tp,1
per_scenario[4].conditions[28].finding_count,3
per_scenario[4].conditions[28].paired_delta_vs_control.family_set_changed,false
per_scenario[4].conditions[28].paired_delta_vs_control.finding_count_change,0
per_scenario[4].conditions[28].parameters.rate,0.5
per_scenario[4].conditions[28].parameters.seed,2
per_scenario[4].conditions[28].perturbation_ground_truth.dangling_references_after_omission.escalations_or_dispositions,0
per_scenario[4].conditions[28].perturbation_ground_truth.dangling_references_after_omission.investigation_steps,0
per_scenario[4].conditions[28].perturbation_ground_truth.eligible_records,11
per_scenario[4].conditions[28].perturbation_ground_truth.removed[0].row_index,0
per_scenario[4].conditions[28].perturbation_ground_truth.removed[1].row_index,1
per_scenario[4].conditions[28].perturbation_ground_truth.removed[2].row_index,0
per_scenario[4].conditions[28].perturbation_ground_truth.removed[3].row_index,2
per_scenario[4].conditions[28].perturbation_ground_truth.removed[4].row_index,3
per_scenario[4].conditions[28].perturbation_ground_truth.removed[5].row_index,4
per_scenario[4].conditions[28].recommendation_count,0
per_scenario[4].conditions[28].risk.total_score,5.62
per_scenario[4].conditions[28].traceability.evidence_reference_coverage,1.0
per_scenario[4].conditions[28].traceability.evidence_references,6
per_scenario[4].conditions[28].traceability.findings,3
per_scenario[4].conditions[28].traceability.findings_with_all_evidence_references_resolved,1
per_scenario[4].conditions[28].traceability.resolved_evidence_references,6
per_scenario[4].conditions[28].validation_matches_expected,true
per_scenario[4].conditions[28].validation_seconds,0.379139
per_scenario[4].conditions[28].validation_totals.accepted,9
per_scenario[4].conditions[28].validation_totals.received,9
per_scenario[4].conditions[28].validation_totals.rejected,0
per_scenario[4].conditions[28].validation_warning_count,3
per_scenario[4].conditions[29].analysis_seconds,0.791237
per_scenario[4].conditions[29].catalog_family_metrics.f1,1.0
per_scenario[4].conditions[29].catalog_family_metrics.fn,0
per_scenario[4].conditions[29].catalog_family_metrics.fp,0
per_scenario[4].conditions[29].catalog_family_metrics.precision,1.0
per_scenario[4].conditions[29].catalog_family_metrics.recall,1.0
per_scenario[4].conditions[29].catalog_family_metrics.tp,1
per_scenario[4].conditions[29].finding_count,3
per_scenario[4].conditions[29].paired_delta_vs_control.family_set_changed,false
per_scenario[4].conditions[29].paired_delta_vs_control.finding_count_change,0
per_scenario[4].conditions[29].parameters.rate,0.5
per_scenario[4].conditions[29].parameters.seed,2
per_scenario[4].conditions[29].perturbation_ground_truth.cascaded_investigation_steps_removed,0
per_scenario[4].conditions[29].perturbation_ground_truth.dangling_references_after_omission.escalations_or_dispositions,0
per_scenario[4].conditions[29].perturbation_ground_truth.dangling_references_after_omission.investigation_steps,0
per_scenario[4].conditions[29].perturbation_ground_truth.eligible_records,11
per_scenario[4].conditions[29].perturbation_ground_truth.removed[0].row_index,0
per_scenario[4].conditions[29].perturbation_ground_truth.removed[1].row_index,1
per_scenario[4].conditions[29].perturbation_ground_truth.removed[2].row_index,0
per_scenario[4].conditions[29].perturbation_ground_truth.removed[3].row_index,2
per_scenario[4].conditions[29].perturbation_ground_truth.removed[4].row_index,3
per_scenario[4].conditions[29].perturbation_ground_truth.removed[5].row_index,4
per_scenario[4].conditions[29].recommendation_count,0
per_scenario[4].conditions[29].risk.total_score,5.62
per_scenario[4].conditions[29].traceability.evidence_reference_coverage,1.0
per_scenario[4].conditions[29].traceability.evidence_references,6
per_scenario[4].conditions[29].traceability.findings,3
per_scenario[4].conditions[29].traceability.findings_with_all_evidence_references_resolved,1
per_scenario[4].conditions[29].traceability.resolved_evidence_references,6
per_scenario[4].conditions[29].validation_matches_expected,true
per_scenario[4].conditions[29].validation_seconds,0.351468
per_scenario[4].conditions[29].validation_totals.accepted,9
per_scenario[4].conditions[29].validation_totals.received,9
per_scenario[4].conditions[29].validation_totals.rejected,0
per_scenario[4].conditions[29].validation_warning_count,3
per_scenario[4].conditions[30].paired_delta_vs_control,null
per_scenario[4].conditions[30].parameters.rate,0.5
per_scenario[4].conditions[30].parameters.seed,3
per_scenario[4].conditions[30].perturbation_ground_truth.dangling_references_after_omission.escalations_or_dispositions,0
per_scenario[4].conditions[30].perturbation_ground_truth.dangling_references_after_omission.investigation_steps,2
per_scenario[4].conditions[30].perturbation_ground_truth.eligible_records,11
per_scenario[4].conditions[30].perturbation_ground_truth.removed[0].row_index,0
per_scenario[4].conditions[30].perturbation_ground_truth.removed[1].row_index,1
per_scenario[4].conditions[30].perturbation_ground_truth.removed[2].row_index,0
per_scenario[4].conditions[30].perturbation_ground_truth.removed[3].row_index,1
per_scenario[4].conditions[30].perturbation_ground_truth.removed[4].row_index,3
per_scenario[4].conditions[30].perturbation_ground_truth.removed[5].row_index,5
per_scenario[4].conditions[30].validation_matches_expected,true
per_scenario[4].conditions[30].validation_seconds,0.359224
per_scenario[4].conditions[30].validation_totals.accepted,7
per_scenario[4].conditions[30].validation_totals.received,9
per_scenario[4].conditions[30].validation_totals.rejected,2
per_scenario[4].conditions[30].validation_warning_count,5
per_scenario[4].conditions[31].analysis_seconds,0.705591
per_scenario[4].conditions[31].catalog_family_metrics.f1,1.0
per_scenario[4].conditions[31].catalog_family_metrics.fn,0
per_scenario[4].conditions[31].catalog_family_metrics.fp,0
per_scenario[4].conditions[31].catalog_family_metrics.precision,1.0
per_scenario[4].conditions[31].catalog_family_metrics.recall,1.0
per_scenario[4].conditions[31].catalog_family_metrics.tp,1
per_scenario[4].conditions[31].finding_count,3
per_scenario[4].conditions[31].paired_delta_vs_control.family_set_changed,false
per_scenario[4].conditions[31].paired_delta_vs_control.finding_count_change,0
per_scenario[4].conditions[31].parameters.rate,0.5
per_scenario[4].conditions[31].parameters.seed,3
per_scenario[4].conditions[31].perturbation_ground_truth.cascaded_investigation_steps_removed,2
per_scenario[4].conditions[31].perturbation_ground_truth.dangling_references_after_omission.escalations_or_dispositions,0
per_scenario[4].conditions[31].perturbation_ground_truth.dangling_references_after_omission.investigation_steps,0
per_scenario[4].conditions[31].perturbation_ground_truth.eligible_records,11
per_scenario[4].conditions[31].perturbation_ground_truth.removed[0].row_index,0
per_scenario[4].conditions[31].perturbation_ground_truth.removed[1].row_index,1
per_scenario[4].conditions[31].perturbation_ground_truth.removed[2].row_index,0
per_scenario[4].conditions[31].perturbation_ground_truth.removed[3].row_index,1
per_scenario[4].conditions[31].perturbation_ground_truth.removed[4].row_index,3
per_scenario[4].conditions[31].perturbation_ground_truth.removed[5].row_index,5
per_scenario[4].conditions[31].recommendation_count,0
per_scenario[4].conditions[31].risk.total_score,5.62
per_scenario[4].conditions[31].traceability.evidence_reference_coverage,1.0
per_scenario[4].conditions[31].traceability.evidence_references,5
per_scenario[4].conditions[31].traceability.findings,3
per_scenario[4].conditions[31].traceability.findings_with_all_evidence_references_resolved,1
per_scenario[4].conditions[31].traceability.resolved_evidence_references,5
per_scenario[4].conditions[31].validation_matches_expected,true
per_scenario[4].conditions[31].validation_seconds,0.344963
per_scenario[4].conditions[31].validation_totals.accepted,7
per_scenario[4].conditions[31].validation_totals.received,7
per_scenario[4].conditions[31].validation_totals.rejected,0
per_scenario[4].conditions[31].validation_warning_count,5
per_scenario[4].conditions[32].analysis_seconds,1.000423
per_scenario[4].conditions[32].catalog_family_metrics.f1,1.0
per_scenario[4].conditions[32].catalog_family_metrics.fn,0
per_scenario[4].conditions[32].catalog_family_metrics.fp,0
per_scenario[4].conditions[32].catalog_family_metrics.precision,1.0
per_scenario[4].conditions[32].catalog_family_metrics.recall,1.0
per_scenario[4].conditions[32].catalog_family_metrics.tp,1
per_scenario[4].conditions[32].finding_count,3
per_scenario[4].conditions[32].paired_delta_vs_control.family_set_changed,false
per_scenario[4].conditions[32].paired_delta_vs_control.finding_count_change,0
per_scenario[4].conditions[32].parameters.rate,0.5
per_scenario[4].conditions[32].parameters.seed,4
per_scenario[4].conditions[32].perturbation_ground_truth.dangling_references_after_omission.escalations_or_dispositions,0
per_scenario[4].conditions[32].perturbation_ground_truth.dangling_references_after_omission.investigation_steps,0
per_scenario[4].conditions[32].perturbation_ground_truth.eligible_records,11
per_scenario[4].conditions[32].perturbation_ground_truth.removed[0].row_index,0
per_scenario[4].conditions[32].perturbation_ground_truth.removed[1].row_index,1
per_scenario[4].conditions[32].perturbation_ground_truth.removed[2].row_index,0
per_scenario[4].conditions[32].perturbation_ground_truth.removed[3].row_index,2
per_scenario[4].conditions[32].perturbation_ground_truth.removed[4].row_index,3
per_scenario[4].conditions[32].perturbation_ground_truth.removed[5].row_index,5
per_scenario[4].conditions[32].recommendation_count,0
per_scenario[4].conditions[32].risk.total_score,5.62
per_scenario[4].conditions[32].traceability.evidence_reference_coverage,1.0
per_scenario[4].conditions[32].traceability.evidence_references,6
per_scenario[4].conditions[32].traceability.findings,3
per_scenario[4].conditions[32].traceability.findings_with_all_evidence_references_resolved,1
per_scenario[4].conditions[32].traceability.resolved_evidence_references,6
per_scenario[4].conditions[32].validation_matches_expected,true
per_scenario[4].conditions[32].validation_seconds,0.370315
per_scenario[4].conditions[32].validation_totals.accepted,9
per_scenario[4].conditions[32].validation_totals.received,9
per_scenario[4].conditions[32].validation_totals.rejected,0
per_scenario[4].conditions[32].validation_warning_count,3
per_scenario[4].conditions[33].analysis_seconds,0.715669
per_scenario[4].conditions[33].catalog_family_metrics.f1,1.0
per_scenario[4].conditions[33].catalog_family_metrics.fn,0
per_scenario[4].conditions[33].catalog_family_metrics.fp,0
per_scenario[4].conditions[33].catalog_family_metrics.precision,1.0
per_scenario[4].conditions[33].catalog_family_metrics.recall,1.0
per_scenario[4].conditions[33].catalog_family_metrics.tp,1
per_scenario[4].conditions[33].finding_count,3
per_scenario[4].conditions[33].paired_delta_vs_control.family_set_changed,false
per_scenario[4].conditions[33].paired_delta_vs_control.finding_count_change,0
per_scenario[4].conditions[33].parameters.rate,0.5
per_scenario[4].conditions[33].parameters.seed,4
per_scenario[4].conditions[33].perturbation_ground_truth.cascaded_investigation_steps_removed,0
per_scenario[4].conditions[33].perturbation_ground_truth.dangling_references_after_omission.escalations_or_dispositions,0
per_scenario[4].conditions[33].perturbation_ground_truth.dangling_references_after_omission.investigation_steps,0
per_scenario[4].conditions[33].perturbation_ground_truth.eligible_records,11
per_scenario[4].conditions[33].perturbation_ground_truth.removed[0].row_index,0
per_scenario[4].conditions[33].perturbation_ground_truth.removed[1].row_index,1
per_scenario[4].conditions[33].perturbation_ground_truth.removed[2].row_index,0
per_scenario[4].conditions[33].perturbation_ground_truth.removed[3].row_index,2
per_scenario[4].conditions[33].perturbation_ground_truth.removed[4].row_index,3
per_scenario[4].conditions[33].perturbation_ground_truth.removed[5].row_index,5
per_scenario[4].conditions[33].recommendation_count,0
per_scenario[4].conditions[33].risk.total_score,5.62
per_scenario[4].conditions[33].traceability.evidence_reference_coverage,1.0
per_scenario[4].conditions[33].traceability.evidence_references,6
per_scenario[4].conditions[33].traceability.findings,3
per_scenario[4].conditions[33].traceability.findings_with_all_evidence_references_resolved,1
per_scenario[4].conditions[33].traceability.resolved_evidence_references,6
per_scenario[4].conditions[33].validation_matches_expected,true
per_scenario[4].conditions[33].validation_seconds,0.334513
per_scenario[4].conditions[33].validation_totals.accepted,9
per_scenario[4].conditions[33].validation_totals.received,9
per_scenario[4].conditions[33].validation_totals.rejected,0
per_scenario[4].conditions[33].validation_warning_count,3
per_scenario[4].conditions[34].paired_delta_vs_control,null
per_scenario[4].conditions[34].perturbation_ground_truth.byte_identical,true
per_scenario[4].conditions[34].validation_matches_expected,true
per_scenario[4].conditions[34].validation_seconds,0.334165
per_scenario[4].conditions[34].validation_totals.accepted,0
per_scenario[4].conditions[34].validation_totals.received,16
per_scenario[4].conditions[34].validation_totals.rejected,1
per_scenario[4].conditions[34].validation_warning_count,0
per_scenario[4].conditions[35].paired_delta_vs_control,null
per_scenario[4].conditions[35].validation_matches_expected,true
per_scenario[4].conditions[35].validation_seconds,0.335839
per_scenario[4].conditions[35].validation_totals.accepted,15
per_scenario[4].conditions[35].validation_totals.received,16
per_scenario[4].conditions[35].validation_totals.rejected,1
per_scenario[4].conditions[35].validation_warning_count,0
per_scenario[4].conditions[36].paired_delta_vs_control,null
per_scenario[4].conditions[36].perturbation_ground_truth.byte_identical,true
per_scenario[4].conditions[36].validation_matches_expected,true
per_scenario[4].conditions[36].validation_seconds,0.337839
per_scenario[4].conditions[36].validation_totals.accepted,0
per_scenario[4].conditions[36].validation_totals.received,16
per_scenario[4].conditions[36].validation_totals.rejected,1
per_scenario[4].conditions[36].validation_warning_count,0
per_scenario[4].conditions[37].paired_delta_vs_control,null
per_scenario[4].conditions[37].validation_matches_expected,true
per_scenario[4].conditions[37].validation_seconds,0.318098
per_scenario[4].conditions[37].validation_totals.accepted,15
per_scenario[4].conditions[37].validation_totals.received,16
per_scenario[4].conditions[37].validation_totals.rejected,1
per_scenario[4].conditions[37].validation_warning_count,0
per_scenario[4].conditions[38].paired_delta_vs_control,null
per_scenario[4].conditions[38].perturbation_ground_truth.byte_identical,true
per_scenario[4].conditions[38].validation_matches_expected,true
per_scenario[4].conditions[38].validation_seconds,0.323101
per_scenario[4].conditions[38].validation_totals.accepted,0
per_scenario[4].conditions[38].validation_totals.received,16
per_scenario[4].conditions[38].validation_totals.rejected,1
per_scenario[4].conditions[38].validation_warning_count,0
per_scenario[4].conditions[39].analysis_seconds,0.667608
per_scenario[4].conditions[39].catalog_family_metrics.f1,0.6667
per_scenario[4].conditions[39].catalog_family_metrics.fn,0
per_scenario[4].conditions[39].catalog_family_metrics.fp,1
per_scenario[4].conditions[39].catalog_family_metrics.precision,0.5
per_scenario[4].conditions[39].catalog_family_metrics.recall,1.0
per_scenario[4].conditions[39].catalog_family_metrics.tp,1
per_scenario[4].conditions[39].finding_count,4
per_scenario[4].conditions[39].paired_delta_vs_control.family_set_changed,true
per_scenario[4].conditions[39].paired_delta_vs_control.finding_count_change,1
per_scenario[4].conditions[39].paired_delta_vs_control.risk_fields_changed.total_score.control,5.62
per_scenario[4].conditions[39].paired_delta_vs_control.risk_fields_changed.total_score.perturbed,8.18
per_scenario[4].conditions[39].perturbation_ground_truth.sequence_offset,100
per_scenario[4].conditions[39].recommendation_count,0
per_scenario[4].conditions[39].risk.total_score,8.18
per_scenario[4].conditions[39].traceability.evidence_reference_coverage,1.0
per_scenario[4].conditions[39].traceability.evidence_references,7
per_scenario[4].conditions[39].traceability.findings,4
per_scenario[4].conditions[39].traceability.findings_with_all_evidence_references_resolved,2
per_scenario[4].conditions[39].traceability.resolved_evidence_references,7
per_scenario[4].conditions[39].validation_matches_expected,true
per_scenario[4].conditions[39].validation_seconds,0.327509
per_scenario[4].conditions[39].validation_totals.accepted,16
per_scenario[4].conditions[39].validation_totals.received,16
per_scenario[4].conditions[39].validation_totals.rejected,0
per_scenario[4].conditions[39].validation_warning_count,0
per_scenario[4].conditions[40].expected_validation,null
per_scenario[4].conditions[40].paired_delta_vs_control,null
per_scenario[4].conditions[40].validation_matches_expected,null
per_scenario[4].conditions[40].validation_status,null
per_scenario[4].conditions[41].paired_delta_vs_control,null
per_scenario[4].conditions[41].validation_matches_expected,true
per_scenario[4].conditions[41].validation_seconds,0.329358
per_scenario[4].conditions[41].validation_totals.accepted,14
per_scenario[4].conditions[41].validation_totals.received,15
per_scenario[4].conditions[41].validation_totals.rejected,1
per_scenario[4].conditions[41].validation_warning_count,1
per_scenario[4].conditions[42].paired_delta_vs_control,null
per_scenario[4].conditions[42].validation_matches_expected,true
per_scenario[4].conditions[42].validation_seconds,0.323558
per_scenario[4].conditions[42].validation_totals.accepted,14
per_scenario[4].conditions[42].validation_totals.received,15
per_scenario[4].conditions[42].validation_totals.rejected,1
per_scenario[4].conditions[42].validation_warning_count,1
per_scenario[4].conditions[43].paired_delta_vs_control,null
per_scenario[4].conditions[43].validation_matches_expected,true
per_scenario[4].conditions[43].validation_seconds,0.309765
per_scenario[4].conditions[43].validation_totals.accepted,0
per_scenario[4].conditions[43].validation_totals.received,11
per_scenario[4].conditions[43].validation_totals.rejected,0
per_scenario[4].conditions[43].validation_warning_count,0
per_scenario[4].conditions[44].analysis_seconds,0.934922
per_scenario[4].conditions[44].catalog_family_metrics.f1,1.0
per_scenario[4].conditions[44].catalog_family_metrics.fn,0
per_scenario[4].conditions[44].catalog_family_metrics.fp,0
per_scenario[4].conditions[44].catalog_family_metrics.precision,1.0
per_scenario[4].conditions[44].catalog_family_metrics.recall,1.0
per_scenario[4].conditions[44].catalog_family_metrics.tp,1
per_scenario[4].conditions[44].expected_validation,null
per_scenario[4].conditions[44].finding_count,3
per_scenario[4].conditions[44].paired_delta_vs_control.family_set_changed,false
per_scenario[4].conditions[44].paired_delta_vs_control.finding_count_change,0
per_scenario[4].conditions[44].parameters.shift_seconds,-87400.0
per_scenario[4].conditions[44].perturbation_ground_truth.shift_seconds,-87400.0
per_scenario[4].conditions[44].recommendation_count,0
per_scenario[4].conditions[44].risk.total_score,5.62
per_scenario[4].conditions[44].traceability.evidence_reference_coverage,1.0
per_scenario[4].conditions[44].traceability.evidence_references,6
per_scenario[4].conditions[44].traceability.findings,3
per_scenario[4].conditions[44].traceability.findings_with_all_evidence_references_resolved,1
per_scenario[4].conditions[44].traceability.resolved_evidence_references,6
per_scenario[4].conditions[44].validation_matches_expected,null
per_scenario[4].conditions[44].validation_seconds,0.325918
per_scenario[4].conditions[44].validation_totals.accepted,15
per_scenario[4].conditions[44].validation_totals.received,15
per_scenario[4].conditions[44].validation_totals.rejected,0
per_scenario[4].conditions[44].validation_warning_count,0
per_scenario[4].conditions[45].analysis_seconds,0.740414
per_scenario[4].conditions[45].catalog_family_metrics.f1,1.0
per_scenario[4].conditions[45].catalog_family_metrics.fn,0
per_scenario[4].conditions[45].catalog_family_metrics.fp,0
per_scenario[4].conditions[45].catalog_family_metrics.precision,1.0
per_scenario[4].conditions[45].catalog_family_metrics.recall,1.0
per_scenario[4].conditions[45].catalog_family_metrics.tp,1
per_scenario[4].conditions[45].expected_validation,null
per_scenario[4].conditions[45].finding_count,3
per_scenario[4].conditions[45].paired_delta_vs_control.family_set_changed,false
per_scenario[4].conditions[45].paired_delta_vs_control.finding_count_change,0
per_scenario[4].conditions[45].parameters.shift_seconds,-3456000.0
per_scenario[4].conditions[45].perturbation_ground_truth.shift_seconds,-3456000.0
per_scenario[4].conditions[45].recommendation_count,0
per_scenario[4].conditions[45].risk.total_score,5.62
per_scenario[4].conditions[45].traceability.evidence_reference_coverage,1.0
per_scenario[4].conditions[45].traceability.evidence_references,6
per_scenario[4].conditions[45].traceability.findings,3
per_scenario[4].conditions[45].traceability.findings_with_all_evidence_references_resolved,1
per_scenario[4].conditions[45].traceability.resolved_evidence_references,6
per_scenario[4].conditions[45].validation_matches_expected,null
per_scenario[4].conditions[45].validation_seconds,0.326193
per_scenario[4].conditions[45].validation_totals.accepted,15
per_scenario[4].conditions[45].validation_totals.received,15
per_scenario[4].conditions[45].validation_totals.rejected,0
per_scenario[4].conditions[45].validation_warning_count,0
per_scenario[4].conditions[46].analysis_seconds,0.494247
per_scenario[4].conditions[46].catalog_family_metrics.f1,1.0
per_scenario[4].conditions[46].catalog_family_metrics.fn,0
per_scenario[4].conditions[46].catalog_family_metrics.fp,0
per_scenario[4].conditions[46].catalog_family_metrics.precision,1.0
per_scenario[4].conditions[46].catalog_family_metrics.recall,1.0
per_scenario[4].conditions[46].catalog_family_metrics.tp,1
per_scenario[4].conditions[46].expected_validation,null
per_scenario[4].conditions[46].finding_count,3
per_scenario[4].conditions[46].paired_delta_vs_control.family_set_changed,false
per_scenario[4].conditions[46].paired_delta_vs_control.finding_count_change,0
per_scenario[4].conditions[46].parameters.shift_seconds,2677400.0
per_scenario[4].conditions[46].perturbation_ground_truth.shift_seconds,2677400.0
per_scenario[4].conditions[46].recommendation_count,0
per_scenario[4].conditions[46].risk.total_score,5.62
per_scenario[4].conditions[46].traceability.evidence_reference_coverage,1.0
per_scenario[4].conditions[46].traceability.evidence_references,6
per_scenario[4].conditions[46].traceability.findings,3
per_scenario[4].conditions[46].traceability.findings_with_all_evidence_references_resolved,1
per_scenario[4].conditions[46].traceability.resolved_evidence_references,6
per_scenario[4].conditions[46].validation_matches_expected,null
per_scenario[4].conditions[46].validation_seconds,0.333245
per_scenario[4].conditions[46].validation_totals.accepted,15
per_scenario[4].conditions[46].validation_totals.received,15
per_scenario[4].conditions[46].validation_totals.rejected,0
per_scenario[4].conditions[46].validation_warning_count,0
per_scenario[4].conditions[47].expected_validation,null
per_scenario[4].conditions[47].paired_delta_vs_control,null
per_scenario[4].conditions[47].validation_matches_expected,null
per_scenario[4].conditions[47].validation_status,null
per_scenario[4].conditions[48].analysis_seconds,0.789652
per_scenario[4].conditions[48].catalog_family_metrics.f1,1.0
per_scenario[4].conditions[48].catalog_family_metrics.fn,0
per_scenario[4].conditions[48].catalog_family_metrics.fp,0
per_scenario[4].conditions[48].catalog_family_metrics.precision,1.0
per_scenario[4].conditions[48].catalog_family_metrics.recall,1.0
per_scenario[4].conditions[48].catalog_family_metrics.tp,1
per_scenario[4].conditions[48].finding_count,3
per_scenario[4].conditions[48].paired_delta_vs_control.family_set_changed,false
per_scenario[4].conditions[48].paired_delta_vs_control.finding_count_change,0
per_scenario[4].conditions[48].recommendation_count,0
per_scenario[4].conditions[48].risk.total_score,5.62
per_scenario[4].conditions[48].traceability.evidence_reference_coverage,1.0
per_scenario[4].conditions[48].traceability.evidence_references,6
per_scenario[4].conditions[48].traceability.findings,3
per_scenario[4].conditions[48].traceability.findings_with_all_evidence_references_resolved,1
per_scenario[4].conditions[48].traceability.resolved_evidence_references,6
per_scenario[4].conditions[48].validation_matches_expected,true
per_scenario[4].conditions[48].validation_seconds,0.34782
per_scenario[4].conditions[48].validation_totals.accepted,15
per_scenario[4].conditions[48].validation_totals.received,15
per_scenario[4].conditions[48].validation_totals.rejected,0
per_scenario[4].conditions[48].validation_warning_count,0
per_scenario[4].conditions[49].expected_validation,null
per_scenario[4].conditions[49].paired_delta_vs_control,null
per_scenario[4].conditions[49].validation_matches_expected,null
per_scenario[4].conditions[49].validation_status,null
per_scenario[4].conditions[50].paired_delta_vs_control,null
per_scenario[4].conditions[50].perturbation_ground_truth.closed_at,1735693300.0
per_scenario[4].conditions[50].validation_matches_expected,true
per_scenario[4].conditions[50].validation_seconds,0.343934
per_scenario[4].conditions[50].validation_totals.accepted,11
per_scenario[4].conditions[50].validation_totals.received,15
per_scenario[4].conditions[50].validation_totals.rejected,4
per_scenario[4].conditions[50].validation_warning_count,0
per_scenario[4].control_vs_catalog.f1,1.0
per_scenario[4].control_vs_catalog.fn,0
per_scenario[4].control_vs_catalog.fp,0
per_scenario[4].control_vs_catalog.precision,1.0
per_scenario[4].control_vs_catalog.recall,1.0
per_scenario[4].control_vs_catalog.tp,1
performance.total_elapsed_seconds,328.158619
record_omission_by_rate.omit_records:0.10.completed_analyses,22
record_omission_by_rate.omit_records:0.10.families_added_per_run.max,0
record_omission_by_rate.omit_records:0.10.families_added_per_run.mean,0.0
record_omission_by_rate.omit_records:0.10.families_added_per_run.min,0
record_omission_by_rate.omit_records:0.10.families_added_per_run.n,22
record_omission_by_rate.omit_records:0.10.families_removed_per_run.max,0
record_omission_by_rate.omit_records:0.10.families_removed_per_run.mean,0.0
record_omission_by_rate.omit_records:0.10.families_removed_per_run.min,0
record_omission_by_rate.omit_records:0.10.families_removed_per_run.n,22
record_omission_by_rate.omit_records:0.10.family_set_changed,0
record_omission_by_rate.omit_records:0.10.rejected_by_validation,3
record_omission_by_rate.omit_records:0.10.replicates,25
record_omission_by_rate.omit_records:0.25.completed_analyses,14
record_omission_by_rate.omit_records:0.25.families_added_per_run.max,1
record_omission_by_rate.omit_records:0.25.families_added_per_run.mean,0.2143
record_omission_by_rate.omit_records:0.25.families_added_per_run.min,0
record_omission_by_rate.omit_records:0.25.families_added_per_run.n,14
record_omission_by_rate.omit_records:0.25.families_removed_per_run.max,1
record_omission_by_rate.omit_records:0.25.families_removed_per_run.mean,0.1429
record_omission_by_rate.omit_records:0.25.families_removed_per_run.min,0
record_omission_by_rate.omit_records:0.25.families_removed_per_run.n,14
record_omission_by_rate.omit_records:0.25.family_set_changed,4
record_omission_by_rate.omit_records:0.25.rejected_by_validation,11
record_omission_by_rate.omit_records:0.25.replicates,25
record_omission_by_rate.omit_records:0.50.completed_analyses,11
record_omission_by_rate.omit_records:0.50.families_added_per_run.max,2
record_omission_by_rate.omit_records:0.50.families_added_per_run.mean,0.4545
record_omission_by_rate.omit_records:0.50.families_added_per_run.min,0
record_omission_by_rate.omit_records:0.50.families_added_per_run.n,11
record_omission_by_rate.omit_records:0.50.families_removed_per_run.max,1
record_omission_by_rate.omit_records:0.50.families_removed_per_run.mean,0.0909
record_omission_by_rate.omit_records:0.50.families_removed_per_run.min,0
record_omission_by_rate.omit_records:0.50.families_removed_per_run.n,11
record_omission_by_rate.omit_records:0.50.family_set_changed,4
record_omission_by_rate.omit_records:0.50.rejected_by_validation,14
record_omission_by_rate.omit_records:0.50.replicates,25
record_omission_by_rate.omit_records_cascade:0.10.completed_analyses,25
record_omission_by_rate.omit_records_cascade:0.10.families_added_per_run.max,2
record_omission_by_rate.omit_records_cascade:0.10.families_added_per_run.mean,0.08
record_omission_by_rate.omit_records_cascade:0.10.families_added_per_run.min,0
record_omission_by_rate.omit_records_cascade:0.10.families_added_per_run.n,25
record_omission_by_rate.omit_records_cascade:0.10.families_removed_per_run.max,1
record_omission_by_rate.omit_records_cascade:0.10.families_removed_per_run.mean,0.04
record_omission_by_rate.omit_records_cascade:0.10.families_removed_per_run.min,0
record_omission_by_rate.omit_records_cascade:0.10.families_removed_per_run.n,25
record_omission_by_rate.omit_records_cascade:0.10.family_set_changed,1
record_omission_by_rate.omit_records_cascade:0.10.rejected_by_validation,0
record_omission_by_rate.omit_records_cascade:0.10.replicates,25
record_omission_by_rate.omit_records_cascade:0.25.completed_analyses,25
record_omission_by_rate.omit_records_cascade:0.25.families_added_per_run.max,5
record_omission_by_rate.omit_records_cascade:0.25.families_added_per_run.mean,0.76
record_omission_by_rate.omit_records_cascade:0.25.families_added_per_run.min,0
record_omission_by_rate.omit_records_cascade:0.25.families_added_per_run.n,25
record_omission_by_rate.omit_records_cascade:0.25.families_removed_per_run.max,1
record_omission_by_rate.omit_records_cascade:0.25.families_removed_per_run.mean,0.32
record_omission_by_rate.omit_records_cascade:0.25.families_removed_per_run.min,0
record_omission_by_rate.omit_records_cascade:0.25.families_removed_per_run.n,25
record_omission_by_rate.omit_records_cascade:0.25.family_set_changed,11
record_omission_by_rate.omit_records_cascade:0.25.rejected_by_validation,0
record_omission_by_rate.omit_records_cascade:0.25.replicates,25
record_omission_by_rate.omit_records_cascade:0.50.completed_analyses,25
record_omission_by_rate.omit_records_cascade:0.50.families_added_per_run.max,5
record_omission_by_rate.omit_records_cascade:0.50.families_added_per_run.mean,1.56
record_omission_by_rate.omit_records_cascade:0.50.families_added_per_run.min,0
record_omission_by_rate.omit_records_cascade:0.50.families_added_per_run.n,25
record_omission_by_rate.omit_records_cascade:0.50.families_removed_per_run.max,1
record_omission_by_rate.omit_records_cascade:0.50.families_removed_per_run.mean,0.32
record_omission_by_rate.omit_records_cascade:0.50.families_removed_per_run.min,0
record_omission_by_rate.omit_records_cascade:0.50.families_removed_per_run.n,25
record_omission_by_rate.omit_records_cascade:0.50.family_set_changed,15
record_omission_by_rate.omit_records_cascade:0.50.rejected_by_validation,0
record_omission_by_rate.omit_records_cascade:0.50.replicates,25
validation_contract_conformance.by_family.conflict.completed_analyses,13
validation_contract_conformance.by_family.conflict.conditions,18
validation_contract_conformance.by_family.conflict.family_set_changed_vs_control,4
validation_contract_conformance.by_family.conflict.matches_expected,18
validation_contract_conformance.by_family.conflict.mismatches_expected,0
validation_contract_conformance.by_family.conflict.no_declared_expectation,0
validation_contract_conformance.by_family.conflict.validation_status_counts.invalid,5
validation_contract_conformance.by_family.conflict.validation_status_counts.valid,13
validation_contract_conformance.by_family.conflict.withheld_invalid_findings,0
validation_contract_conformance.by_family.control.completed_analyses,5
validation_contract_conformance.by_family.control.conditions,5
validation_contract_conformance.by_family.control.family_set_changed_vs_control,0
validation_contract_conformance.by_family.control.matches_expected,5
validation_contract_conformance.by_family.control.mismatches_expected,0
validation_contract_conformance.by_family.control.no_declared_expectation,0
validation_contract_conformance.by_family.control.validation_status_counts.valid,5
validation_contract_conformance.by_family.control.withheld_invalid_findings,0
validation_contract_conformance.by_family.duplication.completed_analyses,9
validation_contract_conformance.by_family.duplication.conditions,34
validation_contract_conformance.by_family.duplication.family_set_changed_vs_control,5
validation_contract_conformance.by_family.duplication.matches_expected,34
validation_contract_conformance.by_family.duplication.mismatches_expected,0
validation_contract_conformance.by_family.duplication.no_declared_expectation,0
validation_contract_conformance.by_family.duplication.validation_status_counts.invalid,25
validation_contract_conformance.by_family.duplication.validation_status_counts.valid,9
validation_contract_conformance.by_family.duplication.withheld_invalid_findings,0
validation_contract_conformance.by_family.malformation.completed_analyses,0
validation_contract_conformance.by_family.malformation.conditions,15
validation_contract_conformance.by_family.malformation.family_set_changed_vs_control,0
validation_contract_conformance.by_family.malformation.matches_expected,15
validation_contract_conformance.by_family.malformation.mismatches_expected,0
validation_contract_conformance.by_family.malformation.no_declared_expectation,0
validation_contract_conformance.by_family.malformation.validation_status_counts.invalid,15
validation_contract_conformance.by_family.malformation.withheld_invalid_findings,0
validation_contract_conformance.by_family.missingness.completed_analyses,140
validation_contract_conformance.by_family.missingness.conditions,173
validation_contract_conformance.by_family.missingness.family_set_changed_vs_control,43
validation_contract_conformance.by_family.missingness.matches_expected,173
validation_contract_conformance.by_family.missingness.mismatches_expected,0
validation_contract_conformance.by_family.missingness.no_declared_expectation,0
validation_contract_conformance.by_family.missingness.validation_status_counts.invalid,33
validation_contract_conformance.by_family.missingness.validation_status_counts.valid,140
validation_contract_conformance.by_family.missingness.withheld_invalid_findings,0
validation_contract_conformance.by_family.staleness.completed_analyses,15
validation_contract_conformance.by_family.staleness.conditions,15
validation_contract_conformance.by_family.staleness.family_set_changed_vs_control,0
validation_contract_conformance.by_family.staleness.matches_expected,0
validation_contract_conformance.by_family.staleness.mismatches_expected,0
validation_contract_conformance.by_family.staleness.no_declared_expectation,15
validation_contract_conformance.by_family.staleness.validation_status_counts.valid,15
validation_contract_conformance.by_family.staleness.withheld_invalid_findings,0
validation_contract_conformance.by_kind.chronology_violation.completed_analyses,0
validation_contract_conformance.by_kind.chronology_violation.conditions,5
validation_contract_conformance.by_kind.chronology_violation.family_set_changed_vs_control,0
validation_contract_conformance.by_kind.chronology_violation.matches_expected,5
validation_contract_conformance.by_kind.chronology_violation.mismatches_expected,0
validation_contract_conformance.by_kind.chronology_violation.no_declared_expectation,0
validation_contract_conformance.by_kind.chronology_violation.validation_status_counts.invalid,5
validation_contract_conformance.by_kind.chronology_violation.withheld_invalid_findings,0
validation_contract_conformance.by_kind.conflict.completed_analyses,13
validation_contract_conformance.by_kind.conflict.conditions,18
validation_contract_conformance.by_kind.conflict.family_set_changed_vs_control,4
validation_contract_conformance.by_kind.conflict.matches_expected,18
validation_contract_conformance.by_kind.conflict.mismatches_expected,0
validation_contract_conformance.by_kind.conflict.no_declared_expectation,0
validation_contract_conformance.by_kind.conflict.validation_status_counts.invalid,5
validation_contract_conformance.by_kind.conflict.validation_status_counts.valid,13
validation_contract_conformance.by_kind.conflict.withheld_invalid_findings,0
validation_contract_conformance.by_kind.control.completed_analyses,5
validation_contract_conformance.by_kind.control.conditions,5
validation_contract_conformance.by_kind.control.family_set_changed_vs_control,0
validation_contract_conformance.by_kind.control.matches_expected,5
validation_contract_conformance.by_kind.control.mismatches_expected,0
validation_contract_conformance.by_kind.control.no_declared_expectation,0
validation_contract_conformance.by_kind.control.validation_status_counts.valid,5
validation_contract_conformance.by_kind.control.withheld_invalid_findings,0
validation_contract_conformance.by_kind.duplicate_conflicting.completed_analyses,0
validation_contract_conformance.by_kind.duplicate_conflicting.conditions,10
validation_contract_conformance.by_kind.duplicate_conflicting.family_set_changed_vs_control,0
validation_contract_conformance.by_kind.duplicate_conflicting.matches_expected,10
validation_contract_conformance.by_kind.duplicate_conflicting.mismatches_expected,0
validation_contract_conformance.by_kind.duplicate_conflicting.no_declared_expectation,0
validation_contract_conformance.by_kind.duplicate_conflicting.validation_status_counts.invalid,10
validation_contract_conformance.by_kind.duplicate_conflicting.withheld_invalid_findings,0
validation_contract_conformance.by_kind.duplicate_exact.completed_analyses,0
validation_contract_conformance.by_kind.duplicate_exact.conditions,15
validation_contract_conformance.by_kind.duplicate_exact.family_set_changed_vs_control,0
validation_contract_conformance.by_kind.duplicate_exact.matches_expected,15
validation_contract_conformance.by_kind.duplicate_exact.mismatches_expected,0
validation_contract_conformance.by_kind.duplicate_exact.no_declared_expectation,0
validation_contract_conformance.by_kind.duplicate_exact.validation_status_counts.invalid,15
validation_contract_conformance.by_kind.duplicate_exact.withheld_invalid_findings,0
validation_contract_conformance.by_kind.duplicate_near.completed_analyses,9
validation_contract_conformance.by_kind.duplicate_near.conditions,9
validation_contract_conformance.by_kind.duplicate_near.family_set_changed_vs_control,5
validation_contract_conformance.by_kind.duplicate_near.matches_expected,9
validation_contract_conformance.by_kind.duplicate_near.mismatches_expected,0
validation_contract_conformance.by_kind.duplicate_near.no_declared_expectation,0
validation_contract_conformance.by_kind.duplicate_near.validation_status_counts.valid,9
validation_contract_conformance.by_kind.duplicate_near.withheld_invalid_findings,0
validation_contract_conformance.by_kind.malformed_timestamp.completed_analyses,0
validation_contract_conformance.by_kind.malformed_timestamp.conditions,5
validation_contract_conformance.by_kind.malformed_timestamp.family_set_changed_vs_control,0
validation_contract_conformance.by_kind.malformed_timestamp.matches_expected,5
validation_contract_conformance.by_kind.malformed_timestamp.mismatches_expected,0
validation_contract_conformance.by_kind.malformed_timestamp.no_declared_expectation,0
validation_contract_conformance.by_kind.malformed_timestamp.validation_status_counts.invalid,5
validation_contract_conformance.by_kind.malformed_timestamp.withheld_invalid_findings,0
validation_contract_conformance.by_kind.missing_required_column.completed_analyses,0
validation_contract_conformance.by_kind.missing_required_column.conditions,5
validation_contract_conformance.by_kind.missing_required_column.family_set_changed_vs_control,0
validation_contract_conformance.by_kind.missing_required_column.matches_expected,5
validation_contract_conformance.by_kind.missing_required_column.mismatches_expected,0
validation_contract_conformance.by_kind.missing_required_column.no_declared_expectation,0
validation_contract_conformance.by_kind.missing_required_column.validation_status_counts.invalid,5
validation_contract_conformance.by_kind.missing_required_column.withheld_invalid_findings,0
validation_contract_conformance.by_kind.omit_category.completed_analyses,18
validation_contract_conformance.by_kind.omit_category.conditions,23
validation_contract_conformance.by_kind.omit_category.family_set_changed_vs_control,8
validation_contract_conformance.by_kind.omit_category.matches_expected,23
validation_contract_conformance.by_kind.omit_category.mismatches_expected,0
validation_contract_conformance.by_kind.omit_category.no_declared_expectation,0
validation_contract_conformance.by_kind.omit_category.validation_status_counts.invalid,5
validation_contract_conformance.by_kind.omit_category.validation_status_counts.valid,18
validation_contract_conformance.by_kind.omit_category.withheld_invalid_findings,0
validation_contract_conformance.by_kind.omit_records.completed_analyses,47
validation_contract_conformance.by_kind.omit_records.conditions,75
validation_contract_conformance.by_kind.omit_records.family_set_changed_vs_control,8
validation_contract_conformance.by_kind.omit_records.matches_expected,75
validation_contract_conformance.by_kind.omit_records.mismatches_expected,0
validation_contract_conformance.by_kind.omit_records.no_declared_expectation,0
validation_contract_conformance.by_kind.omit_records.validation_status_counts.invalid,28
validation_contract_conformance.by_kind.omit_records.validation_status_counts.valid,47
validation_contract_conformance.by_kind.omit_records.withheld_invalid_findings,0
validation_contract_conformance.by_kind.omit_records_cascade.completed_analyses,75
validation_contract_conformance.by_kind.omit_records_cascade.conditions,75
validation_contract_conformance.by_kind.omit_records_cascade.family_set_changed_vs_control,27
validation_contract_conformance.by_kind.omit_records_cascade.matches_expected,75
validation_contract_conformance.by_kind.omit_records_cascade.mismatches_expected,0
validation_contract_conformance.by_kind.omit_records_cascade.no_declared_expectation,0
validation_contract_conformance.by_kind.omit_records_cascade.validation_status_counts.valid,75
validation_contract_conformance.by_kind.omit_records_cascade.withheld_invalid_findings,0
validation_contract_conformance.by_kind.stale.completed_analyses,15
validation_contract_conformance.by_kind.stale.conditions,15
validation_contract_conformance.by_kind.stale.family_set_changed_vs_control,0
validation_contract_conformance.by_kind.stale.matches_expected,0
validation_contract_conformance.by_kind.stale.mismatches_expected,0
validation_contract_conformance.by_kind.stale.no_declared_expectation,15
validation_contract_conformance.by_kind.stale.validation_status_counts.valid,15
validation_contract_conformance.by_kind.stale.withheld_invalid_findings,0
validation_contract_conformance.conditions_with_expectation,245
validation_contract_conformance.matches,245
validation_contract_conformance.not_applicable,3
