metric,value
analytics_identical_across_modes.all_modes_findings_and_risk,true
analytics_identical_across_modes.direct_vs_graph_all_outputs,true
comparisons.graph_vs_direct_db_operations.baseline.max,420.0
comparisons.graph_vs_direct_db_operations.baseline.mean,420.0
comparisons.graph_vs_direct_db_operations.baseline.median,420.0
comparisons.graph_vs_direct_db_operations.baseline.min,420.0
comparisons.graph_vs_direct_db_operations.baseline.n,30
comparisons.graph_vs_direct_db_operations.baseline.p95,420.0
comparisons.graph_vs_direct_db_operations.baseline.p95_note,null
comparisons.graph_vs_direct_db_operations.median_difference,38.0
comparisons.graph_vs_direct_db_operations.median_difference_interval.confidence,0.95
comparisons.graph_vs_direct_db_operations.median_difference_interval.lower,38.0
comparisons.graph_vs_direct_db_operations.median_difference_interval.resamples,10000
comparisons.graph_vs_direct_db_operations.median_difference_interval.seed,2
comparisons.graph_vs_direct_db_operations.median_difference_interval.upper,38.0
comparisons.graph_vs_direct_db_operations.n_pairs,30
comparisons.graph_vs_direct_db_operations.relative_median_difference,0.090476
comparisons.graph_vs_direct_db_operations.relative_note,null
comparisons.graph_vs_direct_db_operations.treatment.max,458.0
comparisons.graph_vs_direct_db_operations.treatment.mean,458.0
comparisons.graph_vs_direct_db_operations.treatment.median,458.0
comparisons.graph_vs_direct_db_operations.treatment.min,458.0
comparisons.graph_vs_direct_db_operations.treatment.n,30
comparisons.graph_vs_direct_db_operations.treatment.p95,458.0
comparisons.graph_vs_direct_db_operations.treatment.p95_note,null
comparisons.graph_vs_direct_db_operations.treatment_greater_in_pairs,30
comparisons.graph_vs_direct_outside_domain_stages_seconds.baseline.max,0.111838
comparisons.graph_vs_direct_outside_domain_stages_seconds.baseline.mean,0.059843
comparisons.graph_vs_direct_outside_domain_stages_seconds.baseline.median,0.055182
comparisons.graph_vs_direct_outside_domain_stages_seconds.baseline.min,0.051645
comparisons.graph_vs_direct_outside_domain_stages_seconds.baseline.n,30
comparisons.graph_vs_direct_outside_domain_stages_seconds.baseline.p95,0.077339
comparisons.graph_vs_direct_outside_domain_stages_seconds.baseline.p95_note,null
comparisons.graph_vs_direct_outside_domain_stages_seconds.median_difference,0.059007
comparisons.graph_vs_direct_outside_domain_stages_seconds.median_difference_interval.confidence,0.95
comparisons.graph_vs_direct_outside_domain_stages_seconds.median_difference_interval.lower,0.057047
comparisons.graph_vs_direct_outside_domain_stages_seconds.median_difference_interval.resamples,10000
comparisons.graph_vs_direct_outside_domain_stages_seconds.median_difference_interval.seed,1
comparisons.graph_vs_direct_outside_domain_stages_seconds.median_difference_interval.upper,0.060978
comparisons.graph_vs_direct_outside_domain_stages_seconds.n_pairs,30
comparisons.graph_vs_direct_outside_domain_stages_seconds.relative_median_difference,1.069319
comparisons.graph_vs_direct_outside_domain_stages_seconds.relative_note,null
comparisons.graph_vs_direct_outside_domain_stages_seconds.treatment.max,0.217198
comparisons.graph_vs_direct_outside_domain_stages_seconds.treatment.mean,0.123439
comparisons.graph_vs_direct_outside_domain_stages_seconds.treatment.median,0.115027
comparisons.graph_vs_direct_outside_domain_stages_seconds.treatment.min,0.104945
comparisons.graph_vs_direct_outside_domain_stages_seconds.treatment.n,30
comparisons.graph_vs_direct_outside_domain_stages_seconds.treatment.p95,0.155041
comparisons.graph_vs_direct_outside_domain_stages_seconds.treatment.p95_note,null
comparisons.graph_vs_direct_outside_domain_stages_seconds.treatment_greater_in_pairs,30
comparisons.graph_vs_direct_processing_seconds.baseline.max,2.210311
comparisons.graph_vs_direct_processing_seconds.baseline.mean,1.3865
comparisons.graph_vs_direct_processing_seconds.baseline.median,1.276477
comparisons.graph_vs_direct_processing_seconds.baseline.min,0.816787
comparisons.graph_vs_direct_processing_seconds.baseline.n,30
comparisons.graph_vs_direct_processing_seconds.baseline.p95,2.010277
comparisons.graph_vs_direct_processing_seconds.baseline.p95_note,null
comparisons.graph_vs_direct_processing_seconds.median_difference,0.095519
comparisons.graph_vs_direct_processing_seconds.median_difference_interval.confidence,0.95
comparisons.graph_vs_direct_processing_seconds.median_difference_interval.lower,-0.019758
comparisons.graph_vs_direct_processing_seconds.median_difference_interval.resamples,10000
comparisons.graph_vs_direct_processing_seconds.median_difference_interval.seed,0
comparisons.graph_vs_direct_processing_seconds.median_difference_interval.upper,0.21121
comparisons.graph_vs_direct_processing_seconds.n_pairs,30
comparisons.graph_vs_direct_processing_seconds.relative_median_difference,0.07483
comparisons.graph_vs_direct_processing_seconds.relative_note,null
comparisons.graph_vs_direct_processing_seconds.treatment.max,2.393171
comparisons.graph_vs_direct_processing_seconds.treatment.mean,1.520826
comparisons.graph_vs_direct_processing_seconds.treatment.median,1.432655
comparisons.graph_vs_direct_processing_seconds.treatment.min,1.051363
comparisons.graph_vs_direct_processing_seconds.treatment.n,30
comparisons.graph_vs_direct_processing_seconds.treatment.p95,2.205926
comparisons.graph_vs_direct_processing_seconds.treatment.p95_note,null
comparisons.graph_vs_direct_processing_seconds.treatment_greater_in_pairs,19
comparisons.reviewed_finalized_vs_unreviewed_processing_seconds.baseline.max,2.04429
comparisons.reviewed_finalized_vs_unreviewed_processing_seconds.baseline.mean,1.027782
comparisons.reviewed_finalized_vs_unreviewed_processing_seconds.baseline.median,0.976049
comparisons.reviewed_finalized_vs_unreviewed_processing_seconds.baseline.min,0.593361
comparisons.reviewed_finalized_vs_unreviewed_processing_seconds.baseline.n,30
comparisons.reviewed_finalized_vs_unreviewed_processing_seconds.baseline.p95,1.654712
comparisons.reviewed_finalized_vs_unreviewed_processing_seconds.baseline.p95_note,null
comparisons.reviewed_finalized_vs_unreviewed_processing_seconds.median_difference,0.318255
comparisons.reviewed_finalized_vs_unreviewed_processing_seconds.median_difference_interval.confidence,0.95
comparisons.reviewed_finalized_vs_unreviewed_processing_seconds.median_difference_interval.lower,0.176261
comparisons.reviewed_finalized_vs_unreviewed_processing_seconds.median_difference_interval.resamples,10000
comparisons.reviewed_finalized_vs_unreviewed_processing_seconds.median_difference_interval.seed,3
comparisons.reviewed_finalized_vs_unreviewed_processing_seconds.median_difference_interval.upper,0.568572
comparisons.reviewed_finalized_vs_unreviewed_processing_seconds.n_pairs,30
comparisons.reviewed_finalized_vs_unreviewed_processing_seconds.relative_median_difference,0.326065
comparisons.reviewed_finalized_vs_unreviewed_processing_seconds.relative_note,null
comparisons.reviewed_finalized_vs_unreviewed_processing_seconds.treatment.max,2.210311
comparisons.reviewed_finalized_vs_unreviewed_processing_seconds.treatment.mean,1.3865
comparisons.reviewed_finalized_vs_unreviewed_processing_seconds.treatment.median,1.276477
comparisons.reviewed_finalized_vs_unreviewed_processing_seconds.treatment.min,0.816787
comparisons.reviewed_finalized_vs_unreviewed_processing_seconds.treatment.n,30
comparisons.reviewed_finalized_vs_unreviewed_processing_seconds.treatment.p95,2.010277
comparisons.reviewed_finalized_vs_unreviewed_processing_seconds.treatment.p95_note,null
comparisons.reviewed_finalized_vs_unreviewed_processing_seconds.treatment_greater_in_pairs,26
design.trials_per_mode,30
design.warm_up_runs_per_mode,1
per_mode.direct.db_operations_total.max,420.0
per_mode.direct.db_operations_total.mean,420.0
per_mode.direct.db_operations_total.median,420.0
per_mode.direct.db_operations_total.min,420.0
per_mode.direct.db_operations_total.n,30
per_mode.direct.db_operations_total.p95,420.0
per_mode.direct.db_operations_total.p95_note,null
per_mode.direct.graph_checkpoints,null
per_mode.direct.outside_domain_stages_seconds.max,0.111838
per_mode.direct.outside_domain_stages_seconds.mean,0.059843
per_mode.direct.outside_domain_stages_seconds.median,0.055182
per_mode.direct.outside_domain_stages_seconds.min,0.051645
per_mode.direct.outside_domain_stages_seconds.n,30
per_mode.direct.outside_domain_stages_seconds.p95,0.077339
per_mode.direct.outside_domain_stages_seconds.p95_note,null
per_mode.direct.phase_after_decision_seconds.max,2.089457
per_mode.direct.phase_after_decision_seconds.mean,1.283762
per_mode.direct.phase_after_decision_seconds.median,1.177359
per_mode.direct.phase_after_decision_seconds.min,0.718505
per_mode.direct.phase_after_decision_seconds.n,30
per_mode.direct.phase_after_decision_seconds.p95,1.915157
per_mode.direct.phase_after_decision_seconds.p95_note,null
per_mode.direct.phase_to_review_seconds.max,0.129172
per_mode.direct.phase_to_review_seconds.mean,0.102738
per_mode.direct.phase_to_review_seconds.median,0.098417
per_mode.direct.phase_to_review_seconds.min,0.092002
per_mode.direct.phase_to_review_seconds.n,30
per_mode.direct.phase_to_review_seconds.p95,0.127082
per_mode.direct.phase_to_review_seconds.p95_note,null
per_mode.direct.processing_seconds.max,2.210311
per_mode.direct.processing_seconds.mean,1.3865
per_mode.direct.processing_seconds.median,1.276477
per_mode.direct.processing_seconds.min,0.816787
per_mode.direct.processing_seconds.n,30
per_mode.direct.processing_seconds.p95,2.010277
per_mode.direct.processing_seconds.p95_note,null
per_mode.direct.stage_seconds.analysis_workers_and_risk.max,0.096134
per_mode.direct.stage_seconds.analysis_workers_and_risk.mean,0.073161
per_mode.direct.stage_seconds.analysis_workers_and_risk.median,0.071467
per_mode.direct.stage_seconds.analysis_workers_and_risk.min,0.065479
per_mode.direct.stage_seconds.analysis_workers_and_risk.n,30
per_mode.direct.stage_seconds.analysis_workers_and_risk.p95,0.085234
per_mode.direct.stage_seconds.analysis_workers_and_risk.p95_note,null
per_mode.direct.stage_seconds.audit_ledger_record_once.max,0.06617
per_mode.direct.stage_seconds.audit_ledger_record_once.mean,0.055735
per_mode.direct.stage_seconds.audit_ledger_record_once.median,0.054492
per_mode.direct.stage_seconds.audit_ledger_record_once.min,0.050401
per_mode.direct.stage_seconds.audit_ledger_record_once.n,30
per_mode.direct.stage_seconds.audit_ledger_record_once.p95,0.064781
per_mode.direct.stage_seconds.audit_ledger_record_once.p95_note,null
per_mode.direct.stage_seconds.recommendations.max,0.004436
per_mode.direct.stage_seconds.recommendations.mean,0.003019
per_mode.direct.stage_seconds.recommendations.median,0.002838
per_mode.direct.stage_seconds.recommendations.min,0.002506
per_mode.direct.stage_seconds.recommendations.n,30
per_mode.direct.stage_seconds.recommendations.p95,0.003778
per_mode.direct.stage_seconds.recommendations.p95_note,null
per_mode.direct.stage_seconds.trust_finalization.max,0.6229
per_mode.direct.stage_seconds.trust_finalization.mean,0.313628
per_mode.direct.stage_seconds.trust_finalization.median,0.288111
per_mode.direct.stage_seconds.trust_finalization.min,0.197259
per_mode.direct.stage_seconds.trust_finalization.n,30
per_mode.direct.stage_seconds.trust_finalization.p95,0.504037
per_mode.direct.stage_seconds.trust_finalization.p95_note,null
per_mode.direct.stage_seconds.trust_run_attestation.max,1.717874
per_mode.direct.stage_seconds.trust_run_attestation.mean,0.93685
per_mode.direct.stage_seconds.trust_run_attestation.median,0.85319
per_mode.direct.stage_seconds.trust_run_attestation.min,0.449191
per_mode.direct.stage_seconds.trust_run_attestation.n,30
per_mode.direct.stage_seconds.trust_run_attestation.p95,1.576964
per_mode.direct.stage_seconds.trust_run_attestation.p95_note,null
per_mode.direct.stage_seconds.trust_signatures_all.max,1.764768
per_mode.direct.stage_seconds.trust_signatures_all.mean,0.901863
per_mode.direct.stage_seconds.trust_signatures_all.median,0.78949
per_mode.direct.stage_seconds.trust_signatures_all.min,0.47584
per_mode.direct.stage_seconds.trust_signatures_all.n,30
per_mode.direct.stage_seconds.trust_signatures_all.p95,1.563947
per_mode.direct.stage_seconds.trust_signatures_all.p95_note,null
per_mode.direct.trust_verification_seconds.max,0.099454
per_mode.direct.trust_verification_seconds.mean,0.065328
per_mode.direct.trust_verification_seconds.median,0.062271
per_mode.direct.trust_verification_seconds.min,0.057566
per_mode.direct.trust_verification_seconds.n,30
per_mode.direct.trust_verification_seconds.p95,0.081898
per_mode.direct.trust_verification_seconds.p95_note,null
per_mode.direct.trust_verified_all,true
per_mode.direct_unreviewed.db_operations_total.max,253.0
per_mode.direct_unreviewed.db_operations_total.mean,253.0
per_mode.direct_unreviewed.db_operations_total.median,253.0
per_mode.direct_unreviewed.db_operations_total.min,253.0
per_mode.direct_unreviewed.db_operations_total.n,30
per_mode.direct_unreviewed.db_operations_total.p95,253.0
per_mode.direct_unreviewed.db_operations_total.p95_note,null
per_mode.direct_unreviewed.graph_checkpoints,null
per_mode.direct_unreviewed.outside_domain_stages_seconds.max,0.048387
per_mode.direct_unreviewed.outside_domain_stages_seconds.mean,0.029785
per_mode.direct_unreviewed.outside_domain_stages_seconds.median,0.029401
per_mode.direct_unreviewed.outside_domain_stages_seconds.min,0.025722
per_mode.direct_unreviewed.outside_domain_stages_seconds.n,30
per_mode.direct_unreviewed.outside_domain_stages_seconds.p95,0.033689
per_mode.direct_unreviewed.outside_domain_stages_seconds.p95_note,null
per_mode.direct_unreviewed.phase_after_decision_seconds.max,0.0
per_mode.direct_unreviewed.phase_after_decision_seconds.mean,0.0
per_mode.direct_unreviewed.phase_after_decision_seconds.median,0.0
per_mode.direct_unreviewed.phase_after_decision_seconds.min,0.0
per_mode.direct_unreviewed.phase_after_decision_seconds.n,30
per_mode.direct_unreviewed.phase_after_decision_seconds.p95,0.0
per_mode.direct_unreviewed.phase_after_decision_seconds.p95_note,null
per_mode.direct_unreviewed.phase_to_review_seconds.max,2.04429
per_mode.direct_unreviewed.phase_to_review_seconds.mean,1.027782
per_mode.direct_unreviewed.phase_to_review_seconds.median,0.976049
per_mode.direct_unreviewed.phase_to_review_seconds.min,0.593361
per_mode.direct_unreviewed.phase_to_review_seconds.n,30
per_mode.direct_unreviewed.phase_to_review_seconds.p95,1.654712
per_mode.direct_unreviewed.phase_to_review_seconds.p95_note,null
per_mode.direct_unreviewed.processing_seconds.max,2.04429
per_mode.direct_unreviewed.processing_seconds.mean,1.027782
per_mode.direct_unreviewed.processing_seconds.median,0.976049
per_mode.direct_unreviewed.processing_seconds.min,0.593361
per_mode.direct_unreviewed.processing_seconds.n,30
per_mode.direct_unreviewed.processing_seconds.p95,1.654712
per_mode.direct_unreviewed.processing_seconds.p95_note,null
per_mode.direct_unreviewed.stage_seconds.analysis_workers_and_risk.max,0.087416
per_mode.direct_unreviewed.stage_seconds.analysis_workers_and_risk.mean,0.072009
per_mode.direct_unreviewed.stage_seconds.analysis_workers_and_risk.median,0.070121
per_mode.direct_unreviewed.stage_seconds.analysis_workers_and_risk.min,0.064319
per_mode.direct_unreviewed.stage_seconds.analysis_workers_and_risk.n,30
per_mode.direct_unreviewed.stage_seconds.analysis_workers_and_risk.p95,0.084427
per_mode.direct_unreviewed.stage_seconds.analysis_workers_and_risk.p95_note,null
per_mode.direct_unreviewed.stage_seconds.trust_run_attestation.max,1.948774
per_mode.direct_unreviewed.stage_seconds.trust_run_attestation.mean,0.925988
per_mode.direct_unreviewed.stage_seconds.trust_run_attestation.median,0.867573
per_mode.direct_unreviewed.stage_seconds.trust_run_attestation.min,0.496872
per_mode.direct_unreviewed.stage_seconds.trust_run_attestation.n,30
per_mode.direct_unreviewed.stage_seconds.trust_run_attestation.p95,1.541141
per_mode.direct_unreviewed.stage_seconds.trust_run_attestation.p95_note,null
per_mode.direct_unreviewed.stage_seconds.trust_signatures_all.max,1.472969
per_mode.direct_unreviewed.stage_seconds.trust_signatures_all.mean,0.677911
per_mode.direct_unreviewed.stage_seconds.trust_signatures_all.median,0.649627
per_mode.direct_unreviewed.stage_seconds.trust_signatures_all.min,0.33026
per_mode.direct_unreviewed.stage_seconds.trust_signatures_all.n,30
per_mode.direct_unreviewed.stage_seconds.trust_signatures_all.p95,0.980322
per_mode.direct_unreviewed.stage_seconds.trust_signatures_all.p95_note,null
per_mode.direct_unreviewed.trust_verification_seconds,null
per_mode.direct_unreviewed.trust_verified_all,null
per_mode.graph.db_operations_total.max,458.0
per_mode.graph.db_operations_total.mean,458.0
per_mode.graph.db_operations_total.median,458.0
per_mode.graph.db_operations_total.min,458.0
per_mode.graph.db_operations_total.n,30
per_mode.graph.db_operations_total.p95,458.0
per_mode.graph.db_operations_total.p95_note,null
per_mode.graph.graph_checkpoints.max,7.0
per_mode.graph.graph_checkpoints.mean,7.0
per_mode.graph.graph_checkpoints.median,7.0
per_mode.graph.graph_checkpoints.min,7.0
per_mode.graph.graph_checkpoints.n,30
per_mode.graph.graph_checkpoints.p95,7.0
per_mode.graph.graph_checkpoints.p95_note,null
per_mode.graph.outside_domain_stages_seconds.max,0.217198
per_mode.graph.outside_domain_stages_seconds.mean,0.123439
per_mode.graph.outside_domain_stages_seconds.median,0.115027
per_mode.graph.outside_domain_stages_seconds.min,0.104945
per_mode.graph.outside_domain_stages_seconds.n,30
per_mode.graph.outside_domain_stages_seconds.p95,0.155041
per_mode.graph.outside_domain_stages_seconds.p95_note,null
per_mode.graph.phase_after_decision_seconds.max,2.254374
per_mode.graph.phase_after_decision_seconds.mean,1.36578
per_mode.graph.phase_after_decision_seconds.median,1.284044
per_mode.graph.phase_after_decision_seconds.min,0.894469
per_mode.graph.phase_after_decision_seconds.n,30
per_mode.graph.phase_after_decision_seconds.p95,2.045868
per_mode.graph.phase_after_decision_seconds.p95_note,null
per_mode.graph.phase_to_review_seconds.max,0.188899
per_mode.graph.phase_to_review_seconds.mean,0.155046
per_mode.graph.phase_to_review_seconds.median,0.152847
per_mode.graph.phase_to_review_seconds.min,0.135665
per_mode.graph.phase_to_review_seconds.n,30
per_mode.graph.phase_to_review_seconds.p95,0.185186
per_mode.graph.phase_to_review_seconds.p95_note,null
per_mode.graph.processing_seconds.max,2.393171
per_mode.graph.processing_seconds.mean,1.520826
per_mode.graph.processing_seconds.median,1.432655
per_mode.graph.processing_seconds.min,1.051363
per_mode.graph.processing_seconds.n,30
per_mode.graph.processing_seconds.p95,2.205926
per_mode.graph.processing_seconds.p95_note,null
per_mode.graph.stage_seconds.analysis_workers_and_risk.max,0.088245
per_mode.graph.stage_seconds.analysis_workers_and_risk.mean,0.074597
per_mode.graph.stage_seconds.analysis_workers_and_risk.median,0.074673
per_mode.graph.stage_seconds.analysis_workers_and_risk.min,0.063736
per_mode.graph.stage_seconds.analysis_workers_and_risk.n,30
per_mode.graph.stage_seconds.analysis_workers_and_risk.p95,0.087361
per_mode.graph.stage_seconds.analysis_workers_and_risk.p95_note,null
per_mode.graph.stage_seconds.audit_ledger_record_once.max,0.120782
per_mode.graph.stage_seconds.audit_ledger_record_once.mean,0.085361
per_mode.graph.stage_seconds.audit_ledger_record_once.median,0.081013
per_mode.graph.stage_seconds.audit_ledger_record_once.min,0.072661
per_mode.graph.stage_seconds.audit_ledger_record_once.n,30
per_mode.graph.stage_seconds.audit_ledger_record_once.p95,0.111961
per_mode.graph.stage_seconds.audit_ledger_record_once.p95_note,null
per_mode.graph.stage_seconds.recommendations.max,0.008934
per_mode.graph.stage_seconds.recommendations.mean,0.003026
per_mode.graph.stage_seconds.recommendations.median,0.002692
per_mode.graph.stage_seconds.recommendations.min,0.002104
per_mode.graph.stage_seconds.recommendations.n,30
per_mode.graph.stage_seconds.recommendations.p95,0.004395
per_mode.graph.stage_seconds.recommendations.p95_note,null
per_mode.graph.stage_seconds.trust_finalization.max,0.928986
per_mode.graph.stage_seconds.trust_finalization.mean,0.417649
per_mode.graph.stage_seconds.trust_finalization.median,0.357572
per_mode.graph.stage_seconds.trust_finalization.min,0.275114
per_mode.graph.stage_seconds.trust_finalization.n,30
per_mode.graph.stage_seconds.trust_finalization.p95,0.684564
per_mode.graph.stage_seconds.trust_finalization.p95_note,null
per_mode.graph.stage_seconds.trust_run_attestation.max,1.769907
per_mode.graph.stage_seconds.trust_run_attestation.mean,0.902115
per_mode.graph.stage_seconds.trust_run_attestation.median,0.871601
per_mode.graph.stage_seconds.trust_run_attestation.min,0.53308
per_mode.graph.stage_seconds.trust_run_attestation.n,30
per_mode.graph.stage_seconds.trust_run_attestation.p95,1.354579
per_mode.graph.stage_seconds.trust_run_attestation.p95_note,null
per_mode.graph.stage_seconds.trust_signatures_all.max,1.637917
per_mode.graph.stage_seconds.trust_signatures_all.mean,0.898755
per_mode.graph.stage_seconds.trust_signatures_all.median,0.849355
per_mode.graph.stage_seconds.trust_signatures_all.min,0.498913
per_mode.graph.stage_seconds.trust_signatures_all.n,30
per_mode.graph.stage_seconds.trust_signatures_all.p95,1.467888
per_mode.graph.stage_seconds.trust_signatures_all.p95_note,null
per_mode.graph.trust_verification_seconds.max,0.105871
per_mode.graph.trust_verification_seconds.mean,0.067723
per_mode.graph.trust_verification_seconds.median,0.061019
per_mode.graph.trust_verification_seconds.min,0.05722
per_mode.graph.trust_verification_seconds.n,30
per_mode.graph.trust_verification_seconds.p95,0.100593
per_mode.graph.trust_verification_seconds.p95_note,null
per_mode.graph.trust_verified_all,true
performance.total_elapsed_seconds,186.134465
reference_outputs.finding_count,4
reference_outputs.recommendation_count,4
reference_outputs.risk_total_score,27.21
trials[0].db_operations.execute,117
trials[0].db_operations.query_all,68
trials[0].db_operations.query_one,235
trials[0].db_operations_total,420
trials[0].decision_call_seconds,0.04360930001712404
trials[0].graph_checkpoints,null
trials[0].order_position,0
trials[0].outputs.finding_count,4
trials[0].outputs.recommendation_count,4
trials[0].outputs.risk_total_score,27.21
trials[0].outside_domain_stages_seconds,0.05688439996447414
trials[0].phase_after_decision_seconds,0.9358128999883775
trials[0].phase_to_review_seconds,0.09770409998600371
trials[0].processing_seconds,1.0335169999743812
trials[0].stage_calls.analysis_workers_and_risk,2
trials[0].stage_calls.audit_ledger_record_once,3
trials[0].stage_calls.recommendations,2
trials[0].stage_calls.trust_finalization,1
trials[0].stage_calls.trust_run_attestation,1
trials[0].stage_calls.trust_signatures_all,5
trials[0].stage_seconds.analysis_workers_and_risk,0.07107340000220574
trials[0].stage_seconds.audit_ledger_record_once,0.05856170001788996
trials[0].stage_seconds.recommendations,0.0027507000195328146
trials[0].stage_seconds.trust_finalization,0.2260332999867387
trials[0].stage_seconds.trust_run_attestation,0.6767752000014298
trials[0].stage_seconds.trust_signatures_all,0.6476376999635249
trials[0].trial,0
trials[0].trust_verification_seconds,0.057571499986806884
trials[0].trust_verified,true
trials[1].db_operations.execute,119
trials[1].db_operations.query_all,73
trials[1].db_operations.query_one,266
trials[1].db_operations_total,458
trials[1].decision_call_seconds,0.03414829997927882
trials[1].graph_checkpoints,7
trials[1].order_position,1
trials[1].outputs.finding_count,4
trials[1].outputs.recommendation_count,4
trials[1].outputs.risk_total_score,27.21
trials[1].outside_domain_stages_seconds,0.21719779996783473
trials[1].phase_after_decision_seconds,1.8966579000116326
trials[1].phase_to_review_seconds,0.18676469998899847
trials[1].processing_seconds,2.083422600000631
trials[1].stage_calls.analysis_workers_and_risk,1
trials[1].stage_calls.audit_ledger_record_once,6
trials[1].stage_calls.recommendations,1
trials[1].stage_calls.trust_finalization,2
trials[1].stage_calls.trust_run_attestation,1
trials[1].stage_calls.trust_signatures_all,5
trials[1].stage_seconds.analysis_workers_and_risk,0.06897160000517033
trials[1].stage_seconds.audit_ledger_record_once,0.10088089996133931
trials[1].stage_seconds.recommendations,0.0026236000121571124
trials[1].stage_seconds.trust_finalization,0.48089649999747053
trials[1].stage_seconds.trust_run_attestation,1.3137331000179984
trials[1].stage_seconds.trust_signatures_all,1.4497777000069618
trials[1].trial,0
trials[1].trust_verification_seconds,0.07523859999491833
trials[1].trust_verified,true
trials[2].db_operations.execute,86
trials[2].db_operations.query_all,38
trials[2].db_operations.query_one,129
trials[2].db_operations_total,253
trials[2].decision_call_seconds,0.0
trials[2].graph_checkpoints,null
trials[2].order_position,2
trials[2].outputs.finding_count,4
trials[2].outputs.recommendation_count,0
trials[2].outputs.risk_total_score,27.21
trials[2].outside_domain_stages_seconds,0.03027629997814074
trials[2].phase_after_decision_seconds,0.0
trials[2].phase_to_review_seconds,0.9853732999763452
trials[2].processing_seconds,0.9853732999763452
trials[2].stage_calls.analysis_workers_and_risk,1
trials[2].stage_calls.trust_run_attestation,1
trials[2].stage_calls.trust_signatures_all,4
trials[2].stage_seconds.analysis_workers_and_risk,0.08048889998462982
trials[2].stage_seconds.trust_run_attestation,0.8746081000135746
trials[2].stage_seconds.trust_signatures_all,0.7108063000196125
trials[2].trial,0
trials[2].trust_verification_seconds,null
trials[2].trust_verified,null
trials[3].db_operations.execute,119
trials[3].db_operations.query_all,73
trials[3].db_operations.query_one,266
trials[3].db_operations_total,458
trials[3].decision_call_seconds,0.056323899974813685
trials[3].graph_checkpoints,7
trials[3].order_position,0
trials[3].outputs.finding_count,4
trials[3].outputs.recommendation_count,4
trials[3].outputs.risk_total_score,27.21
trials[3].outside_domain_stages_seconds,0.15150909998919815
trials[3].phase_after_decision_seconds,2.0957242000149563
trials[3].phase_to_review_seconds,0.17951170000014827
trials[3].processing_seconds,2.2752359000151046
trials[3].stage_calls.analysis_workers_and_risk,1
trials[3].stage_calls.audit_ledger_record_once,6
trials[3].stage_calls.recommendations,1
trials[3].stage_calls.trust_finalization,2
trials[3].stage_calls.trust_run_attestation,1
trials[3].stage_calls.trust_signatures_all,5
trials[3].stage_seconds.analysis_workers_and_risk,0.08824530002311803
trials[3].stage_seconds.audit_ledger_record_once,0.12078159995144233
trials[3].stage_seconds.recommendations,0.0032848000118974596
trials[3].stage_seconds.trust_finalization,0.928985799982911
trials[3].stage_seconds.trust_run_attestation,1.10321090000798
trials[3].stage_seconds.trust_signatures_all,1.4827062000113074
trials[3].trial,1
trials[3].trust_verification_seconds,0.1032693000161089
trials[3].trust_verified,true
trials[4].db_operations.execute,86
trials[4].db_operations.query_all,38
trials[4].db_operations.query_one,129
trials[4].db_operations_total,253
trials[4].decision_call_seconds,0.0
trials[4].graph_checkpoints,null
trials[4].order_position,1
trials[4].outputs.finding_count,4
trials[4].outputs.recommendation_count,0
trials[4].outputs.risk_total_score,27.21
trials[4].outside_domain_stages_seconds,0.04838749999180436
trials[4].phase_after_decision_seconds,0.0
trials[4].phase_to_review_seconds,0.9250893999997061
trials[4].processing_seconds,0.9250893999997061
trials[4].stage_calls.analysis_workers_and_risk,1
trials[4].stage_calls.trust_run_attestation,1
trials[4].stage_calls.trust_signatures_all,4
trials[4].stage_seconds.analysis_workers_and_risk,0.08235179999610409
trials[4].stage_seconds.trust_run_attestation,0.7943501000117976
trials[4].stage_seconds.trust_signatures_all,0.5560974999680184
trials[4].trial,1
trials[4].trust_verification_seconds,null
trials[4].trust_verified,null
trials[5].db_operations.execute,117
trials[5].db_operations.query_all,68
trials[5].db_operations.query_one,235
trials[5].db_operations_total,420
trials[5].decision_call_seconds,0.03992869998910464
trials[5].graph_checkpoints,null
trials[5].order_position,2
trials[5].outputs.finding_count,4
trials[5].outputs.recommendation_count,4
trials[5].outputs.risk_total_score,27.21
trials[5].outside_domain_stages_seconds,0.06729339994490147
trials[5].phase_after_decision_seconds,1.7455282000009902
trials[5].phase_to_review_seconds,0.11053619999438524
trials[5].processing_seconds,1.8560643999953754
trials[5].stage_calls.analysis_workers_and_risk,2
trials[5].stage_calls.audit_ledger_record_once,3
trials[5].stage_calls.recommendations,2
trials[5].stage_calls.trust_finalization,1
trials[5].stage_calls.trust_run_attestation,1
trials[5].stage_calls.trust_signatures_all,5
trials[5].stage_seconds.analysis_workers_and_risk,0.07520099999965169
trials[5].stage_seconds.audit_ledger_record_once,0.05964920000405982
trials[5].stage_seconds.recommendations,0.003504800028167665
trials[5].stage_seconds.trust_finalization,0.2842294000147376
trials[5].stage_seconds.trust_run_attestation,1.425835800007917
trials[5].stage_seconds.trust_signatures_all,1.0499970000528265
trials[5].trial,1
trials[5].trust_verification_seconds,0.07793599998694845
trials[5].trust_verified,true
trials[6].db_operations.execute,86
trials[6].db_operations.query_all,38
trials[6].db_operations.query_one,129
trials[6].db_operations_total,253
trials[6].decision_call_seconds,0.0
trials[6].graph_checkpoints,null
trials[6].order_position,0
trials[6].outputs.finding_count,4
trials[6].outputs.recommendation_count,0
trials[6].outputs.risk_total_score,27.21
trials[6].outside_domain_stages_seconds,0.034972599998582155
trials[6].phase_after_decision_seconds,0.0
trials[6].phase_to_review_seconds,1.0968922000029124
trials[6].processing_seconds,1.0968922000029124
trials[6].stage_calls.analysis_workers_and_risk,1
trials[6].stage_calls.trust_run_attestation,1
trials[6].stage_calls.trust_signatures_all,4
trials[6].stage_seconds.analysis_workers_and_risk,0.07396229999721982
trials[6].stage_seconds.trust_run_attestation,0.9879573000071105
trials[6].stage_seconds.trust_signatures_all,0.7264441000006627
trials[6].trial,2
trials[6].trust_verification_seconds,null
trials[6].trust_verified,null
trials[7].db_operations.execute,117
trials[7].db_operations.query_all,68
trials[7].db_operations.query_one,235
trials[7].db_operations_total,420
trials[7].decision_call_seconds,0.04412259999662638
trials[7].graph_checkpoints,null
trials[7].order_position,1
trials[7].outputs.finding_count,4
trials[7].outputs.recommendation_count,4
trials[7].outputs.risk_total_score,27.21
trials[7].outside_domain_stages_seconds,0.0819750000082422
trials[7].phase_after_decision_seconds,1.3468018000130542
trials[7].phase_to_review_seconds,0.12917210001614876
trials[7].processing_seconds,1.475973900029203
trials[7].stage_calls.analysis_workers_and_risk,2
trials[7].stage_calls.audit_ledger_record_once,3
trials[7].stage_calls.recommendations,2
trials[7].stage_calls.trust_finalization,1
trials[7].stage_calls.trust_run_attestation,1
trials[7].stage_calls.trust_signatures_all,5
trials[7].stage_seconds.analysis_workers_and_risk,0.08100480001303367
trials[7].stage_seconds.audit_ledger_record_once,0.06477050003013574
trials[7].stage_seconds.recommendations,0.0035259000142104924
trials[7].stage_seconds.trust_finalization,0.3795599000004586
trials[7].stage_seconds.trust_run_attestation,0.929908299993258
trials[7].stage_seconds.trust_signatures_all,0.9141703999484889
trials[7].trial,2
trials[7].trust_verification_seconds,0.08513880000100471
trials[7].trust_verified,true
trials[8].db_operations.execute,119
trials[8].db_operations.query_all,73
trials[8].db_operations.query_one,266
trials[8].db_operations_total,458
trials[8].decision_call_seconds,0.05420149999554269
trials[8].graph_checkpoints,7
trials[8].order_position,2
trials[8].outputs.finding_count,4
trials[8].outputs.recommendation_count,4
trials[8].outputs.risk_total_score,27.21
trials[8].outside_domain_stages_seconds,0.14113719994202256
trials[8].phase_after_decision_seconds,1.7905667999875732
trials[8].phase_to_review_seconds,0.1633940000028815
trials[8].processing_seconds,1.9539607999904547
trials[8].stage_calls.analysis_workers_and_risk,1
trials[8].stage_calls.audit_ledger_record_once,6
trials[8].stage_calls.recommendations,1
trials[8].stage_calls.trust_finalization,2
trials[8].stage_calls.trust_run_attestation,1
trials[8].stage_calls.trust_signatures_all,5
trials[8].stage_seconds.analysis_workers_and_risk,0.08239030002732761
trials[8].stage_seconds.audit_ledger_record_once,0.1126646000193432
trials[8].stage_seconds.recommendations,0.002410800021607429
trials[8].stage_seconds.trust_finalization,0.5044165000144858
trials[8].stage_seconds.trust_run_attestation,1.2236059999850113
trials[8].stage_seconds.trust_signatures_all,1.160837299976265
trials[8].trial,2
trials[8].trust_verification_seconds,0.09732120000990108
trials[8].trust_verified,true
trials[9].db_operations.execute,117
trials[9].db_operations.query_all,68
trials[9].db_operations.query_one,235
trials[9].db_operations_total,420
trials[9].decision_call_seconds,0.04515659998287447
trials[9].graph_checkpoints,null
trials[9].order_position,0
trials[9].outputs.finding_count,4
trials[9].outputs.recommendation_count,4
trials[9].outputs.risk_total_score,27.21
trials[9].outside_domain_stages_seconds,0.06759359998977743
trials[9].phase_after_decision_seconds,1.5871134999906644
trials[9].phase_to_review_seconds,0.11596409999765456
trials[9].processing_seconds,1.703077599988319
trials[9].stage_calls.analysis_workers_and_risk,2
trials[9].stage_calls.audit_ledger_record_once,3
trials[9].stage_calls.recommendations,2
trials[9].stage_calls.trust_finalization,1
trials[9].stage_calls.trust_run_attestation,1
trials[9].stage_calls.trust_signatures_all,5
trials[9].stage_seconds.analysis_workers_and_risk,0.08225639999727719
trials[9].stage_seconds.audit_ledger_record_once,0.0647896999726072
trials[9].stage_seconds.recommendations,0.0028466999938245863
trials[9].stage_seconds.trust_finalization,0.4415361999999732
trials[9].stage_seconds.trust_run_attestation,1.1088447000074666
trials[9].stage_seconds.trust_signatures_all,0.846694399981061
trials[9].trial,3
trials[9].trust_verification_seconds,0.07215989998076111
trials[9].trust_verified,true
trials[10].db_operations.execute,119
trials[10].db_operations.query_all,73
trials[10].db_operations.query_one,266
trials[10].db_operations_total,458
trials[10].decision_call_seconds,0.03988509997725487
trials[10].graph_checkpoints,7
trials[10].order_position,1
trials[10].outputs.finding_count,4
trials[10].outputs.recommendation_count,4
trials[10].outputs.risk_total_score,27.21
trials[10].outside_domain_stages_seconds,0.13394590001553297
trials[10].phase_after_decision_seconds,1.4771996000199579
trials[10].phase_to_review_seconds,0.17506229999708012
trials[10].processing_seconds,1.652261900017038
trials[10].stage_calls.analysis_workers_and_risk,1
trials[10].stage_calls.audit_ledger_record_once,6
trials[10].stage_calls.recommendations,1
trials[10].stage_calls.trust_finalization,2
trials[10].stage_calls.trust_run_attestation,1
trials[10].stage_calls.trust_signatures_all,5
trials[10].stage_seconds.analysis_workers_and_risk,0.08599379999213852
trials[10].stage_seconds.audit_ledger_record_once,0.0885685000102967
trials[10].stage_seconds.recommendations,0.0026796000020112842
trials[10].stage_seconds.trust_finalization,0.5658561000018381
trials[10].stage_seconds.trust_run_attestation,0.8637865000055172
trials[10].stage_seconds.trust_signatures_all,0.9664070000289939
trials[10].trial,3
trials[10].trust_verification_seconds,0.06962619998375885
trials[10].trust_verified,true
trials[11].db_operations.execute,86
trials[11].db_operations.query_all,38
trials[11].db_operations.query_one,129
trials[11].db_operations_total,253
trials[11].decision_call_seconds,0.0
trials[11].graph_checkpoints,null
trials[11].order_position,2
trials[11].outputs.finding_count,4
trials[11].outputs.recommendation_count,0
trials[11].outputs.risk_total_score,27.21
trials[11].outside_domain_stages_seconds,0.030235799989895895
trials[11].phase_after_decision_seconds,0.0
trials[11].phase_to_review_seconds,0.7464131999877281
trials[11].processing_seconds,0.7464131999877281
trials[11].stage_calls.analysis_workers_and_risk,1
trials[11].stage_calls.trust_run_attestation,1
trials[11].stage_calls.trust_signatures_all,4
trials[11].stage_seconds.analysis_workers_and_risk,0.08236440000473522
trials[11].stage_seconds.trust_run_attestation,0.633812999993097
trials[11].stage_seconds.trust_signatures_all,0.4476806999882683
trials[11].trial,3
trials[11].trust_verification_seconds,null
trials[11].trust_verified,null
trials[12].db_operations.execute,119
trials[12].db_operations.query_all,73
trials[12].db_operations.query_one,266
trials[12].db_operations_total,458
trials[12].decision_call_seconds,0.059461800003191456
trials[12].graph_checkpoints,7
trials[12].order_position,0
trials[12].outputs.finding_count,4
trials[12].outputs.recommendation_count,4
trials[12].outputs.risk_total_score,27.21
trials[12].outside_domain_stages_seconds,0.1310273000271991
trials[12].phase_after_decision_seconds,1.3608253999846056
trials[12].phase_to_review_seconds,0.1723665000172332
trials[12].processing_seconds,1.5331919000018388
trials[12].stage_calls.analysis_workers_and_risk,1
trials[12].stage_calls.audit_ledger_record_once,6
trials[12].stage_calls.recommendations,1
trials[12].stage_calls.trust_finalization,2
trials[12].stage_calls.trust_run_attestation,1
trials[12].stage_calls.trust_signatures_all,5
trials[12].stage_seconds.analysis_workers_and_risk,0.08692919998429716
trials[12].stage_seconds.audit_ledger_record_once,0.11110080001526512
trials[12].stage_seconds.recommendations,0.00893410001299344
trials[12].stage_seconds.trust_finalization,0.6768595999747049
trials[12].stage_seconds.trust_run_attestation,0.6294417000026442
trials[12].stage_seconds.trust_signatures_all,0.9154147000226658
trials[12].trial,4
trials[12].trust_verification_seconds,0.09653650000109337
trials[12].trust_verified,true
trials[13].db_operations.execute,86
trials[13].db_operations.query_all,38
trials[13].db_operations.query_one,129
trials[13].db_operations_total,253
trials[13].decision_call_seconds,0.0
trials[13].graph_checkpoints,null
trials[13].order_position,1
trials[13].outputs.finding_count,4
trials[13].outputs.recommendation_count,0
trials[13].outputs.risk_total_score,27.21
trials[13].outside_domain_stages_seconds,0.03212099999655038
trials[13].phase_after_decision_seconds,0.0
trials[13].phase_to_review_seconds,1.4382081000076141
trials[13].processing_seconds,1.4382081000076141
trials[13].stage_calls.analysis_workers_and_risk,1
trials[13].stage_calls.trust_run_attestation,1
trials[13].stage_calls.trust_signatures_all,4
trials[13].stage_seconds.analysis_workers_and_risk,0.07667420001234859
trials[13].stage_seconds.trust_run_attestation,1.3294128999987151
trials[13].stage_seconds.trust_signatures_all,0.9332367000170052
trials[13].trial,4
trials[13].trust_verification_seconds,null
trials[13].trust_verified,null
trials[14].db_operations.execute,117
trials[14].db_operations.query_all,68
trials[14].db_operations.query_one,235
trials[14].db_operations_total,420
trials[14].decision_call_seconds,0.04533320001792163
trials[14].graph_checkpoints,null
trials[14].order_position,2
trials[14].outputs.finding_count,4
trials[14].outputs.recommendation_count,4
trials[14].outputs.risk_total_score,27.21
trials[14].outside_domain_stages_seconds,0.07167309999931604
trials[14].phase_after_decision_seconds,1.7129192000138573
trials[14].phase_to_review_seconds,0.12502799998037517
trials[14].processing_seconds,1.8379471999942325
trials[14].stage_calls.analysis_workers_and_risk,2
trials[14].stage_calls.audit_ledger_record_once,3
trials[14].stage_calls.recommendations,2
trials[14].stage_calls.trust_finalization,1
trials[14].stage_calls.trust_run_attestation,1
trials[14].stage_calls.trust_signatures_all,5
trials[14].stage_seconds.analysis_workers_and_risk,0.08738409998477437
trials[14].stage_seconds.audit_ledger_record_once,0.06449900000006892
trials[14].stage_seconds.recommendations,0.0025059999898076057
trials[14].stage_seconds.trust_finalization,0.4092594000103418
trials[14].stage_seconds.trust_run_attestation,1.2671246000099927
trials[14].stage_seconds.trust_signatures_all,1.380531599977985
trials[14].trial,4
trials[14].trust_verification_seconds,0.07545160001609474
trials[14].trust_verified,true
trials[15].db_operations.execute,86
trials[15].db_operations.query_all,38
trials[15].db_operations.query_one,129
trials[15].db_operations_total,253
trials[15].decision_call_seconds,0.0
trials[15].graph_checkpoints,null
trials[15].order_position,0
trials[15].outputs.finding_count,4
trials[15].outputs.recommendation_count,0
trials[15].outputs.risk_total_score,27.21
trials[15].outside_domain_stages_seconds,0.030062499979976565
trials[15].phase_after_decision_seconds,0.0
trials[15].phase_to_review_seconds,1.8318519000022206
trials[15].processing_seconds,1.8318519000022206
trials[15].stage_calls.analysis_workers_and_risk,1
trials[15].stage_calls.trust_run_attestation,1
trials[15].stage_calls.trust_signatures_all,4
trials[15].stage_seconds.analysis_workers_and_risk,0.08741580002242699
trials[15].stage_seconds.trust_run_attestation,1.714373599999817
trials[15].stage_seconds.trust_signatures_all,1.4729691999964416
trials[15].trial,5
trials[15].trust_verification_seconds,null
trials[15].trust_verified,null
trials[16].db_operations.execute,117
trials[16].db_operations.query_all,68
trials[16].db_operations.query_one,235
trials[16].db_operations_total,420
trials[16].decision_call_seconds,0.05444549999083392
trials[16].graph_checkpoints,null
trials[16].order_position,1
trials[16].outputs.finding_count,4
trials[16].outputs.recommendation_count,4
trials[16].outputs.risk_total_score,27.21
trials[16].outside_domain_stages_seconds,0.06963749992428347
trials[16].phase_after_decision_seconds,0.9994628999847919
trials[16].phase_to_review_seconds,0.1287626999837812
trials[16].processing_seconds,1.128225599968573
trials[16].stage_calls.analysis_workers_and_risk,2
trials[16].stage_calls.audit_ledger_record_once,3
trials[16].stage_calls.recommendations,2
trials[16].stage_calls.trust_finalization,1
trials[16].stage_calls.trust_run_attestation,1
trials[16].stage_calls.trust_signatures_all,5
trials[16].stage_seconds.analysis_workers_and_risk,0.09613370001898147
trials[16].stage_seconds.audit_ledger_record_once,0.06616990000475198
trials[16].stage_seconds.recommendations,0.0032022000232245773
trials[16].stage_seconds.trust_finalization,0.28982340000220574
trials[16].stage_seconds.trust_run_attestation,0.6694287999998778
trials[16].stage_seconds.trust_signatures_all,0.5520549000357278
trials[16].trial,5
trials[16].trust_verification_seconds,0.09945389998028986
trials[16].trust_verified,true
trials[17].db_operations.execute,119
trials[17].db_operations.query_all,73
trials[17].db_operations.query_one,266
trials[17].db_operations_total,458
trials[17].decision_call_seconds,0.042343700013589114
trials[17].graph_checkpoints,7
trials[17].order_position,2
trials[17].outputs.finding_count,4
trials[17].outputs.recommendation_count,4
trials[17].outputs.risk_total_score,27.21
trials[17].outside_domain_stages_seconds,0.14631330003612675
trials[17].phase_after_decision_seconds,1.8836078000022098
trials[17].phase_to_review_seconds,0.1832570999977179
trials[17].processing_seconds,2.0668648999999277
trials[17].stage_calls.analysis_workers_and_risk,1
trials[17].stage_calls.audit_ledger_record_once,6
trials[17].stage_calls.recommendations,1
trials[17].stage_calls.trust_finalization,2
trials[17].stage_calls.trust_run_attestation,1
trials[17].stage_calls.trust_signatures_all,5
trials[17].stage_seconds.analysis_workers_and_risk,0.07869449999998324
trials[17].stage_seconds.audit_ledger_record_once,0.0983387999876868
trials[17].stage_seconds.recommendations,0.0037831999943591654
trials[17].stage_seconds.trust_finalization,0.45007509997230954
trials[17].stage_seconds.trust_run_attestation,1.387998799997149
trials[17].stage_seconds.trust_signatures_all,1.188689800008433
trials[17].trial,5
trials[17].trust_verification_seconds,0.07132699998328462
trials[17].trust_verified,true
trials[18].db_operations.execute,117
trials[18].db_operations.query_all,68
trials[18].db_operations.query_one,235
trials[18].db_operations_total,420
trials[18].decision_call_seconds,0.042003999988082796
trials[18].graph_checkpoints,null
trials[18].order_position,0
trials[18].outputs.finding_count,4
trials[18].outputs.recommendation_count,4
trials[18].outputs.risk_total_score,27.21
trials[18].outside_domain_stages_seconds,0.11183810004149564
trials[18].phase_after_decision_seconds,2.089457299996866
trials[18].phase_to_review_seconds,0.12085330000263639
trials[18].processing_seconds,2.2103105999995023
trials[18].stage_calls.analysis_workers_and_risk,2
trials[18].stage_calls.audit_ledger_record_once,3
trials[18].stage_calls.recommendations,2
trials[18].stage_calls.trust_finalization,1
trials[18].stage_calls.trust_run_attestation,1
trials[18].stage_calls.trust_signatures_all,5
trials[18].stage_seconds.analysis_workers_and_risk,0.08260689998860471
trials[18].stage_seconds.audit_ledger_record_once,0.05354420002549887
trials[18].stage_seconds.recommendations,0.002601799991680309
trials[18].stage_seconds.trust_finalization,0.29538999998476356
trials[18].stage_seconds.trust_run_attestation,1.717873799992958
trials[18].stage_seconds.trust_signatures_all,1.678374499984784
trials[18].trial,6
trials[18].trust_verification_seconds,0.07217830000445247
trials[18].trust_verified,true
trials[19].db_operations.execute,119
trials[19].db_operations.query_all,73
trials[19].db_operations.query_one,266
trials[19].db_operations_total,458
trials[19].decision_call_seconds,0.04850730000180192
trials[19].graph_checkpoints,7
trials[19].order_position,1
trials[19].outputs.finding_count,4
trials[19].outputs.recommendation_count,4
trials[19].outputs.risk_total_score,27.21
trials[19].outside_domain_stages_seconds,0.1570548999879975
trials[19].phase_after_decision_seconds,1.1125949999841396
trials[19].phase_to_review_seconds,0.1627726000151597
trials[19].processing_seconds,1.2753675999992993
trials[19].stage_calls.analysis_workers_and_risk,1
trials[19].stage_calls.audit_ledger_record_once,6
trials[19].stage_calls.recommendations,1
trials[19].stage_calls.trust_finalization,2
trials[19].stage_calls.trust_run_attestation,1
trials[19].stage_calls.trust_signatures_all,5
trials[19].stage_seconds.analysis_workers_and_risk,0.07908630001475103
trials[19].stage_seconds.audit_ledger_record_once,0.09980710005038418
trials[19].stage_seconds.recommendations,0.0038454000023193657
trials[19].stage_seconds.trust_finalization,0.38068919998477213
trials[19].stage_seconds.trust_run_attestation,0.6546918000094593
trials[19].stage_seconds.trust_signatures_all,0.5483474999491591
trials[19].trial,6
trials[19].trust_verification_seconds,0.10587149998173118
trials[19].trust_verified,true
trials[20].db_operations.execute,86
trials[20].db_operations.query_all,38
trials[20].db_operations.query_one,129
trials[20].db_operations_total,253
trials[20].decision_call_seconds,0.0
trials[20].graph_checkpoints,null
trials[20].order_position,2
trials[20].outputs.finding_count,4
trials[20].outputs.recommendation_count,0
trials[20].outputs.risk_total_score,27.21
trials[20].outside_domain_stages_seconds,0.03173889999743551
trials[20].phase_after_decision_seconds,0.0
trials[20].phase_to_review_seconds,1.006729799992172
trials[20].processing_seconds,1.006729799992172
trials[20].stage_calls.analysis_workers_and_risk,1
trials[20].stage_calls.trust_run_attestation,1
trials[20].stage_calls.trust_signatures_all,4
trials[20].stage_seconds.analysis_workers_and_risk,0.08611410000594333
trials[20].stage_seconds.trust_run_attestation,0.8888767999887932
trials[20].stage_seconds.trust_signatures_all,0.6876659000408836
trials[20].trial,6
trials[20].trust_verification_seconds,null
trials[20].trust_verified,null
trials[21].db_operations.execute,119
trials[21].db_operations.query_all,73
trials[21].db_operations.query_one,266
trials[21].db_operations_total,458
trials[21].decision_call_seconds,0.04313830001046881
trials[21].graph_checkpoints,7
trials[21].order_position,0
trials[21].outputs.finding_count,4
trials[21].outputs.recommendation_count,4
trials[21].outputs.risk_total_score,27.21
trials[21].outside_domain_stages_seconds,0.15257990002282895
trials[21].phase_after_decision_seconds,1.6406751000031363
trials[21].phase_to_review_seconds,0.18889879999915138
trials[21].processing_seconds,1.8295739000022877
trials[21].stage_calls.analysis_workers_and_risk,1
trials[21].stage_calls.audit_ledger_record_once,6
trials[21].stage_calls.recommendations,1
trials[21].stage_calls.trust_finalization,2
trials[21].stage_calls.trust_run_attestation,1
trials[21].stage_calls.trust_signatures_all,5
trials[21].stage_seconds.analysis_workers_and_risk,0.08771419999538921
trials[21].stage_seconds.audit_ledger_record_once,0.09236360000795685
trials[21].stage_seconds.recommendations,0.0021481000003404915
trials[21].stage_seconds.trust_finalization,0.5311131000053138
trials[21].stage_seconds.trust_run_attestation,1.0560185999784153
trials[21].stage_seconds.trust_signatures_all,1.0031426000059582
trials[21].trial,7
trials[21].trust_verification_seconds,0.08212279999861494
trials[21].trust_verified,true
trials[22].db_operations.execute,86
trials[22].db_operations.query_all,38
trials[22].db_operations.query_one,129
trials[22].db_operations_total,253
trials[22].decision_call_seconds,0.0
trials[22].graph_checkpoints,null
trials[22].order_position,1
trials[22].outputs.finding_count,4
trials[22].outputs.recommendation_count,0
trials[22].outputs.risk_total_score,27.21
trials[22].outside_domain_stages_seconds,0.029043199989246204
trials[22].phase_after_decision_seconds,0.0
trials[22].phase_to_review_seconds,1.1259633000008762
trials[22].processing_seconds,1.1259633000008762
trials[22].stage_calls.analysis_workers_and_risk,1
trials[22].stage_calls.trust_run_attestation,1
trials[22].stage_calls.trust_signatures_all,4
trials[22].stage_seconds.analysis_workers_and_risk,0.06601740000769496
trials[22].stage_seconds.trust_run_attestation,1.030902700003935
trials[22].stage_seconds.trust_signatures_all,0.6324837000283878
trials[22].trial,7
trials[22].trust_verification_seconds,null
trials[22].trust_verified,null
trials[23].db_operations.execute,117
trials[23].db_operations.query_all,68
trials[23].db_operations.query_one,235
trials[23].db_operations_total,420
trials[23].decision_call_seconds,0.03675570001360029
trials[23].graph_checkpoints,null
trials[23].order_position,2
trials[23].outputs.finding_count,4
trials[23].outputs.recommendation_count,4
trials[23].outputs.risk_total_score,27.21
trials[23].outside_domain_stages_seconds,0.06289380000089295
trials[23].phase_after_decision_seconds,1.6543406000128016
trials[23].phase_to_review_seconds,0.10645450002630241
trials[23].processing_seconds,1.760795100039104
trials[23].stage_calls.analysis_workers_and_risk,2
trials[23].stage_calls.audit_ledger_record_once,3
trials[23].stage_calls.recommendations,2
trials[23].stage_calls.trust_finalization,1
trials[23].stage_calls.trust_run_attestation,1
trials[23].stage_calls.trust_signatures_all,5
trials[23].stage_seconds.analysis_workers_and_risk,0.07222500001080334
trials[23].stage_seconds.audit_ledger_record_once,0.0543930999992881
trials[23].stage_seconds.recommendations,0.0026783000212162733
trials[23].stage_seconds.trust_finalization,0.21889429999282584
trials[23].stage_seconds.trust_run_attestation,1.4041037000133656
trials[23].stage_seconds.trust_signatures_all,1.2896946999826469
trials[23].trial,7
trials[23].trust_verification_seconds,0.06279339999309741
trials[23].trust_verified,true
trials[24].db_operations.execute,86
trials[24].db_operations.query_all,38
trials[24].db_operations.query_one,129
trials[24].db_operations_total,253
trials[24].decision_call_seconds,0.0
trials[24].graph_checkpoints,null
trials[24].order_position,0
trials[24].outputs.finding_count,4
trials[24].outputs.recommendation_count,0
trials[24].outputs.risk_total_score,27.21
trials[24].outside_domain_stages_seconds,0.026783800014527515
trials[24].phase_after_decision_seconds,0.0
trials[24].phase_to_review_seconds,0.6454028000007384
trials[24].processing_seconds,0.6454028000007384
trials[24].stage_calls.analysis_workers_and_risk,1
trials[24].stage_calls.trust_run_attestation,1
trials[24].stage_calls.trust_signatures_all,4
trials[24].stage_seconds.analysis_workers_and_risk,0.06779370000003837
trials[24].stage_seconds.trust_run_attestation,0.5508252999861725
trials[24].stage_seconds.trust_signatures_all,0.42912169996998273
trials[24].trial,8
trials[24].trust_verification_seconds,null
trials[24].trust_verified,null
trials[25].db_operations.execute,117
trials[25].db_operations.query_all,68
trials[25].db_operations.query_one,235
trials[25].db_operations_total,420
trials[25].decision_call_seconds,0.04250829998636618
trials[25].graph_checkpoints,null
trials[25].order_position,1
trials[25].outputs.finding_count,4
trials[25].outputs.recommendation_count,4
trials[25].outputs.risk_total_score,27.21
trials[25].outside_domain_stages_seconds,0.05836779999663122
trials[25].phase_after_decision_seconds,1.1174230999895371
trials[25].phase_to_review_seconds,0.10255499999038875
trials[25].processing_seconds,1.219978099979926
trials[25].stage_calls.analysis_workers_and_risk,2
trials[25].stage_calls.audit_ledger_record_once,3
trials[25].stage_calls.recommendations,2
trials[25].stage_calls.trust_finalization,1
trials[25].stage_calls.trust_run_attestation,1
trials[25].stage_calls.trust_signatures_all,5
trials[25].stage_seconds.analysis_workers_and_risk,0.07207029999699444
trials[25].stage_seconds.audit_ledger_record_once,0.05339230000390671
trials[25].stage_seconds.recommendations,0.0027735999901778996
trials[25].stage_seconds.trust_finalization,0.24928010001895018
trials[25].stage_seconds.trust_run_attestation,0.8374862999771722
trials[25].stage_seconds.trust_signatures_all,0.5795069999876432
trials[25].trial,8
trials[25].trust_verification_seconds,0.058927000005496666
trials[25].trust_verified,true
trials[26].db_operations.execute,119
trials[26].db_operations.query_all,73
trials[26].db_operations.query_one,266
trials[26].db_operations_total,458
trials[26].decision_call_seconds,0.036094000010052696
trials[26].graph_checkpoints,7
trials[26].order_position,2
trials[26].outputs.finding_count,4
trials[26].outputs.recommendation_count,4
trials[26].outputs.risk_total_score,27.21
trials[26].outside_domain_stages_seconds,0.11620930003118701
trials[26].phase_after_decision_seconds,1.5526073000219185
trials[26].phase_to_review_seconds,0.15376320001087151
trials[26].processing_seconds,1.70637050003279
trials[26].stage_calls.analysis_workers_and_risk,1
trials[26].stage_calls.audit_ledger_record_once,6
trials[26].stage_calls.recommendations,1
trials[26].stage_calls.trust_finalization,2
trials[26].stage_calls.trust_run_attestation,1
trials[26].stage_calls.trust_signatures_all,5
trials[26].stage_seconds.analysis_workers_and_risk,0.07701080001424998
trials[26].stage_seconds.audit_ledger_record_once,0.08211629994912073
trials[26].stage_seconds.recommendations,0.002705000020796433
trials[26].stage_seconds.trust_finalization,0.5495814999740105
trials[26].stage_seconds.trust_run_attestation,0.9608638999925461
trials[26].stage_seconds.trust_signatures_all,1.0471665000368375
trials[26].trial,8
trials[26].trust_verification_seconds,0.0646439999982249
trials[26].trust_verified,true
trials[27].db_operations.execute,117
trials[27].db_operations.query_all,68
trials[27].db_operations.query_one,235
trials[27].db_operations_total,420
trials[27].decision_call_seconds,0.03560609999112785
trials[27].graph_checkpoints,null
trials[27].order_position,0
trials[27].outputs.finding_count,4
trials[27].outputs.recommendation_count,4
trials[27].outputs.risk_total_score,27.21
trials[27].outside_domain_stages_seconds,0.05543969996506348
trials[27].phase_after_decision_seconds,1.1948257999902125
trials[27].phase_to_review_seconds,0.0994308999797795
trials[27].processing_seconds,1.294256699969992
trials[27].stage_calls.analysis_workers_and_risk,2
trials[27].stage_calls.audit_ledger_record_once,3
trials[27].stage_calls.recommendations,2
trials[27].stage_calls.trust_finalization,1
trials[27].stage_calls.trust_run_attestation,1
trials[27].stage_calls.trust_signatures_all,5
trials[27].stage_seconds.analysis_workers_and_risk,0.07194180000806227
trials[27].stage_seconds.audit_ledger_record_once,0.05101039999863133
trials[27].stage_seconds.recommendations,0.003616000001784414
trials[27].stage_seconds.trust_finalization,0.3591950999980327
trials[27].stage_seconds.trust_run_attestation,0.8040640999970492
trials[27].stage_seconds.trust_signatures_all,0.9470708000008017
trials[27].trial,9
trials[27].trust_verification_seconds,0.061697700002696365
trials[27].trust_verified,true
trials[28].db_operations.execute,119
trials[28].db_operations.query_all,73
trials[28].db_operations.query_one,266
trials[28].db_operations_total,458
trials[28].decision_call_seconds,0.038063099986175075
trials[28].graph_checkpoints,7
trials[28].order_position,1
trials[28].outputs.finding_count,4
trials[28].outputs.recommendation_count,4
trials[28].outputs.risk_total_score,27.21
trials[28].outside_domain_stages_seconds,0.11227800001506694
trials[28].phase_after_decision_seconds,1.2974367999995593
trials[28].phase_to_review_seconds,0.15269699998316355
trials[28].processing_seconds,1.4501337999827228
trials[28].stage_calls.analysis_workers_and_risk,1
trials[28].stage_calls.audit_ledger_record_once,6
trials[28].stage_calls.recommendations,1
trials[28].stage_calls.trust_finalization,2
trials[28].stage_calls.trust_run_attestation,1
trials[28].stage_calls.trust_signatures_all,5
trials[28].stage_seconds.analysis_workers_and_risk,0.07768139999825507
trials[28].stage_seconds.audit_ledger_record_once,0.07708120002644137
trials[28].stage_seconds.recommendations,0.0027162999904248863
trials[28].stage_seconds.trust_finalization,0.2991236999805551
trials[28].stage_seconds.trust_run_attestation,0.9583343999984208
trials[28].stage_seconds.trust_signatures_all,0.8814656999893486
trials[28].trial,9
trials[28].trust_verification_seconds,0.06012689997442067
trials[28].trust_verified,true
trials[29].db_operations.execute,86
trials[29].db_operations.query_all,38
trials[29].db_operations.query_one,129
trials[29].db_operations_total,253
trials[29].decision_call_seconds,0.0
trials[29].graph_checkpoints,null
trials[29].order_position,2
trials[29].outputs.finding_count,4
trials[29].outputs.recommendation_count,0
trials[29].outputs.risk_total_score,27.21
trials[29].outside_domain_stages_seconds,0.029391700023552403
trials[29].phase_after_decision_seconds,0.0
trials[29].phase_to_review_seconds,0.9003133000223897
trials[29].processing_seconds,0.9003133000223897
trials[29].stage_calls.analysis_workers_and_risk,1
trials[29].stage_calls.trust_run_attestation,1
trials[29].stage_calls.trust_signatures_all,4
trials[29].stage_seconds.analysis_workers_and_risk,0.08111669999198057
trials[29].stage_seconds.trust_run_attestation,0.7898049000068568
trials[29].stage_seconds.trust_signatures_all,0.5055338000238407
trials[29].trial,9
trials[29].trust_verification_seconds,null
trials[29].trust_verified,null
trials[30].db_operations.execute,119
trials[30].db_operations.query_all,73
trials[30].db_operations.query_one,266
trials[30].db_operations_total,458
trials[30].decision_call_seconds,0.03664179999032058
trials[30].graph_checkpoints,7
trials[30].order_position,0
trials[30].outputs.finding_count,4
trials[30].outputs.recommendation_count,4
trials[30].outputs.risk_total_score,27.21
trials[30].outside_domain_stages_seconds,0.11464310000883415
trials[30].phase_after_decision_seconds,1.382081100018695
trials[30].phase_to_review_seconds,0.15299629999208264
trials[30].processing_seconds,1.5350774000107776
trials[30].stage_calls.analysis_workers_and_risk,1
trials[30].stage_calls.audit_ledger_record_once,6
trials[30].stage_calls.recommendations,1
trials[30].stage_calls.trust_finalization,2
trials[30].stage_calls.trust_run_attestation,1
trials[30].stage_calls.trust_signatures_all,5
trials[30].stage_seconds.analysis_workers_and_risk,0.07551779999630526
trials[30].stage_seconds.audit_ledger_record_once,0.08127649998641573
trials[30].stage_seconds.recommendations,0.002270400000270456
trials[30].stage_seconds.trust_finalization,0.28511490000528283
trials[30].stage_seconds.trust_run_attestation,1.057531200000085
trials[30].stage_seconds.trust_signatures_all,0.8895436000311747
trials[30].trial,10
trials[30].trust_verification_seconds,0.06304130001808517
trials[30].trust_verified,true
trials[31].db_operations.execute,86
trials[31].db_operations.query_all,38
trials[31].db_operations.query_one,129
trials[31].db_operations_total,253
trials[31].decision_call_seconds,0.0
trials[31].graph_checkpoints,null
trials[31].order_position,1
trials[31].outputs.finding_count,4
trials[31].outputs.recommendation_count,0
trials[31].outputs.risk_total_score,27.21
trials[31].outside_domain_stages_seconds,0.026162399968598038
trials[31].phase_after_decision_seconds,0.0
trials[31].phase_to_review_seconds,2.0442895000160206
trials[31].processing_seconds,2.0442895000160206
trials[31].stage_calls.analysis_workers_and_risk,1
trials[31].stage_calls.trust_run_attestation,1
trials[31].stage_calls.trust_signatures_all,4
trials[31].stage_seconds.analysis_workers_and_risk,0.06935290002729744
trials[31].stage_seconds.trust_run_attestation,1.9487742000201251
trials[31].stage_seconds.trust_signatures_all,0.6777562000206672
trials[31].trial,10
trials[31].trust_verification_seconds,null
trials[31].trust_verified,null
trials[32].db_operations.execute,117
trials[32].db_operations.query_all,68
trials[32].db_operations.query_one,235
trials[32].db_operations_total,420
trials[32].decision_call_seconds,0.038172700005816296
trials[32].graph_checkpoints,null
trials[32].order_position,2
trials[32].outputs.finding_count,4
trials[32].outputs.recommendation_count,4
trials[32].outputs.risk_total_score,27.21
trials[32].outside_domain_stages_seconds,0.05169300001580268
trials[32].phase_after_decision_seconds,0.7185047999955714
trials[32].phase_to_review_seconds,0.09828249999554828
trials[32].processing_seconds,0.8167872999911197
trials[32].stage_calls.analysis_workers_and_risk,2
trials[32].stage_calls.audit_ledger_record_once,3
trials[32].stage_calls.recommendations,2
trials[32].stage_calls.trust_finalization,1
trials[32].stage_calls.trust_run_attestation,1
trials[32].stage_calls.trust_signatures_all,5
trials[32].stage_seconds.analysis_workers_and_risk,0.07259149997844361
trials[32].stage_seconds.audit_ledger_record_once,0.05106649996014312
trials[32].stage_seconds.recommendations,0.002929600013885647
trials[32].stage_seconds.trust_finalization,0.2403819999890402
trials[32].stage_seconds.trust_run_attestation,0.4491911999939475
trials[32].stage_seconds.trust_signatures_all,0.4758399000274949
trials[32].trial,10
trials[32].trust_verification_seconds,0.0637529999949038
trials[32].trust_verified,true
trials[33].db_operations.execute,86
trials[33].db_operations.query_all,38
trials[33].db_operations.query_one,129
trials[33].db_operations_total,253
trials[33].decision_call_seconds,0.0
trials[33].graph_checkpoints,null
trials[33].order_position,0
trials[33].outputs.finding_count,4
trials[33].outputs.recommendation_count,0
trials[33].outputs.risk_total_score,27.21
trials[33].outside_domain_stages_seconds,0.028352500026812777
trials[33].phase_after_decision_seconds,0.0
trials[33].phase_to_review_seconds,0.876181200001156
trials[33].processing_seconds,0.876181200001156
trials[33].stage_calls.analysis_workers_and_risk,1
trials[33].stage_calls.trust_run_attestation,1
trials[33].stage_calls.trust_signatures_all,4
trials[33].stage_seconds.analysis_workers_and_risk,0.07346339998184703
trials[33].stage_seconds.trust_run_attestation,0.7743652999924961
trials[33].stage_seconds.trust_signatures_all,0.3995627999829594
trials[33].trial,11
trials[33].trust_verification_seconds,null
trials[33].trust_verified,null
trials[34].db_operations.execute,117
trials[34].db_operations.query_all,68
trials[34].db_operations.query_one,235
trials[34].db_operations_total,420
trials[34].decision_call_seconds,0.03723710001213476
trials[34].graph_checkpoints,null
trials[34].order_position,1
trials[34].outputs.finding_count,4
trials[34].outputs.recommendation_count,4
trials[34].outputs.risk_total_score,27.21
trials[34].outside_domain_stages_seconds,0.053260099986800924
trials[34].phase_after_decision_seconds,1.5847495999769308
trials[34].phase_to_review_seconds,0.09547659999225289
trials[34].processing_seconds,1.6802261999691837
trials[34].stage_calls.analysis_workers_and_risk,2
trials[34].stage_calls.audit_ledger_record_once,3
trials[34].stage_calls.recommendations,2
trials[34].stage_calls.trust_finalization,1
trials[34].stage_calls.trust_run_attestation,1
trials[34].stage_calls.trust_signatures_all,5
trials[34].stage_seconds.analysis_workers_and_risk,0.06899519998114556
trials[34].stage_seconds.audit_ledger_record_once,0.05294389999471605
trials[34].stage_seconds.recommendations,0.0028318999975454062
trials[34].stage_seconds.trust_finalization,0.3843905000248924
trials[34].stage_seconds.trust_run_attestation,1.1707484999787994
trials[34].stage_seconds.trust_signatures_all,1.0297475999977905
trials[34].trial,11
trials[34].trust_verification_seconds,0.06930269999429584
trials[34].trust_verified,true
trials[35].db_operations.execute,119
trials[35].db_operations.query_all,73
trials[35].db_operations.query_one,266
trials[35].db_operations_total,458
trials[35].decision_call_seconds,0.03790809999918565
trials[35].graph_checkpoints,7
trials[35].order_position,2
trials[35].outputs.finding_count,4
trials[35].outputs.recommendation_count,4
trials[35].outputs.risk_total_score,27.21
trials[35].outside_domain_stages_seconds,0.11076259997207671
trials[35].phase_after_decision_seconds,2.254374000011012
trials[35].phase_to_review_seconds,0.13879709999309853
trials[35].processing_seconds,2.3931711000041105
trials[35].stage_calls.analysis_workers_and_risk,1
trials[35].stage_calls.audit_ledger_record_once,6
trials[35].stage_calls.recommendations,1
trials[35].stage_calls.trust_finalization,2
trials[35].stage_calls.trust_run_attestation,1
trials[35].stage_calls.trust_signatures_all,5
trials[35].stage_seconds.analysis_workers_and_risk,0.06635959999402985
trials[35].stage_seconds.audit_ledger_record_once,0.07917869996163063
trials[35].stage_seconds.recommendations,0.0024836000229697675
trials[35].stage_seconds.trust_finalization,0.4436588000098709
trials[35].stage_seconds.trust_run_attestation,1.7699065000051633
trials[35].stage_seconds.trust_signatures_all,1.6379171000153292
trials[35].trial,11
trials[35].trust_verification_seconds,0.059854399994947016
trials[35].trust_verified,true
trials[36].db_operations.execute,117
trials[36].db_operations.query_all,68
trials[36].db_operations.query_one,235
trials[36].db_operations_total,420
trials[36].decision_call_seconds,0.04087259998777881
trials[36].graph_checkpoints,null
trials[36].order_position,0
trials[36].outputs.finding_count,4
trials[36].outputs.recommendation_count,4
trials[36].outputs.risk_total_score,27.21
trials[36].outside_domain_stages_seconds,0.053067299944814295
trials[36].phase_after_decision_seconds,1.3548405999899842
trials[36].phase_to_review_seconds,0.09228539999458008
trials[36].processing_seconds,1.4471259999845643
trials[36].stage_calls.analysis_workers_and_risk,2
trials[36].stage_calls.audit_ledger_record_once,3
trials[36].stage_calls.recommendations,2
trials[36].stage_calls.trust_finalization,1
trials[36].stage_calls.trust_run_attestation,1
trials[36].stage_calls.trust_signatures_all,5
trials[36].stage_seconds.analysis_workers_and_risk,0.06656060001114383
trials[36].stage_seconds.audit_ledger_record_once,0.05901999998604879
trials[36].stage_seconds.recommendations,0.0026929000159725547
trials[36].stage_seconds.trust_finalization,0.6228998000151478
trials[36].stage_seconds.trust_run_attestation,0.7019053999974858
trials[36].stage_seconds.trust_signatures_all,1.0681995000049938
trials[36].trial,12
trials[36].trust_verification_seconds,0.06243890000041574
trials[36].trust_verified,true
trials[37].db_operations.execute,119
trials[37].db_operations.query_all,73
trials[37].db_operations.query_one,266
trials[37].db_operations_total,458
trials[37].decision_call_seconds,0.03664730000309646
trials[37].graph_checkpoints,7
trials[37].order_position,1
trials[37].outputs.finding_count,4
trials[37].outputs.recommendation_count,4
trials[37].outputs.risk_total_score,27.21
trials[37].outside_domain_stages_seconds,0.11357630003476515
trials[37].phase_after_decision_seconds,1.48865929999738
trials[37].phase_to_review_seconds,0.1475380000192672
trials[37].processing_seconds,1.6361973000166472
trials[37].stage_calls.analysis_workers_and_risk,1
trials[37].stage_calls.audit_ledger_record_once,6
trials[37].stage_calls.recommendations,1
trials[37].stage_calls.trust_finalization,2
trials[37].stage_calls.trust_run_attestation,1
trials[37].stage_calls.trust_signatures_all,5
trials[37].stage_seconds.analysis_workers_and_risk,0.07210889999987558
trials[37].stage_seconds.audit_ledger_record_once,0.07856000002357177
trials[37].stage_seconds.recommendations,0.004317099985200912
trials[37].stage_seconds.trust_finalization,0.3646089999820106
trials[37].stage_seconds.trust_run_attestation,1.081586000014795
trials[37].stage_seconds.trust_signatures_all,1.0622194000170566
trials[37].trial,12
trials[37].trust_verification_seconds,0.0593442999816034
trials[37].trust_verified,true
trials[38].db_operations.execute,86
trials[38].db_operations.query_all,38
trials[38].db_operations.query_one,129
trials[38].db_operations_total,253
trials[38].decision_call_seconds,0.0
trials[38].graph_checkpoints,null
trials[38].order_position,2
trials[38].outputs.finding_count,4
trials[38].outputs.recommendation_count,0
trials[38].outputs.risk_total_score,27.21
trials[38].outside_domain_stages_seconds,0.03078309996635653
trials[38].phase_after_decision_seconds,0.0
trials[38].phase_to_review_seconds,0.5933612999797333
trials[38].processing_seconds,0.5933612999797333
trials[38].stage_calls.analysis_workers_and_risk,1
trials[38].stage_calls.trust_run_attestation,1
trials[38].stage_calls.trust_signatures_all,4
trials[38].stage_seconds.analysis_workers_and_risk,0.06570600002305582
trials[38].stage_seconds.trust_run_attestation,0.49687219999032095
trials[38].stage_seconds.trust_signatures_all,0.33026029999018647
trials[38].trial,12
trials[38].trust_verification_seconds,null
trials[38].trust_verified,null
trials[39].db_operations.execute,119
trials[39].db_operations.query_all,73
trials[39].db_operations.query_one,266
trials[39].db_operations_total,458
trials[39].decision_call_seconds,0.03647679998539388
trials[39].graph_checkpoints,7
trials[39].order_position,0
trials[39].outputs.finding_count,4
trials[39].outputs.recommendation_count,4
trials[39].outputs.risk_total_score,27.21
trials[39].outside_domain_stages_seconds,0.11661440003081225
trials[39].phase_after_decision_seconds,1.206014099996537
trials[39].phase_to_review_seconds,0.15428330001304857
trials[39].processing_seconds,1.3602974000095855
trials[39].stage_calls.analysis_workers_and_risk,1
trials[39].stage_calls.audit_ledger_record_once,6
trials[39].stage_calls.recommendations,1
trials[39].stage_calls.trust_finalization,2
trials[39].stage_calls.trust_run_attestation,1
trials[39].stage_calls.trust_signatures_all,5
trials[39].stage_seconds.analysis_workers_and_risk,0.07374610000988469
trials[39].stage_seconds.audit_ledger_record_once,0.08145529995090328
trials[39].stage_seconds.recommendations,0.0021650999842677265
trials[39].stage_seconds.trust_finalization,0.35762519997661
trials[39].stage_seconds.trust_run_attestation,0.8101466000080109
trials[39].stage_seconds.trust_signatures_all,0.7864546999335289
trials[39].trial,13
trials[39].trust_verification_seconds,0.06083010000293143
trials[39].trust_verified,true
trials[40].db_operations.execute,86
trials[40].db_operations.query_all,38
trials[40].db_operations.query_one,129
trials[40].db_operations_total,253
trials[40].decision_call_seconds,0.0
trials[40].graph_checkpoints,null
trials[40].order_position,1
trials[40].outputs.finding_count,4
trials[40].outputs.recommendation_count,0
trials[40].outputs.risk_total_score,27.21
trials[40].outside_domain_stages_seconds,0.028156100015621632
trials[40].phase_after_decision_seconds,0.0
trials[40].phase_to_review_seconds,0.9667251000064425
trials[40].processing_seconds,0.9667251000064425
trials[40].stage_calls.analysis_workers_and_risk,1
trials[40].stage_calls.trust_run_attestation,1
trials[40].stage_calls.trust_signatures_all,4
trials[40].stage_seconds.analysis_workers_and_risk,0.0780316999880597
trials[40].stage_seconds.trust_run_attestation,0.8605373000027612
trials[40].stage_seconds.trust_signatures_all,0.609067600016715
trials[40].trial,13
trials[40].trust_verification_seconds,null
trials[40].trust_verified,null
trials[41].db_operations.execute,117
trials[41].db_operations.query_all,68
trials[41].db_operations.query_one,235
trials[41].db_operations_total,420
trials[41].decision_call_seconds,0.03709949998301454
trials[41].graph_checkpoints,null
trials[41].order_position,2
trials[41].outputs.finding_count,4
trials[41].outputs.recommendation_count,4
trials[41].outputs.risk_total_score,27.21
trials[41].outside_domain_stages_seconds,0.05467690000659786
trials[41].phase_after_decision_seconds,1.0295802000036929
trials[41].phase_to_review_seconds,0.09736899999552406
trials[41].processing_seconds,1.126949199999217
trials[41].stage_calls.analysis_workers_and_risk,2
trials[41].stage_calls.audit_ledger_record_once,3
trials[41].stage_calls.recommendations,2
trials[41].stage_calls.trust_finalization,1
trials[41].stage_calls.trust_run_attestation,1
trials[41].stage_calls.trust_signatures_all,5
trials[41].stage_seconds.analysis_workers_and_risk,0.07037480000872165
trials[41].stage_seconds.audit_ledger_record_once,0.05599590000929311
trials[41].stage_seconds.recommendations,0.00259719998575747
trials[41].stage_seconds.trust_finalization,0.28245510000851937
trials[41].stage_seconds.trust_run_attestation,0.7168451999896206
trials[41].stage_seconds.trust_signatures_all,0.7366239999828395
trials[41].trial,13
trials[41].trust_verification_seconds,0.06279350002296269
trials[41].trust_verified,true
trials[42].db_operations.execute,86
trials[42].db_operations.query_all,38
trials[42].db_operations.query_one,129
trials[42].db_operations_total,253
trials[42].decision_call_seconds,0.0
trials[42].graph_checkpoints,null
trials[42].order_position,0
trials[42].outputs.finding_count,4
trials[42].outputs.recommendation_count,0
trials[42].outputs.risk_total_score,27.21
trials[42].outside_domain_stages_seconds,0.030799400032265112
trials[42].phase_after_decision_seconds,0.0
trials[42].phase_to_review_seconds,0.7399467000213917
trials[42].processing_seconds,0.7399467000213917
trials[42].stage_calls.analysis_workers_and_risk,1
trials[42].stage_calls.trust_run_attestation,1
trials[42].stage_calls.trust_signatures_all,4
trials[42].stage_seconds.analysis_workers_and_risk,0.07008679999853484
trials[42].stage_seconds.trust_run_attestation,0.6390604999905918
trials[42].stage_seconds.trust_signatures_all,0.5532636000134517
trials[42].trial,14
trials[42].trust_verification_seconds,null
trials[42].trust_verified,null
trials[43].db_operations.execute,117
trials[43].db_operations.query_all,68
trials[43].db_operations.query_one,235
trials[43].db_operations_total,420
trials[43].decision_call_seconds,0.040416100004222244
trials[43].graph_checkpoints,null
trials[43].order_position,1
trials[43].outputs.finding_count,4
trials[43].outputs.recommendation_count,4
trials[43].outputs.risk_total_score,27.21
trials[43].outside_domain_stages_seconds,0.05506819995935075
trials[43].phase_after_decision_seconds,0.8313595999788959
trials[43].phase_to_review_seconds,0.10088509999332018
trials[43].processing_seconds,0.932244699972216
trials[43].stage_calls.analysis_workers_and_risk,2
trials[43].stage_calls.audit_ledger_record_once,3
trials[43].stage_calls.recommendations,2
trials[43].stage_calls.trust_finalization,1
trials[43].stage_calls.trust_run_attestation,1
trials[43].stage_calls.trust_signatures_all,5
trials[43].stage_seconds.analysis_workers_and_risk,0.0718600999971386
trials[43].stage_seconds.audit_ledger_record_once,0.05544309999095276
trials[43].stage_seconds.recommendations,0.003498400008538738
trials[43].stage_seconds.trust_finalization,0.28092230000765994
trials[43].stage_seconds.trust_run_attestation,0.520895699999528
trials[43].stage_seconds.trust_signatures_all,0.524545800028136
trials[43].trial,14
trials[43].trust_verification_seconds,0.06277740001678467
trials[43].trust_verified,true
trials[44].db_operations.execute,119
trials[44].db_operations.query_all,73
trials[44].db_operations.query_one,266
trials[44].db_operations_total,458
trials[44].decision_call_seconds,0.0450626999954693
trials[44].graph_checkpoints,7
trials[44].order_position,2
trials[44].outputs.finding_count,4
trials[44].outputs.recommendation_count,4
trials[44].outputs.risk_total_score,27.21
trials[44].outside_domain_stages_seconds,0.11232350001228042
trials[44].phase_after_decision_seconds,1.4536597999976948
trials[44].phase_to_review_seconds,0.15051110001513734
trials[44].processing_seconds,1.6041709000128321
trials[44].stage_calls.analysis_workers_and_risk,1
trials[44].stage_calls.audit_ledger_record_once,6
trials[44].stage_calls.recommendations,1
trials[44].stage_calls.trust_finalization,2
trials[44].stage_calls.trust_run_attestation,1
trials[44].stage_calls.trust_signatures_all,5
trials[44].stage_seconds.analysis_workers_and_risk,0.0748322999861557
trials[44].stage_seconds.audit_ledger_record_once,0.07879410000168718
trials[44].stage_seconds.recommendations,0.0032648000051267445
trials[44].stage_seconds.trust_finalization,0.31388200001674704
trials[44].stage_seconds.trust_run_attestation,1.0998682999925222
trials[44].stage_seconds.trust_signatures_all,0.9761280000093393
trials[44].trial,14
trials[44].trust_verification_seconds,0.060442999994847924
trials[44].trust_verified,true
trials[45].db_operations.execute,117
trials[45].db_operations.query_all,68
trials[45].db_operations.query_one,235
trials[45].db_operations_total,420
trials[45].decision_call_seconds,0.03773060001549311
trials[45].graph_checkpoints,null
trials[45].order_position,0
trials[45].outputs.finding_count,4
trials[45].outputs.recommendation_count,4
trials[45].outputs.risk_total_score,27.21
trials[45].outside_domain_stages_seconds,0.06156649999320507
trials[45].phase_after_decision_seconds,0.9678506000200287
trials[45].phase_to_review_seconds,0.10339350000140257
trials[45].processing_seconds,1.0712441000214312
trials[45].stage_calls.analysis_workers_and_risk,2
trials[45].stage_calls.audit_ledger_record_once,3
trials[45].stage_calls.recommendations,2
trials[45].stage_calls.trust_finalization,1
trials[45].stage_calls.trust_run_attestation,1
trials[45].stage_calls.trust_signatures_all,5
trials[45].stage_seconds.analysis_workers_and_risk,0.07608120000804774
trials[45].stage_seconds.audit_ledger_record_once,0.057269099983386695
trials[45].stage_seconds.recommendations,0.00298389999079518
trials[45].stage_seconds.trust_finalization,0.2568324000167195
trials[45].stage_seconds.trust_run_attestation,0.6737801000126638
trials[45].stage_seconds.trust_signatures_all,0.6272195000201464
trials[45].trial,15
trials[45].trust_verification_seconds,0.06389499999932013
trials[45].trust_verified,true
trials[46].db_operations.execute,119
trials[46].db_operations.query_all,73
trials[46].db_operations.query_one,266
trials[46].db_operations_total,458
trials[46].decision_call_seconds,0.036817200016230345
trials[46].graph_checkpoints,7
trials[46].order_position,1
trials[46].outputs.finding_count,4
trials[46].outputs.recommendation_count,4
trials[46].outputs.risk_total_score,27.21
trials[46].outside_domain_stages_seconds,0.11565219995100051
trials[46].phase_after_decision_seconds,1.094900800002506
trials[46].phase_to_review_seconds,0.14795220000087284
trials[46].processing_seconds,1.2428530000033788
trials[46].stage_calls.analysis_workers_and_risk,1
trials[46].stage_calls.audit_ledger_record_once,6
trials[46].stage_calls.recommendations,1
trials[46].stage_calls.trust_finalization,2
trials[46].stage_calls.trust_run_attestation,1
trials[46].stage_calls.trust_signatures_all,5
trials[46].stage_seconds.analysis_workers_and_risk,0.06911630000104196
trials[46].stage_seconds.audit_ledger_record_once,0.08302970000659116
trials[46].stage_seconds.recommendations,0.002204500022344291
trials[46].stage_seconds.trust_finalization,0.2912052000174299
trials[46].stage_seconds.trust_run_attestation,0.7646748000115622
trials[46].stage_seconds.trust_signatures_all,0.675213199981954
trials[46].trial,15
trials[46].trust_verification_seconds,0.05886739998823032
trials[46].trust_verified,true
trials[47].db_operations.execute,86
trials[47].db_operations.query_all,38
trials[47].db_operations.query_one,129
trials[47].db_operations_total,253
trials[47].decision_call_seconds,0.0
trials[47].graph_checkpoints,null
trials[47].order_position,2
trials[47].outputs.finding_count,4
trials[47].outputs.recommendation_count,0
trials[47].outputs.risk_total_score,27.21
trials[47].outside_domain_stages_seconds,0.02948109997669235
trials[47].phase_after_decision_seconds,0.0
trials[47].phase_to_review_seconds,1.2167889999982435
trials[47].processing_seconds,1.2167889999982435
trials[47].stage_calls.analysis_workers_and_risk,1
trials[47].stage_calls.trust_run_attestation,1
trials[47].stage_calls.trust_signatures_all,4
trials[47].stage_seconds.analysis_workers_and_risk,0.07048819999909028
trials[47].stage_seconds.trust_run_attestation,1.116819700022461
trials[47].stage_seconds.trust_signatures_all,0.9335978000017349
trials[47].trial,15
trials[47].trust_verification_seconds,null
trials[47].trust_verified,null
trials[48].db_operations.execute,119
trials[48].db_operations.query_all,73
trials[48].db_operations.query_one,266
trials[48].db_operations_total,458
trials[48].decision_call_seconds,0.03851469999062829
trials[48].graph_checkpoints,7
trials[48].order_position,0
trials[48].outputs.finding_count,4
trials[48].outputs.recommendation_count,4
trials[48].outputs.risk_total_score,27.21
trials[48].outside_domain_stages_seconds,0.10494490008568391
trials[48].phase_after_decision_seconds,1.1163648000219837
trials[48].phase_to_review_seconds,0.13566510000964627
trials[48].processing_seconds,1.25202990003163
trials[48].stage_calls.analysis_workers_and_risk,1
trials[48].stage_calls.audit_ledger_record_once,6
trials[48].stage_calls.recommendations,1
trials[48].stage_calls.trust_finalization,2
trials[48].stage_calls.trust_run_attestation,1
trials[48].stage_calls.trust_signatures_all,5
trials[48].stage_seconds.analysis_workers_and_risk,0.06426049998844974
trials[48].stage_seconds.audit_ledger_record_once,0.07550659999833442
trials[48].stage_seconds.recommendations,0.0023407999833580106
trials[48].stage_seconds.trust_finalization,0.48613409997778945
trials[48].stage_seconds.trust_run_attestation,0.5943495999963488
trials[48].stage_seconds.trust_signatures_all,0.66537440000684
trials[48].trial,16
trials[48].trust_verification_seconds,0.05722010001773015
trials[48].trust_verified,true
trials[49].db_operations.execute,86
trials[49].db_operations.query_all,38
trials[49].db_operations.query_one,129
trials[49].db_operations_total,253
trials[49].decision_call_seconds,0.0
trials[49].graph_checkpoints,null
trials[49].order_position,1
trials[49].outputs.finding_count,4
trials[49].outputs.recommendation_count,0
trials[49].outputs.risk_total_score,27.21
trials[49].outside_domain_stages_seconds,0.02791189998970367
trials[49].phase_after_decision_seconds,0.0
trials[49].phase_to_review_seconds,1.222235199995339
trials[49].processing_seconds,1.222235199995339
trials[49].stage_calls.analysis_workers_and_risk,1
trials[49].stage_calls.trust_run_attestation,1
trials[49].stage_calls.trust_signatures_all,4
trials[49].stage_seconds.analysis_workers_and_risk,0.07015459999092855
trials[49].stage_seconds.trust_run_attestation,1.1241687000147067
trials[49].stage_seconds.trust_signatures_all,0.8857044999895152
trials[49].trial,16
trials[49].trust_verification_seconds,null
trials[49].trust_verified,null
trials[50].db_operations.execute,117
trials[50].db_operations.query_all,68
trials[50].db_operations.query_one,235
trials[50].db_operations_total,420
trials[50].decision_call_seconds,0.03656469998531975
trials[50].graph_checkpoints,null
trials[50].order_position,2
trials[50].outputs.finding_count,4
trials[50].outputs.recommendation_count,4
trials[50].outputs.risk_total_score,27.21
trials[50].outside_domain_stages_seconds,0.05277459998615086
trials[50].phase_after_decision_seconds,1.3565417999925558
trials[50].phase_to_review_seconds,0.09585489999153651
trials[50].processing_seconds,1.4523966999840923
trials[50].stage_calls.analysis_workers_and_risk,2
trials[50].stage_calls.audit_ledger_record_once,3
trials[50].stage_calls.recommendations,2
trials[50].stage_calls.trust_finalization,1
trials[50].stage_calls.trust_run_attestation,1
trials[50].stage_calls.trust_signatures_all,5
trials[50].stage_seconds.analysis_workers_and_risk,0.06877759998315014
trials[50].stage_seconds.audit_ledger_record_once,0.053189100028248504
trials[50].stage_seconds.recommendations,0.002648000023327768
trials[50].stage_seconds.trust_finalization,0.2980569000064861
trials[50].stage_seconds.trust_run_attestation,1.0301395999849774
trials[50].stage_seconds.trust_signatures_all,1.0200474000012036
trials[50].trial,16
trials[50].trust_verification_seconds,0.05756620000465773
trials[50].trust_verified,true
trials[51].db_operations.execute,86
trials[51].db_operations.query_all,38
trials[51].db_operations.query_one,129
trials[51].db_operations_total,253
trials[51].decision_call_seconds,0.0
trials[51].graph_checkpoints,null
trials[51].order_position,0
trials[51].outputs.finding_count,4
trials[51].outputs.recommendation_count,0
trials[51].outputs.risk_total_score,27.21
trials[51].outside_domain_stages_seconds,0.027650100033497438
trials[51].phase_after_decision_seconds,0.0
trials[51].phase_to_review_seconds,1.2358331000141334
trials[51].processing_seconds,1.2358331000141334
trials[51].stage_calls.analysis_workers_and_risk,1
trials[51].stage_calls.trust_run_attestation,1
trials[51].stage_calls.trust_signatures_all,4
trials[51].stage_seconds.analysis_workers_and_risk,0.07142929997644387
trials[51].stage_seconds.trust_run_attestation,1.136753700004192
trials[51].stage_seconds.trust_signatures_all,1.0124872999731451
trials[51].trial,17
trials[51].trust_verification_seconds,null
trials[51].trust_verified,null
trials[52].db_operations.execute,117
trials[52].db_operations.query_all,68
trials[52].db_operations.query_one,235
trials[52].db_operations_total,420
trials[52].decision_call_seconds,0.034882299980381504
trials[52].graph_checkpoints,null
trials[52].order_position,1
trials[52].outputs.finding_count,4
trials[52].outputs.recommendation_count,4
trials[52].outputs.risk_total_score,27.21
trials[52].outside_domain_stages_seconds,0.055274800019105896
trials[52].phase_after_decision_seconds,1.7622562000178732
trials[52].phase_to_review_seconds,0.09200159998727031
trials[52].processing_seconds,1.8542578000051435
trials[52].stage_calls.analysis_workers_and_risk,2
trials[52].stage_calls.audit_ledger_record_once,3
trials[52].stage_calls.recommendations,2
trials[52].stage_calls.trust_finalization,1
trials[52].stage_calls.trust_run_attestation,1
trials[52].stage_calls.trust_signatures_all,5
trials[52].stage_seconds.analysis_workers_and_risk,0.06547869998030365
trials[52].stage_seconds.audit_ledger_record_once,0.055577199993422255
trials[52].stage_seconds.recommendations,0.002843899972504005
trials[52].stage_seconds.trust_finalization,0.30243420001352206
trials[52].stage_seconds.trust_run_attestation,1.428226200019708
trials[52].stage_seconds.trust_signatures_all,1.3179293000430334
trials[52].trial,17
trials[52].trust_verification_seconds,0.059119800018379465
trials[52].trust_verified,true
trials[53].db_operations.execute,119
trials[53].db_operations.query_all,73
trials[53].db_operations.query_one,266
trials[53].db_operations_total,458
trials[53].decision_call_seconds,0.036300000007031485
trials[53].graph_checkpoints,7
trials[53].order_position,2
trials[53].outputs.finding_count,4
trials[53].outputs.recommendation_count,4
trials[53].outputs.risk_total_score,27.21
trials[53].outside_domain_stages_seconds,0.11546380000072531
trials[53].phase_after_decision_seconds,1.0408682999841403
trials[53].phase_to_review_seconds,0.15454800002044067
trials[53].processing_seconds,1.195416300004581
trials[53].stage_calls.analysis_workers_and_risk,1
trials[53].stage_calls.audit_ledger_record_once,6
trials[53].stage_calls.recommendations,1
trials[53].stage_calls.trust_finalization,2
trials[53].stage_calls.trust_run_attestation,1
trials[53].stage_calls.trust_signatures_all,5
trials[53].stage_seconds.analysis_workers_and_risk,0.07451340000261553
trials[53].stage_seconds.audit_ledger_record_once,0.07733560001361184
trials[53].stage_seconds.recommendations,0.002104299986967817
trials[53].stage_seconds.trust_finalization,0.27919410000322387
trials[53].stage_seconds.trust_run_attestation,0.7241407000110485
trials[53].stage_seconds.trust_signatures_all,0.519819000037387
trials[53].trial,17
trials[53].trust_verification_seconds,0.06494690000545233
trials[53].trust_verified,true
trials[54].db_operations.execute,117
trials[54].db_operations.query_all,68
trials[54].db_operations.query_one,235
trials[54].db_operations_total,420
trials[54].decision_call_seconds,0.035296899994136766
trials[54].graph_checkpoints,null
trials[54].order_position,0
trials[54].outputs.finding_count,4
trials[54].outputs.recommendation_count,4
trials[54].outputs.risk_total_score,27.21
trials[54].outside_domain_stages_seconds,0.05785640000249259
trials[54].phase_after_decision_seconds,1.1236615999951027
trials[54].phase_to_review_seconds,0.09779739999794401
trials[54].processing_seconds,1.2214589999930467
trials[54].stage_calls.analysis_workers_and_risk,2
trials[54].stage_calls.audit_ledger_record_once,3
trials[54].stage_calls.recommendations,2
trials[54].stage_calls.trust_finalization,1
trials[54].stage_calls.trust_run_attestation,1
trials[54].stage_calls.trust_signatures_all,5
trials[54].stage_seconds.analysis_workers_and_risk,0.06941579998238012
trials[54].stage_seconds.audit_ledger_record_once,0.05452929995954037
trials[54].stage_seconds.recommendations,0.00308319999021478
trials[54].stage_seconds.trust_finalization,0.20091370001318865
trials[54].stage_seconds.trust_run_attestation,0.8901899000047706
trials[54].stage_seconds.trust_signatures_all,0.6877873999765143
trials[54].trial,18
trials[54].trust_verification_seconds,0.05954149999888614
trials[54].trust_verified,true
trials[55].db_operations.execute,119
trials[55].db_operations.query_all,73
trials[55].db_operations.query_one,266
trials[55].db_operations_total,458
trials[55].decision_call_seconds,0.037498499994399026
trials[55].graph_checkpoints,7
trials[55].order_position,1
trials[55].outputs.finding_count,4
trials[55].outputs.recommendation_count,4
trials[55].outputs.risk_total_score,27.21
trials[55].outside_domain_stages_seconds,0.1122565999685321
trials[55].phase_after_decision_seconds,1.1178694999834988
trials[55].phase_to_review_seconds,0.1459702999854926
trials[55].processing_seconds,1.2638397999689914
trials[55].stage_calls.analysis_workers_and_risk,1
trials[55].stage_calls.audit_ledger_record_once,6
trials[55].stage_calls.recommendations,1
trials[55].stage_calls.trust_finalization,2
trials[55].stage_calls.trust_run_attestation,1
trials[55].stage_calls.trust_signatures_all,5
trials[55].stage_seconds.analysis_workers_and_risk,0.06848990000435151
trials[55].stage_seconds.audit_ledger_record_once,0.07936080000945367
trials[55].stage_seconds.recommendations,0.0037091999838594347
trials[55].stage_seconds.trust_finalization,0.5463039000169374
trials[55].stage_seconds.trust_run_attestation,0.533080199995311
trials[55].stage_seconds.trust_signatures_all,0.7408996999438386
trials[55].trial,18
trials[55].trust_verification_seconds,0.05934259999776259
trials[55].trust_verified,true
trials[56].db_operations.execute,86
trials[56].db_operations.query_all,38
trials[56].db_operations.query_one,129
trials[56].db_operations_total,253
trials[56].decision_call_seconds,0.0
trials[56].graph_checkpoints,null
trials[56].order_position,2
trials[56].outputs.finding_count,4
trials[56].outputs.recommendation_count,0
trials[56].outputs.risk_total_score,27.21
trials[56].outside_domain_stages_seconds,0.029409600014332682
trials[56].phase_after_decision_seconds,0.0
trials[56].phase_to_review_seconds,0.8752707999956328
trials[56].processing_seconds,0.8752707999956328
trials[56].stage_calls.analysis_workers_and_risk,1
trials[56].stage_calls.trust_run_attestation,1
trials[56].stage_calls.trust_signatures_all,4
trials[56].stage_seconds.analysis_workers_and_risk,0.07173249998595566
trials[56].stage_seconds.trust_run_attestation,0.7741286999953445
trials[56].stage_seconds.trust_signatures_all,0.645606800011592
trials[56].trial,18
trials[56].trust_verification_seconds,null
trials[56].trust_verified,null
trials[57].db_operations.execute,119
trials[57].db_operations.query_all,73
trials[57].db_operations.query_one,266
trials[57].db_operations_total,458
trials[57].decision_call_seconds,0.03895690001081675
trials[57].graph_checkpoints,7
trials[57].order_position,0
trials[57].outputs.finding_count,4
trials[57].outputs.recommendation_count,4
trials[57].outputs.risk_total_score,27.21
trials[57].outside_domain_stages_seconds,0.11543879998498596
trials[57].phase_after_decision_seconds,1.014649200020358
trials[57].phase_to_review_seconds,0.1500800000212621
trials[57].processing_seconds,1.16472920004162
trials[57].stage_calls.analysis_workers_and_risk,1
trials[57].stage_calls.audit_ledger_record_once,6
trials[57].stage_calls.recommendations,1
trials[57].stage_calls.trust_finalization,2
trials[57].stage_calls.trust_run_attestation,1
trials[57].stage_calls.trust_signatures_all,5
trials[57].stage_seconds.analysis_workers_and_risk,0.07238240001606755
trials[57].stage_seconds.audit_ledger_record_once,0.07412359997397289
trials[57].stage_seconds.recommendations,0.0022410000092349946
trials[57].stage_seconds.trust_finalization,0.3277304000221193
trials[57].stage_seconds.trust_run_attestation,0.6469366000092123
trials[57].stage_seconds.trust_signatures_all,0.6788680999598
trials[57].trial,19
trials[57].trust_verification_seconds,0.06147020001662895
trials[57].trust_verified,true
trials[58].db_operations.execute,86
trials[58].db_operations.query_all,38
trials[58].db_operations.query_one,129
trials[58].db_operations_total,253
trials[58].decision_call_seconds,0.0
trials[58].graph_checkpoints,null
trials[58].order_position,1
trials[58].outputs.finding_count,4
trials[58].outputs.recommendation_count,0
trials[58].outputs.risk_total_score,27.21
trials[58].outside_domain_stages_seconds,0.02966770000057295
trials[58].phase_after_decision_seconds,0.0
trials[58].phase_to_review_seconds,0.8921235000016168
trials[58].processing_seconds,0.8921235000016168
trials[58].stage_calls.analysis_workers_and_risk,1
trials[58].stage_calls.trust_run_attestation,1
trials[58].stage_calls.trust_signatures_all,4
trials[58].stage_seconds.analysis_workers_and_risk,0.0655337999924086
trials[58].stage_seconds.trust_run_attestation,0.7969220000086352
trials[58].stage_seconds.trust_signatures_all,0.6871454999782145
trials[58].trial,19
trials[58].trust_verification_seconds,null
trials[58].trust_verified,null
trials[59].db_operations.execute,117
trials[59].db_operations.query_all,68
trials[59].db_operations.query_one,235
trials[59].db_operations_total,420
trials[59].decision_call_seconds,0.03839319999678992
trials[59].graph_checkpoints,null
trials[59].order_position,2
trials[59].outputs.finding_count,4
trials[59].outputs.recommendation_count,4
trials[59].outputs.risk_total_score,27.21
trials[59].outside_domain_stages_seconds,0.05257070000516251
trials[59].phase_after_decision_seconds,0.9447396000032313
trials[59].phase_to_review_seconds,0.09566960000665858
trials[59].processing_seconds,1.04040920000989
trials[59].stage_calls.analysis_workers_and_risk,2
trials[59].stage_calls.audit_ledger_record_once,3
trials[59].stage_calls.recommendations,2
trials[59].stage_calls.trust_finalization,1
trials[59].stage_calls.trust_run_attestation,1
trials[59].stage_calls.trust_signatures_all,5
trials[59].stage_seconds.analysis_workers_and_risk,0.06953259999863803
trials[59].stage_seconds.audit_ledger_record_once,0.05605469999136403
trials[59].stage_seconds.recommendations,0.0034647000138647854
trials[59].stage_seconds.trust_finalization,0.26992729998892173
trials[59].stage_seconds.trust_run_attestation,0.6449139000033028
trials[59].stage_seconds.trust_signatures_all,0.6910160000552423
trials[59].trial,19
trials[59].trust_verification_seconds,0.05884770001284778
trials[59].trust_verified,true
trials[60].db_operations.execute,86
trials[60].db_operations.query_all,38
trials[60].db_operations.query_one,129
trials[60].db_operations_total,253
trials[60].decision_call_seconds,0.0
trials[60].graph_checkpoints,null
trials[60].order_position,0
trials[60].outputs.finding_count,4
trials[60].outputs.recommendation_count,0
trials[60].outputs.risk_total_score,27.21
trials[60].outside_domain_stages_seconds,0.027859000023454428
trials[60].phase_after_decision_seconds,0.0
trials[60].phase_to_review_seconds,1.1053396000061184
trials[60].processing_seconds,1.1053396000061184
trials[60].stage_calls.analysis_workers_and_risk,1
trials[60].stage_calls.trust_run_attestation,1
trials[60].stage_calls.trust_signatures_all,4
trials[60].stage_seconds.analysis_workers_and_risk,0.0714661999954842
trials[60].stage_seconds.trust_run_attestation,1.0060143999871798
trials[60].stage_seconds.trust_signatures_all,0.6363090999948326
trials[60].trial,20
trials[60].trust_verification_seconds,null
trials[60].trust_verified,null
trials[61].db_operations.execute,117
trials[61].db_operations.query_all,68
trials[61].db_operations.query_one,235
trials[61].db_operations_total,420
trials[61].decision_call_seconds,0.04140519999782555
trials[61].graph_checkpoints,null
trials[61].order_position,1
trials[61].outputs.finding_count,4
trials[61].outputs.recommendation_count,4
trials[61].outputs.risk_total_score,27.21
trials[61].outside_domain_stages_seconds,0.053187300014542416
trials[61].phase_after_decision_seconds,1.23951680000755
trials[61].phase_to_review_seconds,0.0972149999870453
trials[61].processing_seconds,1.3367317999945953
trials[61].stage_calls.analysis_workers_and_risk,2
trials[61].stage_calls.audit_ledger_record_once,3
trials[61].stage_calls.recommendations,2
trials[61].stage_calls.trust_finalization,1
trials[61].stage_calls.trust_run_attestation,1
trials[61].stage_calls.trust_signatures_all,5
trials[61].stage_seconds.analysis_workers_and_risk,0.06930329999886453
trials[61].stage_seconds.audit_ledger_record_once,0.05219410001882352
trials[61].stage_seconds.recommendations,0.0039100999711081386
trials[61].stage_seconds.trust_finalization,0.20632690002094023
trials[61].stage_seconds.trust_run_attestation,1.00400419998914
trials[61].stage_seconds.trust_signatures_all,0.8013762999908067
trials[61].trial,20
trials[61].trust_verification_seconds,0.0621034000068903
trials[61].trust_verified,true
trials[62].db_operations.execute,119
trials[62].db_operations.query_all,73
trials[62].db_operations.query_one,266
trials[62].db_operations_total,458
trials[62].decision_call_seconds,0.038011399999959394
trials[62].graph_checkpoints,7
trials[62].order_position,2
trials[62].outputs.finding_count,4
trials[62].outputs.recommendation_count,4
trials[62].outputs.risk_total_score,27.21
trials[62].outside_domain_stages_seconds,0.12166910004452802
trials[62].phase_after_decision_seconds,0.9842510000162292
trials[62].phase_to_review_seconds,0.15772459999425337
trials[62].processing_seconds,1.1419756000104826
trials[62].stage_calls.analysis_workers_and_risk,1
trials[62].stage_calls.audit_ledger_record_once,6
trials[62].stage_calls.recommendations,1
trials[62].stage_calls.trust_finalization,2
trials[62].stage_calls.trust_run_attestation,1
trials[62].stage_calls.trust_signatures_all,5
trials[62].stage_seconds.analysis_workers_and_risk,0.07503239999641664
trials[62].stage_seconds.audit_ledger_record_once,0.08074879998457618
trials[62].stage_seconds.recommendations,0.0029240000003483146
trials[62].stage_seconds.trust_finalization,0.3447922999621369
trials[62].stage_seconds.trust_run_attestation,0.5975578000070527
trials[62].stage_seconds.trust_signatures_all,0.6377215000102296
trials[62].trial,20
trials[62].trust_verification_seconds,0.05899439999484457
trials[62].trust_verified,true
trials[63].db_operations.execute,117
trials[63].db_operations.query_all,68
trials[63].db_operations.query_one,235
trials[63].db_operations_total,420
trials[63].decision_call_seconds,0.03911979999975301
trials[63].graph_checkpoints,null
trials[63].order_position,0
trials[63].outputs.finding_count,4
trials[63].outputs.recommendation_count,4
trials[63].outputs.risk_total_score,27.21
trials[63].outside_domain_stages_seconds,0.05202380000264384
trials[63].phase_after_decision_seconds,1.6792923999892082
trials[63].phase_to_review_seconds,0.09647109999787062
trials[63].processing_seconds,1.7757634999870788
trials[63].stage_calls.analysis_workers_and_risk,2
trials[63].stage_calls.audit_ledger_record_once,3
trials[63].stage_calls.recommendations,2
trials[63].stage_calls.trust_finalization,1
trials[63].stage_calls.trust_run_attestation,1
trials[63].stage_calls.trust_signatures_all,5
trials[63].stage_seconds.analysis_workers_and_risk,0.06780289998278022
trials[63].stage_seconds.audit_ledger_record_once,0.05328490000101738
trials[63].stage_seconds.recommendations,0.004436100018210709
trials[63].stage_seconds.trust_finalization,0.5551741999806836
trials[63].stage_seconds.trust_run_attestation,1.0963265000027604
trials[63].stage_seconds.trust_signatures_all,1.4240916000271682
trials[63].trial,21
trials[63].trust_verification_seconds,0.05876159999752417
trials[63].trust_verified,true
trials[64].db_operations.execute,119
trials[64].db_operations.query_all,73
trials[64].db_operations.query_one,266
trials[64].db_operations_total,458
trials[64].decision_call_seconds,0.03810649999650195
trials[64].graph_checkpoints,7
trials[64].order_position,1
trials[64].outputs.finding_count,4
trials[64].outputs.recommendation_count,4
trials[64].outputs.risk_total_score,27.21
trials[64].outside_domain_stages_seconds,0.1108750999555923
trials[64].phase_after_decision_seconds,1.2339110000175424
trials[64].phase_to_review_seconds,0.13699120000819676
trials[64].processing_seconds,1.3709022000257391
trials[64].stage_calls.analysis_workers_and_risk,1
trials[64].stage_calls.audit_ledger_record_once,6
trials[64].stage_calls.recommendations,1
trials[64].stage_calls.trust_finalization,2
trials[64].stage_calls.trust_run_attestation,1
trials[64].stage_calls.trust_signatures_all,5
trials[64].stage_seconds.analysis_workers_and_risk,0.06725460002780892
trials[64].stage_seconds.audit_ledger_record_once,0.07956559999729507
trials[64].stage_seconds.recommendations,0.002111600013449788
trials[64].stage_seconds.trust_finalization,0.3112457000243012
trials[64].stage_seconds.trust_run_attestation,0.879415200004587
trials[64].stage_seconds.trust_signatures_all,0.8943371999484953
trials[64].trial,21
trials[64].trust_verification_seconds,0.05943190000834875
trials[64].trust_verified,true
trials[65].db_operations.execute,86
trials[65].db_operations.query_all,38
trials[65].db_operations.query_one,129
trials[65].db_operations_total,253
trials[65].decision_call_seconds,0.0
trials[65].graph_checkpoints,null
trials[65].order_position,2
trials[65].outputs.finding_count,4
trials[65].outputs.recommendation_count,0
trials[65].outputs.risk_total_score,27.21
trials[65].outside_domain_stages_seconds,0.026290599984349683
trials[65].phase_after_decision_seconds,0.0
trials[65].phase_to_review_seconds,0.6986612000036985
trials[65].processing_seconds,0.6986612000036985
trials[65].stage_calls.analysis_workers_and_risk,1
trials[65].stage_calls.trust_run_attestation,1
trials[65].stage_calls.trust_signatures_all,4
trials[65].stage_seconds.analysis_workers_and_risk,0.06901200002175756
trials[65].stage_seconds.trust_run_attestation,0.6033585999975912
trials[65].stage_seconds.trust_signatures_all,0.4797173999832012
trials[65].trial,21
trials[65].trust_verification_seconds,null
trials[65].trust_verified,null
trials[66].db_operations.execute,119
trials[66].db_operations.query_all,73
trials[66].db_operations.query_one,266
trials[66].db_operations_total,458
trials[66].decision_call_seconds,0.03823170001851395
trials[66].graph_checkpoints,7
trials[66].order_position,0
trials[66].outputs.finding_count,4
trials[66].outputs.recommendation_count,4
trials[66].outputs.risk_total_score,27.21
trials[66].outside_domain_stages_seconds,0.10621070000343025
trials[66].phase_after_decision_seconds,1.9849325999966823
trials[66].phase_to_review_seconds,0.13628150001750328
trials[66].processing_seconds,2.1212141000141855
trials[66].stage_calls.analysis_workers_and_risk,1
trials[66].stage_calls.audit_ledger_record_once,6
trials[66].stage_calls.recommendations,1
trials[66].stage_calls.trust_finalization,2
trials[66].stage_calls.trust_run_attestation,1
trials[66].stage_calls.trust_signatures_all,5
trials[66].stage_seconds.analysis_workers_and_risk,0.06373610001173802
trials[66].stage_seconds.audit_ledger_record_once,0.08566340000834316
trials[66].stage_seconds.recommendations,0.00334689998999238
trials[66].stage_seconds.trust_finalization,0.690868000005139
trials[66].stage_seconds.trust_run_attestation,1.2570524000038859
trials[66].stage_seconds.trust_signatures_all,1.3985140000004321
trials[66].trial,22
trials[66].trust_verification_seconds,0.059944900014670566
trials[66].trust_verified,true
trials[67].db_operations.execute,86
trials[67].db_operations.query_all,38
trials[67].db_operations.query_one,129
trials[67].db_operations_total,253
trials[67].decision_call_seconds,0.0
trials[67].graph_checkpoints,null
trials[67].order_position,1
trials[67].outputs.finding_count,4
trials[67].outputs.recommendation_count,0
trials[67].outputs.risk_total_score,27.21
trials[67].outside_domain_stages_seconds,0.02643200001330115
trials[67].phase_after_decision_seconds,0.0
trials[67].phase_to_review_seconds,0.7785535000148229
trials[67].processing_seconds,0.7785535000148229
trials[67].stage_calls.analysis_workers_and_risk,1
trials[67].stage_calls.trust_run_attestation,1
trials[67].stage_calls.trust_signatures_all,4
trials[67].stage_seconds.analysis_workers_and_risk,0.06533219999982975
trials[67].stage_seconds.trust_run_attestation,0.686789300001692
trials[67].stage_seconds.trust_signatures_all,0.5031939999898896
trials[67].trial,22
trials[67].trust_verification_seconds,null
trials[67].trust_verified,null
trials[68].db_operations.execute,117
trials[68].db_operations.query_all,68
trials[68].db_operations.query_one,235
trials[68].db_operations_total,420
trials[68].decision_call_seconds,0.036074700008612126
trials[68].graph_checkpoints,null
trials[68].order_position,2
trials[68].outputs.finding_count,4
trials[68].outputs.recommendation_count,4
trials[68].outputs.risk_total_score,27.21
trials[68].outside_domain_stages_seconds,0.05737080000108108
trials[68].phase_after_decision_seconds,0.9711408000148367
trials[68].phase_to_review_seconds,0.09773479998693801
trials[68].processing_seconds,1.0688756000017747
trials[68].stage_calls.analysis_workers_and_risk,2
trials[68].stage_calls.audit_ledger_record_once,3
trials[68].stage_calls.recommendations,2
trials[68].stage_calls.trust_finalization,1
trials[68].stage_calls.trust_run_attestation,1
trials[68].stage_calls.trust_signatures_all,5
trials[68].stage_seconds.analysis_workers_and_risk,0.06973859999561682
trials[68].stage_seconds.audit_ledger_record_once,0.05251510001835413
trials[68].stage_seconds.recommendations,0.002620199986267835
trials[68].stage_seconds.trust_finalization,0.33105810001143254
trials[68].stage_seconds.trust_run_attestation,0.6080879000073764
trials[68].stage_seconds.trust_signatures_all,0.7156812999746762
trials[68].trial,22
trials[68].trust_verification_seconds,0.06004229999962263
trials[68].trust_verified,true
trials[69].db_operations.execute,86
trials[69].db_operations.query_all,38
trials[69].db_operations.query_one,129
trials[69].db_operations_total,253
trials[69].decision_call_seconds,0.0
trials[69].graph_checkpoints,null
trials[69].order_position,0
trials[69].outputs.finding_count,4
trials[69].outputs.recommendation_count,0
trials[69].outputs.risk_total_score,27.21
trials[69].outside_domain_stages_seconds,0.026956700021401048
trials[69].phase_after_decision_seconds,0.0
trials[69].phase_to_review_seconds,0.7553760999871884
trials[69].processing_seconds,0.7553760999871884
trials[69].stage_calls.analysis_workers_and_risk,1
trials[69].stage_calls.trust_run_attestation,1
trials[69].stage_calls.trust_signatures_all,4
trials[69].stage_seconds.analysis_workers_and_risk,0.06664509998518042
trials[69].stage_seconds.trust_run_attestation,0.6617742999806069
trials[69].stage_seconds.trust_signatures_all,0.47068209998542443
trials[69].trial,23
trials[69].trust_verification_seconds,null
trials[69].trust_verified,null
trials[70].db_operations.execute,117
trials[70].db_operations.query_all,68
trials[70].db_operations.query_one,235
trials[70].db_operations_total,420
trials[70].decision_call_seconds,0.04134369999519549
trials[70].graph_checkpoints,null
trials[70].order_position,1
trials[70].outputs.finding_count,4
trials[70].outputs.recommendation_count,4
trials[70].outputs.risk_total_score,27.21
trials[70].outside_domain_stages_seconds,0.05396409999229945
trials[70].phase_after_decision_seconds,1.2193925000028685
trials[70].phase_to_review_seconds,0.09855229998356663
trials[70].processing_seconds,1.317944799986435
trials[70].stage_calls.analysis_workers_and_risk,2
trials[70].stage_calls.audit_ledger_record_once,3
trials[70].stage_calls.recommendations,2
trials[70].stage_calls.trust_finalization,1
trials[70].stage_calls.trust_run_attestation,1
trials[70].stage_calls.trust_signatures_all,5
trials[70].stage_seconds.analysis_workers_and_risk,0.07096919999457896
trials[70].stage_seconds.audit_ledger_record_once,0.05306099998415448
trials[70].stage_seconds.recommendations,0.0025937000173144042
trials[70].stage_seconds.trust_finalization,0.41906699998071417
trials[70].stage_seconds.trust_run_attestation,0.7713508000015281
trials[70].stage_seconds.trust_signatures_all,0.6744333000096958
trials[70].trial,23
trials[70].trust_verification_seconds,0.06305629998678342
trials[70].trust_verified,true
trials[71].db_operations.execute,119
trials[71].db_operations.query_all,73
trials[71].db_operations.query_one,266
trials[71].db_operations_total,458
trials[71].decision_call_seconds,0.0379792999883648
trials[71].graph_checkpoints,7
trials[71].order_position,2
trials[71].outputs.finding_count,4
trials[71].outputs.recommendation_count,4
trials[71].outputs.risk_total_score,27.21
trials[71].outside_domain_stages_seconds,0.1154102000000421
trials[71].phase_after_decision_seconds,1.2844673999934457
trials[71].phase_to_review_seconds,0.15573729999596253
trials[71].processing_seconds,1.4402046999894083
trials[71].stage_calls.analysis_workers_and_risk,1
trials[71].stage_calls.audit_ledger_record_once,6
trials[71].stage_calls.recommendations,1
trials[71].stage_calls.trust_finalization,2
trials[71].stage_calls.trust_run_attestation,1
trials[71].stage_calls.trust_signatures_all,5
trials[71].stage_seconds.analysis_workers_and_risk,0.07845229998929426
trials[71].stage_seconds.audit_ledger_record_once,0.07920340000418946
trials[71].stage_seconds.recommendations,0.004459100018721074
trials[71].stage_seconds.trust_finalization,0.2774988999881316
trials[71].stage_seconds.trust_run_attestation,0.9643841999932192
trials[71].stage_seconds.trust_signatures_all,0.8172449000703637
trials[71].trial,23
trials[71].trust_verification_seconds,0.05960149999009445
trials[71].trust_verified,true
trials[72].db_operations.execute,117
trials[72].db_operations.query_all,68
trials[72].db_operations.query_one,235
trials[72].db_operations_total,420
trials[72].decision_call_seconds,0.04070119999232702
trials[72].graph_checkpoints,null
trials[72].order_position,0
trials[72].outputs.finding_count,4
trials[72].outputs.recommendation_count,4
trials[72].outputs.risk_total_score,27.21
trials[72].outside_domain_stages_seconds,0.055088400084059685
trials[72].phase_after_decision_seconds,1.1383897000050638
trials[72].phase_to_review_seconds,0.09906919999048114
trials[72].processing_seconds,1.237458899995545
trials[72].stage_calls.analysis_workers_and_risk,2
trials[72].stage_calls.audit_ledger_record_once,3
trials[72].stage_calls.recommendations,2
trials[72].stage_calls.trust_finalization,1
trials[72].stage_calls.trust_run_attestation,1
trials[72].stage_calls.trust_signatures_all,5
trials[72].stage_seconds.analysis_workers_and_risk,0.07237749997875653
trials[72].stage_seconds.audit_ledger_record_once,0.054464299959363416
trials[72].stage_seconds.recommendations,0.003041499963728711
trials[72].stage_seconds.trust_finalization,0.23805849999189377
trials[72].stage_seconds.trust_run_attestation,0.8688929999771062
trials[72].stage_seconds.trust_signatures_all,0.8630263999802992
trials[72].trial,24
trials[72].trust_verification_seconds,0.060453300015069544
trials[72].trust_verified,true
trials[73].db_operations.execute,119
trials[73].db_operations.query_all,73
trials[73].db_operations.query_one,266
trials[73].db_operations_total,458
trials[73].decision_call_seconds,0.03881410000030883
trials[73].graph_checkpoints,7
trials[73].order_position,1
trials[73].outputs.finding_count,4
trials[73].outputs.recommendation_count,4
trials[73].outputs.risk_total_score,27.21
trials[73].outside_domain_stages_seconds,0.1078926000627689
trials[73].phase_after_decision_seconds,1.085728800011566
trials[73].phase_to_review_seconds,0.14570170000661165
trials[73].processing_seconds,1.2314305000181776
trials[73].stage_calls.analysis_workers_and_risk,1
trials[73].stage_calls.audit_ledger_record_once,6
trials[73].stage_calls.recommendations,1
trials[73].stage_calls.trust_finalization,2
trials[73].stage_calls.trust_run_attestation,1
trials[73].stage_calls.trust_signatures_all,5
trials[73].stage_seconds.analysis_workers_and_risk,0.07521879998967052
trials[73].stage_seconds.audit_ledger_record_once,0.08153039999888279
trials[73].stage_seconds.recommendations,0.0021843000140506774
trials[73].stage_seconds.trust_finalization,0.28851299997768365
trials[73].stage_seconds.trust_run_attestation,0.7576217999740038
trials[73].stage_seconds.trust_signatures_all,0.7383946000481956
trials[73].trial,24
trials[73].trust_verification_seconds,0.05728599999565631
trials[73].trust_verified,true
trials[74].db_operations.execute,86
trials[74].db_operations.query_all,38
trials[74].db_operations.query_one,129
trials[74].db_operations_total,253
trials[74].decision_call_seconds,0.0
trials[74].graph_checkpoints,null
trials[74].order_position,2
trials[74].outputs.finding_count,4
trials[74].outputs.recommendation_count,0
trials[74].outputs.risk_total_score,27.21
trials[74].outside_domain_stages_seconds,0.028530199982924387
trials[74].phase_after_decision_seconds,0.0
trials[74].phase_to_review_seconds,1.098174899991136
trials[74].processing_seconds,1.098174899991136
trials[74].stage_calls.analysis_workers_and_risk,1
trials[74].stage_calls.trust_run_attestation,1
trials[74].stage_calls.trust_signatures_all,4
trials[74].stage_seconds.analysis_workers_and_risk,0.06620450000627898
trials[74].stage_seconds.trust_run_attestation,1.0034402000019327
trials[74].stage_seconds.trust_signatures_all,0.6963150000374299
trials[74].trial,24
trials[74].trust_verification_seconds,null
trials[74].trust_verified,null
trials[75].db_operations.execute,119
trials[75].db_operations.query_all,73
trials[75].db_operations.query_one,266
trials[75].db_operations_total,458
trials[75].decision_call_seconds,0.03812639997340739
trials[75].graph_checkpoints,7
trials[75].order_position,0
trials[75].outputs.finding_count,4
trials[75].outputs.recommendation_count,4
trials[75].outputs.risk_total_score,27.21
trials[75].outside_domain_stages_seconds,0.1058945000404492
trials[75].phase_after_decision_seconds,0.9120306000113487
trials[75].phase_to_review_seconds,0.14060899999458343
trials[75].processing_seconds,1.0526396000059322
trials[75].stage_calls.analysis_workers_and_risk,1
trials[75].stage_calls.audit_ledger_record_once,6
trials[75].stage_calls.recommendations,1
trials[75].stage_calls.trust_finalization,2
trials[75].stage_calls.trust_run_attestation,1
trials[75].stage_calls.trust_signatures_all,5
trials[75].stage_seconds.analysis_workers_and_risk,0.0679476999794133
trials[75].stage_seconds.audit_ledger_record_once,0.08211609997670166
trials[75].stage_seconds.recommendations,0.0032284999906551093
trials[75].stage_seconds.trust_finalization,0.3087637999851722
trials[75].stage_seconds.trust_run_attestation,0.5668051000102423
trials[75].stage_seconds.trust_signatures_all,0.5498813000158407
trials[75].trial,25
trials[75].trust_verification_seconds,0.06120850000297651
trials[75].trust_verified,true
trials[76].db_operations.execute,86
trials[76].db_operations.query_all,38
trials[76].db_operations.query_one,129
trials[76].db_operations_total,253
trials[76].decision_call_seconds,0.0
trials[76].graph_checkpoints,null
trials[76].order_position,1
trials[76].outputs.finding_count,4
trials[76].outputs.recommendation_count,0
trials[76].outputs.risk_total_score,27.21
trials[76].outside_domain_stages_seconds,0.025721700018038973
trials[76].phase_after_decision_seconds,0.0
trials[76].phase_to_review_seconds,1.1071782000071835
trials[76].processing_seconds,1.1071782000071835
trials[76].stage_calls.analysis_workers_and_risk,1
trials[76].stage_calls.trust_run_attestation,1
trials[76].stage_calls.trust_signatures_all,4
trials[76].stage_seconds.analysis_workers_and_risk,0.06431899999734014
trials[76].stage_seconds.trust_run_attestation,1.0171374999918044
trials[76].stage_seconds.trust_signatures_all,0.7366774000111036
trials[76].trial,25
trials[76].trust_verification_seconds,null
trials[76].trust_verified,null
trials[77].db_operations.execute,117
trials[77].db_operations.query_all,68
trials[77].db_operations.query_one,235
trials[77].db_operations_total,420
trials[77].decision_call_seconds,0.037202400009846315
trials[77].graph_checkpoints,null
trials[77].order_position,2
trials[77].outputs.finding_count,4
trials[77].outputs.recommendation_count,4
trials[77].outputs.risk_total_score,27.21
trials[77].outside_domain_stages_seconds,0.05395880003925413
trials[77].phase_after_decision_seconds,1.143530000001192
trials[77].phase_to_review_seconds,0.09466680002515204
trials[77].processing_seconds,1.2381968000263441
trials[77].stage_calls.analysis_workers_and_risk,2
trials[77].stage_calls.audit_ledger_record_once,3
trials[77].stage_calls.recommendations,2
trials[77].stage_calls.trust_finalization,1
trials[77].stage_calls.trust_run_attestation,1
trials[77].stage_calls.trust_signatures_all,5
trials[77].stage_seconds.analysis_workers_and_risk,0.06827980000525713
trials[77].stage_seconds.audit_ledger_record_once,0.05040110001573339
trials[77].stage_seconds.recommendations,0.0028031999827362597
trials[77].stage_seconds.trust_finalization,0.1977195999934338
trials[77].stage_seconds.trust_run_attestation,0.9154354000056628
trials[77].stage_seconds.trust_signatures_all,0.7776029000233393
trials[77].trial,25
trials[77].trust_verification_seconds,0.05862860000343062
trials[77].trust_verified,true
trials[78].db_operations.execute,86
trials[78].db_operations.query_all,38
trials[78].db_operations.query_one,129
trials[78].db_operations_total,253
trials[78].decision_call_seconds,0.0
trials[78].graph_checkpoints,null
trials[78].order_position,0
trials[78].outputs.finding_count,4
trials[78].outputs.recommendation_count,0
trials[78].outputs.risk_total_score,27.21
trials[78].outside_domain_stages_seconds,0.03033870001672767
trials[78].phase_after_decision_seconds,0.0
trials[78].phase_to_review_seconds,1.1154225000063889
trials[78].processing_seconds,1.1154225000063889
trials[78].stage_calls.analysis_workers_and_risk,1
trials[78].stage_calls.trust_run_attestation,1
trials[78].stage_calls.trust_signatures_all,4
trials[78].stage_seconds.analysis_workers_and_risk,0.06465869999374263
trials[78].stage_seconds.trust_run_attestation,1.0204250999959186
trials[78].stage_seconds.trust_signatures_all,0.9410077999345958
trials[78].trial,26
trials[78].trust_verification_seconds,null
trials[78].trust_verified,null
trials[79].db_operations.execute,117
trials[79].db_operations.query_all,68
trials[79].db_operations.query_one,235
trials[79].db_operations_total,420
trials[79].decision_call_seconds,0.038233400002354756
trials[79].graph_checkpoints,null
trials[79].order_position,1
trials[79].outputs.finding_count,4
trials[79].outputs.recommendation_count,4
trials[79].outputs.risk_total_score,27.21
trials[79].outside_domain_stages_seconds,0.05245179997291416
trials[79].phase_after_decision_seconds,1.1598931000044104
trials[79].phase_to_review_seconds,0.0988041999808047
trials[79].processing_seconds,1.258697299985215
trials[79].stage_calls.analysis_workers_and_risk,2
trials[79].stage_calls.audit_ledger_record_once,3
trials[79].stage_calls.recommendations,2
trials[79].stage_calls.trust_finalization,1
trials[79].stage_calls.trust_run_attestation,1
trials[79].stage_calls.trust_signatures_all,5
trials[79].stage_seconds.analysis_workers_and_risk,0.07270630000857636
trials[79].stage_seconds.audit_ledger_record_once,0.05451959997299127
trials[79].stage_seconds.recommendations,0.002750799962086603
trials[79].stage_seconds.trust_finalization,0.37506720001692884
trials[79].stage_seconds.trust_run_attestation,0.7557212000247091
trials[79].stage_seconds.trust_signatures_all,0.7079683000047226
trials[79].trial,26
trials[79].trust_verification_seconds,0.06173739998484962
trials[79].trust_verified,true
trials[80].db_operations.execute,119
trials[80].db_operations.query_all,73
trials[80].db_operations.query_one,266
trials[80].db_operations_total,458
trials[80].decision_call_seconds,0.03822210000362247
trials[80].graph_checkpoints,7
trials[80].order_position,2
trials[80].outputs.finding_count,4
trials[80].outputs.recommendation_count,4
trials[80].outputs.risk_total_score,27.21
trials[80].outside_domain_stages_seconds,0.10629260001587681
trials[80].phase_after_decision_seconds,1.0869037000229582
trials[80].phase_to_review_seconds,0.13830659998347983
trials[80].processing_seconds,1.225210300006438
trials[80].stage_calls.analysis_workers_and_risk,1
trials[80].stage_calls.audit_ledger_record_once,6
trials[80].stage_calls.recommendations,1
trials[80].stage_calls.trust_finalization,2
trials[80].stage_calls.trust_run_attestation,1
trials[80].stage_calls.trust_signatures_all,5
trials[80].stage_seconds.analysis_workers_and_risk,0.06877519999397919
trials[80].stage_seconds.audit_ledger_record_once,0.07803630002308637
trials[80].stage_seconds.recommendations,0.002285199996549636
trials[80].stage_seconds.trust_finalization,0.2751138999883551
trials[80].stage_seconds.trust_run_attestation,0.7727434000116773
trials[80].stage_seconds.trust_signatures_all,0.7345932999742217
trials[80].trial,26
trials[80].trust_verification_seconds,0.06077849998837337
trials[80].trust_verified,true
trials[81].db_operations.execute,117
trials[81].db_operations.query_all,68
trials[81].db_operations.query_one,235
trials[81].db_operations_total,420
trials[81].decision_call_seconds,0.035794700001133606
trials[81].graph_checkpoints,null
trials[81].order_position,0
trials[81].outputs.finding_count,4
trials[81].outputs.recommendation_count,4
trials[81].outputs.risk_total_score,27.21
trials[81].outside_domain_stages_seconds,0.05996199991204776
trials[81].phase_after_decision_seconds,0.9620469999790657
trials[81].phase_to_review_seconds,0.10589259999687783
trials[81].processing_seconds,1.0679395999759436
trials[81].stage_calls.analysis_workers_and_risk,2
trials[81].stage_calls.audit_ledger_record_once,3
trials[81].stage_calls.recommendations,2
trials[81].stage_calls.trust_finalization,1
trials[81].stage_calls.trust_run_attestation,1
trials[81].stage_calls.trust_signatures_all,5
trials[81].stage_seconds.analysis_workers_and_risk,0.07652240002062172
trials[81].stage_seconds.audit_ledger_record_once,0.05236319996765815
trials[81].stage_seconds.recommendations,0.0028288000321481377
trials[81].stage_seconds.trust_finalization,0.28639900000416674
trials[81].stage_seconds.trust_run_attestation,0.6422274000069592
trials[81].stage_seconds.trust_signatures_all,0.633087699970929
trials[81].trial,27
trials[81].trust_verification_seconds,0.05947450001258403
trials[81].trust_verified,true
trials[82].db_operations.execute,119
trials[82].db_operations.query_all,73
trials[82].db_operations.query_one,266
trials[82].db_operations_total,458
trials[82].decision_call_seconds,0.04056959997978993
trials[82].graph_checkpoints,7
trials[82].order_position,1
trials[82].outputs.finding_count,4
trials[82].outputs.recommendation_count,4
trials[82].outputs.risk_total_score,27.21
trials[82].outside_domain_stages_seconds,0.11409260000800714
trials[82].phase_after_decision_seconds,0.9457595999992918
trials[82].phase_to_review_seconds,0.144820699992124
trials[82].processing_seconds,1.0905802999914158
trials[82].stage_calls.analysis_workers_and_risk,1
trials[82].stage_calls.audit_ledger_record_once,6
trials[82].stage_calls.recommendations,1
trials[82].stage_calls.trust_finalization,2
trials[82].stage_calls.trust_run_attestation,1
trials[82].stage_calls.trust_signatures_all,5
trials[82].stage_seconds.analysis_workers_and_risk,0.06861250000656582
trials[82].stage_seconds.audit_ledger_record_once,0.07266089995391667
trials[82].stage_seconds.recommendations,0.002906399982748553
trials[82].stage_seconds.trust_finalization,0.3575193999859039
trials[82].stage_seconds.trust_run_attestation,0.5474494000081904
trials[82].stage_seconds.trust_signatures_all,0.6046220000134781
trials[82].trial,27
trials[82].trust_verification_seconds,0.06134559999918565
trials[82].trust_verified,true
trials[83].db_operations.execute,86
trials[83].db_operations.query_all,38
trials[83].db_operations.query_one,129
trials[83].db_operations_total,253
trials[83].decision_call_seconds,0.0
trials[83].graph_checkpoints,null
trials[83].order_position,2
trials[83].outputs.finding_count,4
trials[83].outputs.recommendation_count,0
trials[83].outputs.risk_total_score,27.21
trials[83].outside_domain_stages_seconds,0.031018399982713163
trials[83].phase_after_decision_seconds,0.0
trials[83].phase_to_review_seconds,0.8641790999972727
trials[83].processing_seconds,0.8641790999972727
trials[83].stage_calls.analysis_workers_and_risk,1
trials[83].stage_calls.trust_run_attestation,1
trials[83].stage_calls.trust_signatures_all,4
trials[83].stage_seconds.analysis_workers_and_risk,0.06765750001068227
trials[83].stage_seconds.trust_run_attestation,0.7655032000038773
trials[83].stage_seconds.trust_signatures_all,0.6536467999976594
trials[83].trial,27
trials[83].trust_verification_seconds,null
trials[83].trust_verified,null
trials[84].db_operations.execute,119
trials[84].db_operations.query_all,73
trials[84].db_operations.query_one,266
trials[84].db_operations_total,458
trials[84].decision_call_seconds,0.03566670001600869
trials[84].graph_checkpoints,7
trials[84].order_position,0
trials[84].outputs.finding_count,4
trials[84].outputs.recommendation_count,4
trials[84].outputs.risk_total_score,27.21
trials[84].outside_domain_stages_seconds,0.11362330004340038
trials[84].phase_after_decision_seconds,1.2836203000042588
trials[84].phase_to_review_seconds,0.14148410002235323
trials[84].processing_seconds,1.425104400026612
trials[84].stage_calls.analysis_workers_and_risk,1
trials[84].stage_calls.audit_ledger_record_once,6
trials[84].stage_calls.recommendations,1
trials[84].stage_calls.trust_finalization,2
trials[84].stage_calls.trust_run_attestation,1
trials[84].stage_calls.trust_signatures_all,5
trials[84].stage_seconds.analysis_workers_and_risk,0.06571230001281947
trials[84].stage_seconds.audit_ledger_record_once,0.07599179996759631
trials[84].stage_seconds.recommendations,0.0030001999984961003
trials[84].stage_seconds.trust_finalization,0.3036833999794908
trials[84].stage_seconds.trust_run_attestation,0.9390851999924053
trials[84].stage_seconds.trust_signatures_all,0.8120246000180487
trials[84].trial,28
trials[84].trust_verification_seconds,0.05958899998222478
trials[84].trust_verified,true
trials[85].db_operations.execute,86
trials[85].db_operations.query_all,38
trials[85].db_operations.query_one,129
trials[85].db_operations_total,253
trials[85].decision_call_seconds,0.0
trials[85].graph_checkpoints,null
trials[85].order_position,1
trials[85].outputs.finding_count,4
trials[85].outputs.recommendation_count,0
trials[85].outputs.risk_total_score,27.21
trials[85].outside_domain_stages_seconds,0.03176979997078888
trials[85].phase_after_decision_seconds,0.0
trials[85].phase_to_review_seconds,0.9362789999868255
trials[85].processing_seconds,0.9362789999868255
trials[85].stage_calls.analysis_workers_and_risk,1
trials[85].stage_calls.trust_run_attestation,1
trials[85].stage_calls.trust_signatures_all,4
trials[85].stage_seconds.analysis_workers_and_risk,0.06943180001690052
trials[85].stage_seconds.trust_run_attestation,0.8350773999991361
trials[85].stage_seconds.trust_signatures_all,0.5467618000111543
trials[85].trial,28
trials[85].trust_verification_seconds,null
trials[85].trust_verified,null
trials[86].db_operations.execute,117
trials[86].db_operations.query_all,68
trials[86].db_operations.query_one,235
trials[86].db_operations_total,420
trials[86].decision_call_seconds,0.03640899999300018
trials[86].graph_checkpoints,null
trials[86].order_position,2
trials[86].outputs.finding_count,4
trials[86].outputs.recommendation_count,4
trials[86].outputs.risk_total_score,27.21
trials[86].outside_domain_stages_seconds,0.054232099995715544
trials[86].phase_after_decision_seconds,2.040256899985252
trials[86].phase_to_review_seconds,0.09619440001551993
trials[86].processing_seconds,2.136451300000772
trials[86].stage_calls.analysis_workers_and_risk,2
trials[86].stage_calls.audit_ledger_record_once,3
trials[86].stage_calls.recommendations,2
trials[86].stage_calls.trust_finalization,1
trials[86].stage_calls.trust_run_attestation,1
trials[86].stage_calls.trust_signatures_all,5
trials[86].stage_seconds.analysis_workers_and_risk,0.06988189998082817
trials[86].stage_seconds.audit_ledger_record_once,0.056621800002176315
trials[86].stage_seconds.recommendations,0.0033884000149555504
trials[86].stage_seconds.trust_finalization,0.31029019999550655
trials[86].stage_seconds.trust_run_attestation,1.698658700013766
trials[86].stage_seconds.trust_signatures_all,1.7647677000204567
trials[86].trial,28
trials[86].trust_verification_seconds,0.05793109998921864
trials[86].trust_verified,true
trials[87].db_operations.execute,86
trials[87].db_operations.query_all,38
trials[87].db_operations.query_one,129
trials[87].db_operations_total,253
trials[87].decision_call_seconds,0.0
trials[87].graph_checkpoints,null
trials[87].order_position,0
trials[87].outputs.finding_count,4
trials[87].outputs.recommendation_count,0
trials[87].outputs.risk_total_score,27.21
trials[87].outside_domain_stages_seconds,0.02723469998454675
trials[87].phase_after_decision_seconds,0.0
trials[87].phase_to_review_seconds,1.0093159999814816
trials[87].processing_seconds,1.0093159999814816
trials[87].stage_calls.analysis_workers_and_risk,1
trials[87].stage_calls.trust_run_attestation,1
trials[87].stage_calls.trust_signatures_all,4
trials[87].stage_seconds.analysis_workers_and_risk,0.06527900000219233
trials[87].stage_seconds.trust_run_attestation,0.9168022999947425
trials[87].stage_seconds.trust_signatures_all,0.8365218000253662
trials[87].trial,29
trials[87].trust_verification_seconds,null
trials[87].trust_verified,null
trials[88].db_operations.execute,117
trials[88].db_operations.query_all,68
trials[88].db_operations.query_one,235
trials[88].db_operations_total,420
trials[88].decision_call_seconds,0.03763109998544678
trials[88].graph_checkpoints,null
trials[88].order_position,1
trials[88].outputs.finding_count,4
trials[88].outputs.recommendation_count,4
trials[88].outputs.risk_total_score,27.21
trials[88].outside_domain_stages_seconds,0.05164469999726862
trials[88].phase_after_decision_seconds,0.9016196000156924
trials[88].phase_to_review_seconds,0.09207620000233874
trials[88].processing_seconds,0.9936958000180312
trials[88].stage_calls.analysis_workers_and_risk,2
trials[88].stage_calls.audit_ledger_record_once,3
trials[88].stage_calls.recommendations,2
trials[88].stage_calls.trust_finalization,1
trials[88].stage_calls.trust_run_attestation,1
trials[88].stage_calls.trust_signatures_all,5
trials[88].stage_seconds.analysis_workers_and_risk,0.06566799999563955
trials[88].stage_seconds.audit_ledger_record_once,0.05074799997964874
trials[88].stage_seconds.recommendations,0.0026257000281475484
trials[88].stage_seconds.trust_finalization,0.1972585000039544
trials[88].stage_seconds.trust_run_attestation,0.676498899993021
trials[88].stage_seconds.trust_signatures_all,0.629179599985946
trials[88].trial,29
trials[88].trust_verification_seconds,0.07430750000639819
trials[88].trust_verified,true
trials[89].db_operations.execute,119
trials[89].db_operations.query_all,73
trials[89].db_operations.query_one,266
trials[89].db_operations_total,458
trials[89].decision_call_seconds,0.03759309998713434
trials[89].graph_checkpoints,7
trials[89].order_position,2
trials[89].outputs.finding_count,4
trials[89].outputs.recommendation_count,4
trials[89].outputs.risk_total_score,27.21
trials[89].outside_domain_stages_seconds,0.11027049995027483
trials[89].phase_after_decision_seconds,0.8944688999908976
trials[89].phase_to_review_seconds,0.15689369998290204
trials[89].processing_seconds,1.0513625999737997
trials[89].stage_calls.analysis_workers_and_risk,1
trials[89].stage_calls.audit_ledger_record_once,6
trials[89].stage_calls.recommendations,1
trials[89].stage_calls.trust_finalization,2
trials[89].stage_calls.trust_run_attestation,1
trials[89].stage_calls.trust_signatures_all,5
trials[89].stage_seconds.analysis_workers_and_risk,0.08312080000177957
trials[89].stage_seconds.audit_ledger_record_once,0.07299859999329783
trials[89].stage_seconds.recommendations,0.002111399982823059
trials[89].stage_seconds.trust_finalization,0.30842860002303496
trials[89].stage_seconds.trust_run_attestation,0.5474313000158872
trials[89].stage_seconds.trust_signatures_all,0.49891270004445687
trials[89].trial,29
trials[89].trust_verification_seconds,0.062078700022539124
trials[89].trust_verified,true
trust_sat.all_signatures_seconds_direct.max,1.764768
trust_sat.all_signatures_seconds_direct.mean,0.901863
trust_sat.all_signatures_seconds_direct.median,0.78949
trust_sat.all_signatures_seconds_direct.min,0.47584
trust_sat.all_signatures_seconds_direct.n,30
trust_sat.all_signatures_seconds_direct.p95,1.563947
trust_sat.all_signatures_seconds_direct.p95_note,null
trust_sat.finalization_seconds_direct.max,0.6229
trust_sat.finalization_seconds_direct.mean,0.313628
trust_sat.finalization_seconds_direct.median,0.288111
trust_sat.finalization_seconds_direct.min,0.197259
trust_sat.finalization_seconds_direct.n,30
trust_sat.finalization_seconds_direct.p95,0.504037
trust_sat.finalization_seconds_direct.p95_note,null
trust_sat.finalization_share_of_processing_direct.max,0.430439
trust_sat.finalization_share_of_processing_direct.mean,0.233393
trust_sat.finalization_share_of_processing_direct.median,0.234262
trust_sat.finalization_share_of_processing_direct.min,0.124316
trust_sat.finalization_share_of_processing_direct.n,30
trust_sat.finalization_share_of_processing_direct.p95,0.315571
trust_sat.finalization_share_of_processing_direct.p95_note,null
trust_sat.run_attestation_seconds_direct.max,1.717874
trust_sat.run_attestation_seconds_direct.mean,0.93685
trust_sat.run_attestation_seconds_direct.median,0.85319
trust_sat.run_attestation_seconds_direct.min,0.449191
trust_sat.run_attestation_seconds_direct.n,30
trust_sat.run_attestation_seconds_direct.p95,1.576964
trust_sat.run_attestation_seconds_direct.p95_note,null
trust_sat.signature_calls_direct.max,5.0
trust_sat.signature_calls_direct.mean,5.0
trust_sat.signature_calls_direct.median,5.0
trust_sat.signature_calls_direct.min,5.0
trust_sat.signature_calls_direct.n,30
trust_sat.signature_calls_direct.p95,5.0
trust_sat.signature_calls_direct.p95_note,null
trust_sat.verification_seconds_direct.max,0.099454
trust_sat.verification_seconds_direct.mean,0.065328
trust_sat.verification_seconds_direct.median,0.062271
trust_sat.verification_seconds_direct.min,0.057566
trust_sat.verification_seconds_direct.n,30
trust_sat.verification_seconds_direct.p95,0.081898
trust_sat.verification_seconds_direct.p95_note,null
