metric,value
per_scenario[0].conditions[0].analysis_seconds,0.230839
per_scenario[0].conditions[0].finding_count,0
per_scenario[0].conditions[0].recommendation_count,0
per_scenario[0].conditions[0].risk.total_score,0.0
per_scenario[0].conditions[0].traceability.evidence_reference_coverage,null
per_scenario[0].conditions[0].traceability.evidence_references,0
per_scenario[0].conditions[0].traceability.findings,0
per_scenario[0].conditions[0].traceability.findings_with_all_evidence_references_resolved,0
per_scenario[0].conditions[0].traceability.resolved_evidence_references,0
per_scenario[0].conditions[0].validation_matches_expected,true
per_scenario[0].conditions[0].validation_seconds,0.408376
per_scenario[0].conditions[0].validation_totals.accepted,20
per_scenario[0].conditions[0].validation_totals.received,20
per_scenario[0].conditions[0].validation_totals.rejected,0
per_scenario[0].conditions[0].validation_warning_count,0
per_scenario[0].conditions[1].paired_delta_vs_control,null
per_scenario[0].conditions[1].perturbation_ground_truth.dangling_references_after_omission.escalations_or_dispositions,0
per_scenario[0].conditions[1].perturbation_ground_truth.dangling_references_after_omission.investigation_steps,6
per_scenario[0].conditions[1].perturbation_ground_truth.omitted_records,2
per_scenario[0].conditions[1].validation_matches_expected,true
per_scenario[0].conditions[1].validation_seconds,0.337007
per_scenario[0].conditions[1].validation_totals.accepted,12
per_scenario[0].conditions[1].validation_totals.received,18
per_scenario[0].conditions[1].validation_totals.rejected,6
per_scenario[0].conditions[1].validation_warning_count,9
per_scenario[0].conditions[2].analysis_seconds,0.559012
per_scenario[0].conditions[2].finding_count,2
per_scenario[0].conditions[2].paired_delta_vs_control.family_set_changed,true
per_scenario[0].conditions[2].paired_delta_vs_control.finding_count_change,2
per_scenario[0].conditions[2].paired_delta_vs_control.risk_fields_changed.total_score.control,0.0
per_scenario[0].conditions[2].paired_delta_vs_control.risk_fields_changed.total_score.perturbed,6.18
per_scenario[0].conditions[2].perturbation_ground_truth.dangling_references_after_omission.escalations_or_dispositions,0
per_scenario[0].conditions[2].perturbation_ground_truth.dangling_references_after_omission.investigation_steps,0
per_scenario[0].conditions[2].perturbation_ground_truth.omitted_records,6
per_scenario[0].conditions[2].recommendation_count,0
per_scenario[0].conditions[2].risk.total_score,6.18
per_scenario[0].conditions[2].traceability.evidence_reference_coverage,1.0
per_scenario[0].conditions[2].traceability.evidence_references,2
per_scenario[0].conditions[2].traceability.findings,2
per_scenario[0].conditions[2].traceability.findings_with_all_evidence_references_resolved,1
per_scenario[0].conditions[2].traceability.resolved_evidence_references,2
per_scenario[0].conditions[2].validation_matches_expected,true
per_scenario[0].conditions[2].validation_seconds,0.332447
per_scenario[0].conditions[2].validation_totals.accepted,14
per_scenario[0].conditions[2].validation_totals.received,14
per_scenario[0].conditions[2].validation_totals.rejected,0
per_scenario[0].conditions[2].validation_warning_count,0
per_scenario[0].conditions[3].analysis_seconds,0.275182
per_scenario[0].conditions[3].finding_count,1
per_scenario[0].conditions[3].paired_delta_vs_control.family_set_changed,false
per_scenario[0].conditions[3].paired_delta_vs_control.finding_count_change,1
per_scenario[0].conditions[3].perturbation_ground_truth.dangling_references_after_omission.escalations_or_dispositions,0
per_scenario[0].conditions[3].perturbation_ground_truth.dangling_references_after_omission.investigation_steps,0
per_scenario[0].conditions[3].perturbation_ground_truth.omitted_records,1
per_scenario[0].conditions[3].recommendation_count,0
per_scenario[0].conditions[3].risk.total_score,0.0
per_scenario[0].conditions[3].traceability.evidence_reference_coverage,null
per_scenario[0].conditions[3].traceability.evidence_references,0
per_scenario[0].conditions[3].traceability.findings,1
per_scenario[0].conditions[3].traceability.findings_with_all_evidence_references_resolved,0
per_scenario[0].conditions[3].traceability.resolved_evidence_references,0
per_scenario[0].conditions[3].validation_matches_expected,true
per_scenario[0].conditions[3].validation_seconds,0.385226
per_scenario[0].conditions[3].validation_totals.accepted,19
per_scenario[0].conditions[3].validation_totals.received,19
per_scenario[0].conditions[3].validation_totals.rejected,0
per_scenario[0].conditions[3].validation_warning_count,0
per_scenario[0].conditions[4].analysis_seconds,0.491642
per_scenario[0].conditions[4].finding_count,1
per_scenario[0].conditions[4].paired_delta_vs_control.family_set_changed,false
per_scenario[0].conditions[4].paired_delta_vs_control.finding_count_change,1
per_scenario[0].conditions[4].perturbation_ground_truth.dangling_references_after_omission.escalations_or_dispositions,0
per_scenario[0].conditions[4].perturbation_ground_truth.dangling_references_after_omission.investigation_steps,0
per_scenario[0].conditions[4].perturbation_ground_truth.omitted_records,4
per_scenario[0].conditions[4].recommendation_count,0
per_scenario[0].conditions[4].risk.total_score,0.0
per_scenario[0].conditions[4].traceability.evidence_reference_coverage,null
per_scenario[0].conditions[4].traceability.evidence_references,0
per_scenario[0].conditions[4].traceability.findings,1
per_scenario[0].conditions[4].traceability.findings_with_all_evidence_references_resolved,0
per_scenario[0].conditions[4].traceability.resolved_evidence_references,0
per_scenario[0].conditions[4].validation_matches_expected,true
per_scenario[0].conditions[4].validation_seconds,0.382702
per_scenario[0].conditions[4].validation_totals.accepted,16
per_scenario[0].conditions[4].validation_totals.received,16
per_scenario[0].conditions[4].validation_totals.rejected,0
per_scenario[0].conditions[4].validation_warning_count,0
per_scenario[0].conditions[5].analysis_seconds,0.339224
per_scenario[0].conditions[5].finding_count,1
per_scenario[0].conditions[5].paired_delta_vs_control.family_set_changed,false
per_scenario[0].conditions[5].paired_delta_vs_control.finding_count_change,1
per_scenario[0].conditions[5].perturbation_ground_truth.dangling_references_after_omission.escalations_or_dispositions,0
per_scenario[0].conditions[5].perturbation_ground_truth.dangling_references_after_omission.investigation_steps,0
per_scenario[0].conditions[5].perturbation_ground_truth.omitted_records,3
per_scenario[0].conditions[5].recommendation_count,0
per_scenario[0].conditions[5].risk.total_score,0.0
per_scenario[0].conditions[5].traceability.evidence_reference_coverage,null
per_scenario[0].conditions[5].traceability.evidence_references,0
per_scenario[0].conditions[5].traceability.findings,1
per_scenario[0].conditions[5].traceability.findings_with_all_evidence_references_resolved,0
per_scenario[0].conditions[5].traceability.resolved_evidence_references,0
per_scenario[0].conditions[5].validation_matches_expected,true
per_scenario[0].conditions[5].validation_seconds,0.400015
per_scenario[0].conditions[5].validation_totals.accepted,17
per_scenario[0].conditions[5].validation_totals.received,17
per_scenario[0].conditions[5].validation_totals.rejected,0
per_scenario[0].conditions[5].validation_warning_count,4
per_scenario[0].conditions[6].analysis_seconds,0.25237
per_scenario[0].conditions[6].finding_count,0
per_scenario[0].conditions[6].paired_delta_vs_control.family_set_changed,false
per_scenario[0].conditions[6].paired_delta_vs_control.finding_count_change,0
per_scenario[0].conditions[6].parameters.rate,0.1
per_scenario[0].conditions[6].parameters.seed,0
per_scenario[0].conditions[6].perturbation_ground_truth.dangling_references_after_omission.escalations_or_dispositions,0
per_scenario[0].conditions[6].perturbation_ground_truth.dangling_references_after_omission.investigation_steps,0
per_scenario[0].conditions[6].perturbation_ground_truth.eligible_records,16
per_scenario[0].conditions[6].perturbation_ground_truth.removed[0].row_index,1
per_scenario[0].conditions[6].perturbation_ground_truth.removed[1].row_index,0
per_scenario[0].conditions[6].recommendation_count,0
per_scenario[0].conditions[6].risk.total_score,0.0
per_scenario[0].conditions[6].traceability.evidence_reference_coverage,null
per_scenario[0].conditions[6].traceability.evidence_references,0
per_scenario[0].conditions[6].traceability.findings,0
per_scenario[0].conditions[6].traceability.findings_with_all_evidence_references_resolved,0
per_scenario[0].conditions[6].traceability.resolved_evidence_references,0
per_scenario[0].conditions[6].validation_matches_expected,true
per_scenario[0].conditions[6].validation_seconds,0.456952
per_scenario[0].conditions[6].validation_totals.accepted,18
per_scenario[0].conditions[6].validation_totals.received,18
per_scenario[0].conditions[6].validation_totals.rejected,0
per_scenario[0].conditions[6].validation_warning_count,1
per_scenario[0].conditions[7].analysis_seconds,0.4456
per_scenario[0].conditions[7].finding_count,0
per_scenario[0].conditions[7].paired_delta_vs_control.family_set_changed,false
per_scenario[0].conditions[7].paired_delta_vs_control.finding_count_change,0
per_scenario[0].conditions[7].parameters.rate,0.1
per_scenario[0].conditions[7].parameters.seed,0
per_scenario[0].conditions[7].perturbation_ground_truth.cascaded_investigation_steps_removed,0
per_scenario[0].conditions[7].perturbation_ground_truth.dangling_references_after_omission.escalations_or_dispositions,0
per_scenario[0].conditions[7].perturbation_ground_truth.dangling_references_after_omission.investigation_steps,0
per_scenario[0].conditions[7].perturbation_ground_truth.eligible_records,16
per_scenario[0].conditions[7].perturbation_ground_truth.removed[0].row_index,1
per_scenario[0].conditions[7].perturbation_ground_truth.removed[1].row_index,0
per_scenario[0].conditions[7].recommendation_count,0
per_scenario[0].conditions[7].risk.total_score,0.0
per_scenario[0].conditions[7].traceability.evidence_reference_coverage,null
per_scenario[0].conditions[7].traceability.evidence_references,0
per_scenario[0].conditions[7].traceability.findings,0
per_scenario[0].conditions[7].traceability.findings_with_all_evidence_references_resolved,0
per_scenario[0].conditions[7].traceability.resolved_evidence_references,0
per_scenario[0].conditions[7].validation_matches_expected,true
per_scenario[0].conditions[7].validation_seconds,0.427582
per_scenario[0].conditions[7].validation_totals.accepted,18
per_scenario[0].conditions[7].validation_totals.received,18
per_scenario[0].conditions[7].validation_totals.rejected,0
per_scenario[0].conditions[7].validation_warning_count,1
per_scenario[0].conditions[8].analysis_seconds,0.299465
per_scenario[0].conditions[8].finding_count,0
per_scenario[0].conditions[8].paired_delta_vs_control.family_set_changed,false
per_scenario[0].conditions[8].paired_delta_vs_control.finding_count_change,0
per_scenario[0].conditions[8].parameters.rate,0.1
per_scenario[0].conditions[8].parameters.seed,1
per_scenario[0].conditions[8].perturbation_ground_truth.dangling_references_after_omission.escalations_or_dispositions,0
per_scenario[0].conditions[8].perturbation_ground_truth.dangling_references_after_omission.investigation_steps,0
per_scenario[0].conditions[8].perturbation_ground_truth.eligible_records,16
per_scenario[0].conditions[8].perturbation_ground_truth.removed[0].row_index,1
per_scenario[0].conditions[8].perturbation_ground_truth.removed[1].row_index,0
per_scenario[0].conditions[8].recommendation_count,0
per_scenario[0].conditions[8].risk.total_score,0.0
per_scenario[0].conditions[8].traceability.evidence_reference_coverage,null
per_scenario[0].conditions[8].traceability.evidence_references,0
per_scenario[0].conditions[8].traceability.findings,0
per_scenario[0].conditions[8].traceability.findings_with_all_evidence_references_resolved,0
per_scenario[0].conditions[8].traceability.resolved_evidence_references,0
per_scenario[0].conditions[8].validation_matches_expected,true
per_scenario[0].conditions[8].validation_seconds,0.44099
per_scenario[0].conditions[8].validation_totals.accepted,18
per_scenario[0].conditions[8].validation_totals.received,18
per_scenario[0].conditions[8].validation_totals.rejected,0
per_scenario[0].conditions[8].validation_warning_count,1
per_scenario[0].conditions[9].analysis_seconds,0.250873
per_scenario[0].conditions[9].finding_count,0
per_scenario[0].conditions[9].paired_delta_vs_control.family_set_changed,false
per_scenario[0].conditions[9].paired_delta_vs_control.finding_count_change,0
per_scenario[0].conditions[9].parameters.rate,0.1
per_scenario[0].conditions[9].parameters.seed,1
per_scenario[0].conditions[9].perturbation_ground_truth.cascaded_investigation_steps_removed,0
per_scenario[0].conditions[9].perturbation_ground_truth.dangling_references_after_omission.escalations_or_dispositions,0
per_scenario[0].conditions[9].perturbation_ground_truth.dangling_references_after_omission.investigation_steps,0
per_scenario[0].conditions[9].perturbation_ground_truth.eligible_records,16
per_scenario[0].conditions[9].perturbation_ground_truth.removed[0].row_index,1
per_scenario[0].conditions[9].perturbation_ground_truth.removed[1].row_index,0
per_scenario[0].conditions[9].recommendation_count,0
per_scenario[0].conditions[9].risk.total_score,0.0
per_scenario[0].conditions[9].traceability.evidence_reference_coverage,null
per_scenario[0].conditions[9].traceability.evidence_references,0
per_scenario[0].conditions[9].traceability.findings,0
per_scenario[0].conditions[9].traceability.findings_with_all_evidence_references_resolved,0
per_scenario[0].conditions[9].traceability.resolved_evidence_references,0
per_scenario[0].conditions[9].validation_matches_expected,true
per_scenario[0].conditions[9].validation_seconds,0.429195
per_scenario[0].conditions[9].validation_totals.accepted,18
per_scenario[0].conditions[9].validation_totals.received,18
per_scenario[0].conditions[9].validation_totals.rejected,0
per_scenario[0].conditions[9].validation_warning_count,1
per_scenario[0].conditions[10].analysis_seconds,0.190435
per_scenario[0].conditions[10].finding_count,0
per_scenario[0].conditions[10].paired_delta_vs_control.family_set_changed,false
per_scenario[0].conditions[10].paired_delta_vs_control.finding_count_change,0
per_scenario[0].conditions[10].parameters.rate,0.1
per_scenario[0].conditions[10].parameters.seed,2
per_scenario[0].conditions[10].perturbation_ground_truth.dangling_references_after_omission.escalations_or_dispositions,0
per_scenario[0].conditions[10].perturbation_ground_truth.dangling_references_after_omission.investigation_steps,0
per_scenario[0].conditions[10].perturbation_ground_truth.eligible_records,16
per_scenario[0].conditions[10].perturbation_ground_truth.removed[0].row_index,1
per_scenario[0].conditions[10].perturbation_ground_truth.removed[1].row_index,4
per_scenario[0].conditions[10].recommendation_count,0
per_scenario[0].conditions[10].risk.total_score,0.0
per_scenario[0].conditions[10].traceability.evidence_reference_coverage,null
per_scenario[0].conditions[10].traceability.evidence_references,0
per_scenario[0].conditions[10].traceability.findings,0
per_scenario[0].conditions[10].traceability.findings_with_all_evidence_references_resolved,0
per_scenario[0].conditions[10].traceability.resolved_evidence_references,0
per_scenario[0].conditions[10].validation_matches_expected,true
per_scenario[0].conditions[10].validation_seconds,0.464345
per_scenario[0].conditions[10].validation_totals.accepted,18
per_scenario[0].conditions[10].validation_totals.received,18
per_scenario[0].conditions[10].validation_totals.rejected,0
per_scenario[0].conditions[10].validation_warning_count,0
per_scenario[0].conditions[11].analysis_seconds,0.185503
per_scenario[0].conditions[11].finding_count,0
per_scenario[0].conditions[11].paired_delta_vs_control.family_set_changed,false
per_scenario[0].conditions[11].paired_delta_vs_control.finding_count_change,0
per_scenario[0].conditions[11].parameters.rate,0.1
per_scenario[0].conditions[11].parameters.seed,2
per_scenario[0].conditions[11].perturbation_ground_truth.cascaded_investigation_steps_removed,0
per_scenario[0].conditions[11].perturbation_ground_truth.dangling_references_after_omission.escalations_or_dispositions,0
per_scenario[0].conditions[11].perturbation_ground_truth.dangling_references_after_omission.investigation_steps,0
per_scenario[0].conditions[11].perturbation_ground_truth.eligible_records,16
per_scenario[0].conditions[11].perturbation_ground_truth.removed[0].row_index,1
per_scenario[0].conditions[11].perturbation_ground_truth.removed[1].row_index,4
per_scenario[0].conditions[11].recommendation_count,0
per_scenario[0].conditions[11].risk.total_score,0.0
per_scenario[0].conditions[11].traceability.evidence_reference_coverage,null
per_scenario[0].conditions[11].traceability.evidence_references,0
per_scenario[0].conditions[11].traceability.findings,0
per_scenario[0].conditions[11].traceability.findings_with_all_evidence_references_resolved,0
per_scenario[0].conditions[11].traceability.resolved_evidence_references,0
per_scenario[0].conditions[11].validation_matches_expected,true
per_scenario[0].conditions[11].validation_seconds,0.391991
per_scenario[0].conditions[11].validation_totals.accepted,18
per_scenario[0].conditions[11].validation_totals.received,18
per_scenario[0].conditions[11].validation_totals.rejected,0
per_scenario[0].conditions[11].validation_warning_count,0
per_scenario[0].conditions[12].paired_delta_vs_control,null
per_scenario[0].conditions[12].parameters.rate,0.1
per_scenario[0].conditions[12].parameters.seed,3
per_scenario[0].conditions[12].perturbation_ground_truth.dangling_references_after_omission.escalations_or_dispositions,0
per_scenario[0].conditions[12].perturbation_ground_truth.dangling_references_after_omission.investigation_steps,3
per_scenario[0].conditions[12].perturbation_ground_truth.eligible_records,16
per_scenario[0].conditions[12].perturbation_ground_truth.removed[0].row_index,0
per_scenario[0].conditions[12].perturbation_ground_truth.removed[1].row_index,4
per_scenario[0].conditions[12].validation_matches_expected,true
per_scenario[0].conditions[12].validation_seconds,0.40106
per_scenario[0].conditions[12].validation_totals.accepted,15
per_scenario[0].conditions[12].validation_totals.received,18
per_scenario[0].conditions[12].validation_totals.rejected,3
per_scenario[0].conditions[12].validation_warning_count,5
per_scenario[0].conditions[13].analysis_seconds,0.133936
per_scenario[0].conditions[13].finding_count,0
per_scenario[0].conditions[13].paired_delta_vs_control.family_set_changed,false
per_scenario[0].conditions[13].paired_delta_vs_control.finding_count_change,0
per_scenario[0].conditions[13].parameters.rate,0.1
per_scenario[0].conditions[13].parameters.seed,3
per_scenario[0].conditions[13].perturbation_ground_truth.cascaded_investigation_steps_removed,3
per_scenario[0].conditions[13].perturbation_ground_truth.dangling_references_after_omission.escalations_or_dispositions,0
per_scenario[0].conditions[13].perturbation_ground_truth.dangling_references_after_omission.investigation_steps,0
per_scenario[0].conditions[13].perturbation_ground_truth.eligible_records,16
per_scenario[0].conditions[13].perturbation_ground_truth.removed[0].row_index,0
per_scenario[0].conditions[13].perturbation_ground_truth.removed[1].row_index,4
per_scenario[0].conditions[13].recommendation_count,0
per_scenario[0].conditions[13].risk.total_score,0.0
per_scenario[0].conditions[13].traceability.evidence_reference_coverage,null
per_scenario[0].conditions[13].traceability.evidence_references,0
per_scenario[0].conditions[13].traceability.findings,0
per_scenario[0].conditions[13].traceability.findings_with_all_evidence_references_resolved,0
per_scenario[0].conditions[13].traceability.resolved_evidence_references,0
per_scenario[0].conditions[13].validation_matches_expected,true
per_scenario[0].conditions[13].validation_seconds,0.388164
per_scenario[0].conditions[13].validation_totals.accepted,15
per_scenario[0].conditions[13].validation_totals.received,15
per_scenario[0].conditions[13].validation_totals.rejected,0
per_scenario[0].conditions[13].validation_warning_count,5
per_scenario[0].conditions[14].analysis_seconds,0.165121
per_scenario[0].conditions[14].finding_count,0
per_scenario[0].conditions[14].paired_delta_vs_control.family_set_changed,false
per_scenario[0].conditions[14].paired_delta_vs_control.finding_count_change,0
per_scenario[0].conditions[14].parameters.rate,0.1
per_scenario[0].conditions[14].parameters.seed,4
per_scenario[0].conditions[14].perturbation_ground_truth.dangling_references_after_omission.escalations_or_dispositions,0
per_scenario[0].conditions[14].perturbation_ground_truth.dangling_references_after_omission.investigation_steps,0
per_scenario[0].conditions[14].perturbation_ground_truth.eligible_records,16
per_scenario[0].conditions[14].perturbation_ground_truth.removed[0].row_index,0
per_scenario[0].conditions[14].perturbation_ground_truth.removed[1].row_index,3
per_scenario[0].conditions[14].recommendation_count,0
per_scenario[0].conditions[14].risk.total_score,0.0
per_scenario[0].conditions[14].traceability.evidence_reference_coverage,null
per_scenario[0].conditions[14].traceability.evidence_references,0
per_scenario[0].conditions[14].traceability.findings,0
per_scenario[0].conditions[14].traceability.findings_with_all_evidence_references_resolved,0
per_scenario[0].conditions[14].traceability.resolved_evidence_references,0
per_scenario[0].conditions[14].validation_matches_expected,true
per_scenario[0].conditions[14].validation_seconds,0.415894
per_scenario[0].conditions[14].validation_totals.accepted,18
per_scenario[0].conditions[14].validation_totals.received,18
per_scenario[0].conditions[14].validation_totals.rejected,0
per_scenario[0].conditions[14].validation_warning_count,0
per_scenario[0].conditions[15].analysis_seconds,0.133698
per_scenario[0].conditions[15].finding_count,0
per_scenario[0].conditions[15].paired_delta_vs_control.family_set_changed,false
per_scenario[0].conditions[15].paired_delta_vs_control.finding_count_change,0
per_scenario[0].conditions[15].parameters.rate,0.1
per_scenario[0].conditions[15].parameters.seed,4
per_scenario[0].conditions[15].perturbation_ground_truth.cascaded_investigation_steps_removed,0
per_scenario[0].conditions[15].perturbation_ground_truth.dangling_references_after_omission.escalations_or_dispositions,0
per_scenario[0].conditions[15].perturbation_ground_truth.dangling_references_after_omission.investigation_steps,0
per_scenario[0].conditions[15].perturbation_ground_truth.eligible_records,16
per_scenario[0].conditions[15].perturbation_ground_truth.removed[0].row_index,0
per_scenario[0].conditions[15].perturbation_ground_truth.removed[1].row_index,3
per_scenario[0].conditions[15].recommendation_count,0
per_scenario[0].conditions[15].risk.total_score,0.0
per_scenario[0].conditions[15].traceability.evidence_reference_coverage,null
per_scenario[0].conditions[15].traceability.evidence_references,0
per_scenario[0].conditions[15].traceability.findings,0
per_scenario[0].conditions[15].traceability.findings_with_all_evidence_references_resolved,0
per_scenario[0].conditions[15].traceability.resolved_evidence_references,0
per_scenario[0].conditions[15].validation_matches_expected,true
per_scenario[0].conditions[15].validation_seconds,0.394273
per_scenario[0].conditions[15].validation_totals.accepted,18
per_scenario[0].conditions[15].validation_totals.received,18
per_scenario[0].conditions[15].validation_totals.rejected,0
per_scenario[0].conditions[15].validation_warning_count,0
per_scenario[0].conditions[16].paired_delta_vs_control,null
per_scenario[0].conditions[16].parameters.rate,0.25
per_scenario[0].conditions[16].parameters.seed,0
per_scenario[0].conditions[16].perturbation_ground_truth.dangling_references_after_omission.escalations_or_dispositions,0
per_scenario[0].conditions[16].perturbation_ground_truth.dangling_references_after_omission.investigation_steps,2
per_scenario[0].conditions[16].perturbation_ground_truth.eligible_records,16
per_scenario[0].conditions[16].perturbation_ground_truth.removed[0].row_index,0
per_scenario[0].conditions[16].perturbation_ground_truth.removed[1].row_index,2
per_scenario[0].conditions[16].perturbation_ground_truth.removed[2].row_index,1
per_scenario[0].conditions[16].perturbation_ground_truth.removed[3].row_index,4
per_scenario[0].conditions[16].validation_matches_expected,true
per_scenario[0].conditions[16].validation_seconds,0.393977
per_scenario[0].conditions[16].validation_totals.accepted,14
per_scenario[0].conditions[16].validation_totals.received,16
per_scenario[0].conditions[16].validation_totals.rejected,2
per_scenario[0].conditions[16].validation_warning_count,7
per_scenario[0].conditions[17].analysis_seconds,0.146364
per_scenario[0].conditions[17].finding_count,0
per_scenario[0].conditions[17].paired_delta_vs_control.family_set_changed,false
per_scenario[0].conditions[17].paired_delta_vs_control.finding_count_change,0
per_scenario[0].conditions[17].parameters.rate,0.25
per_scenario[0].conditions[17].parameters.seed,0
per_scenario[0].conditions[17].perturbation_ground_truth.cascaded_investigation_steps_removed,2
per_scenario[0].conditions[17].perturbation_ground_truth.dangling_references_after_omission.escalations_or_dispositions,0
per_scenario[0].conditions[17].perturbation_ground_truth.dangling_references_after_omission.investigation_steps,0
per_scenario[0].conditions[17].perturbation_ground_truth.eligible_records,16
per_scenario[0].conditions[17].perturbation_ground_truth.removed[0].row_index,0
per_scenario[0].conditions[17].perturbation_ground_truth.removed[1].row_index,2
per_scenario[0].conditions[17].perturbation_ground_truth.removed[2].row_index,1
per_scenario[0].conditions[17].perturbation_ground_truth.removed[3].row_index,4
per_scenario[0].conditions[17].recommendation_count,0
per_scenario[0].conditions[17].risk.total_score,0.0
per_scenario[0].conditions[17].traceability.evidence_reference_coverage,null
per_scenario[0].conditions[17].traceability.evidence_references,0
per_scenario[0].conditions[17].traceability.findings,0
per_scenario[0].conditions[17].traceability.findings_with_all_evidence_references_resolved,0
per_scenario[0].conditions[17].traceability.resolved_evidence_references,0
per_scenario[0].conditions[17].validation_matches_expected,true
per_scenario[0].conditions[17].validation_seconds,0.394265
per_scenario[0].conditions[17].validation_totals.accepted,14
per_scenario[0].conditions[17].validation_totals.received,14
per_scenario[0].conditions[17].validation_totals.rejected,0
per_scenario[0].conditions[17].validation_warning_count,7
per_scenario[0].conditions[18].analysis_seconds,0.198618
per_scenario[0].conditions[18].finding_count,1
per_scenario[0].conditions[18].paired_delta_vs_control.family_set_changed,false
per_scenario[0].conditions[18].paired_delta_vs_control.finding_count_change,1
per_scenario[0].conditions[18].parameters.rate,0.25
per_scenario[0].conditions[18].parameters.seed,1
per_scenario[0].conditions[18].perturbation_ground_truth.dangling_references_after_omission.escalations_or_dispositions,0
per_scenario[0].conditions[18].perturbation_ground_truth.dangling_references_after_omission.investigation_steps,0
per_scenario[0].conditions[18].perturbation_ground_truth.eligible_records,16
per_scenario[0].conditions[18].perturbation_ground_truth.removed[0].row_index,0
per_scenario[0].conditions[18].perturbation_ground_truth.removed[1].row_index,1
per_scenario[0].conditions[18].perturbation_ground_truth.removed[2].row_index,2
per_scenario[0].conditions[18].perturbation_ground_truth.removed[3].row_index,3
per_scenario[0].conditions[18].recommendation_count,0
per_scenario[0].conditions[18].risk.total_score,0.0
per_scenario[0].conditions[18].traceability.evidence_reference_coverage,null
per_scenario[0].conditions[18].traceability.evidence_references,0
per_scenario[0].conditions[18].traceability.findings,1
per_scenario[0].conditions[18].traceability.findings_with_all_evidence_references_resolved,0
per_scenario[0].conditions[18].traceability.resolved_evidence_references,0
per_scenario[0].conditions[18].validation_matches_expected,true
per_scenario[0].conditions[18].validation_seconds,0.329988
per_scenario[0].conditions[18].validation_totals.accepted,16
per_scenario[0].conditions[18].validation_totals.received,16
per_scenario[0].conditions[18].validation_totals.rejected,0
per_scenario[0].conditions[18].validation_warning_count,4
per_scenario[0].conditions[19].analysis_seconds,0.191928
per_scenario[0].conditions[19].finding_count,1
per_scenario[0].conditions[19].paired_delta_vs_control.family_set_changed,false
per_scenario[0].conditions[19].paired_delta_vs_control.finding_count_change,1
per_scenario[0].conditions[19].parameters.rate,0.25
per_scenario[0].conditions[19].parameters.seed,1
per_scenario[0].conditions[19].perturbation_ground_truth.cascaded_investigation_steps_removed,0
per_scenario[0].conditions[19].perturbation_ground_truth.dangling_references_after_omission.escalations_or_dispositions,0
per_scenario[0].conditions[19].perturbation_ground_truth.dangling_references_after_omission.investigation_steps,0
per_scenario[0].conditions[19].perturbation_ground_truth.eligible_records,16
per_scenario[0].conditions[19].perturbation_ground_truth.removed[0].row_index,0
per_scenario[0].conditions[19].perturbation_ground_truth.removed[1].row_index,1
per_scenario[0].conditions[19].perturbation_ground_truth.removed[2].row_index,2
per_scenario[0].conditions[19].perturbation_ground_truth.removed[3].row_index,3
per_scenario[0].conditions[19].recommendation_count,0
per_scenario[0].conditions[19].risk.total_score,0.0
per_scenario[0].conditions[19].traceability.evidence_reference_coverage,null
per_scenario[0].conditions[19].traceability.evidence_references,0
per_scenario[0].conditions[19].traceability.findings,1
per_scenario[0].conditions[19].traceability.findings_with_all_evidence_references_resolved,0
per_scenario[0].conditions[19].traceability.resolved_evidence_references,0
per_scenario[0].conditions[19].validation_matches_expected,true
per_scenario[0].conditions[19].validation_seconds,0.340155
per_scenario[0].conditions[19].validation_totals.accepted,16
per_scenario[0].conditions[19].validation_totals.received,16
per_scenario[0].conditions[19].validation_totals.rejected,0
per_scenario[0].conditions[19].validation_warning_count,4
per_scenario[0].conditions[20].paired_delta_vs_control,null
per_scenario[0].conditions[20].parameters.rate,0.25
per_scenario[0].conditions[20].parameters.seed,2
per_scenario[0].conditions[20].perturbation_ground_truth.dangling_references_after_omission.escalations_or_dispositions,0
per_scenario[0].conditions[20].perturbation_ground_truth.dangling_references_after_omission.investigation_steps,2
per_scenario[0].conditions[20].perturbation_ground_truth.eligible_records,16
per_scenario[0].conditions[20].perturbation_ground_truth.removed[0].row_index,2
per_scenario[0].conditions[20].perturbation_ground_truth.removed[1].row_index,0
per_scenario[0].conditions[20].perturbation_ground_truth.removed[2].row_index,0
per_scenario[0].conditions[20].perturbation_ground_truth.removed[3].row_index,2
per_scenario[0].conditions[20].validation_matches_expected,true
per_scenario[0].conditions[20].validation_seconds,0.372608
per_scenario[0].conditions[20].validation_totals.accepted,14
per_scenario[0].conditions[20].validation_totals.received,16
per_scenario[0].conditions[20].validation_totals.rejected,2
per_scenario[0].conditions[20].validation_warning_count,5
per_scenario[0].conditions[21].analysis_seconds,0.242019
per_scenario[0].conditions[21].finding_count,1
per_scenario[0].conditions[21].paired_delta_vs_control.family_set_changed,true
per_scenario[0].conditions[21].paired_delta_vs_control.finding_count_change,1
per_scenario[0].conditions[21].paired_delta_vs_control.risk_fields_changed.total_score.control,0.0
per_scenario[0].conditions[21].paired_delta_vs_control.risk_fields_changed.total_score.perturbed,5.0
per_scenario[0].conditions[21].parameters.rate,0.25
per_scenario[0].conditions[21].parameters.seed,2
per_scenario[0].conditions[21].perturbation_ground_truth.cascaded_investigation_steps_removed,2
per_scenario[0].conditions[21].perturbation_ground_truth.dangling_references_after_omission.escalations_or_dispositions,0
per_scenario[0].conditions[21].perturbation_ground_truth.dangling_references_after_omission.investigation_steps,0
per_scenario[0].conditions[21].perturbation_ground_truth.eligible_records,16
per_scenario[0].conditions[21].perturbation_ground_truth.removed[0].row_index,2
per_scenario[0].conditions[21].perturbation_ground_truth.removed[1].row_index,0
per_scenario[0].conditions[21].perturbation_ground_truth.removed[2].row_index,0
per_scenario[0].conditions[21].perturbation_ground_truth.removed[3].row_index,2
per_scenario[0].conditions[21].recommendation_count,0
per_scenario[0].conditions[21].risk.total_score,5.0
per_scenario[0].conditions[21].traceability.evidence_reference_coverage,1.0
per_scenario[0].conditions[21].traceability.evidence_references,1
per_scenario[0].conditions[21].traceability.findings,1
per_scenario[0].conditions[21].traceability.findings_with_all_evidence_references_resolved,1
per_scenario[0].conditions[21].traceability.resolved_evidence_references,1
per_scenario[0].conditions[21].validation_matches_expected,true
per_scenario[0].conditions[21].validation_seconds,0.387463
per_scenario[0].conditions[21].validation_totals.accepted,14
per_scenario[0].conditions[21].validation_totals.received,14
per_scenario[0].conditions[21].validation_totals.rejected,0
per_scenario[0].conditions[21].validation_warning_count,5
per_scenario[0].conditions[22].analysis_seconds,0.29108
per_scenario[0].conditions[22].finding_count,1
per_scenario[0].conditions[22].paired_delta_vs_control.family_set_changed,false
per_scenario[0].conditions[22].paired_delta_vs_control.finding_count_change,1
per_scenario[0].conditions[22].parameters.rate,0.25
per_scenario[0].conditions[22].parameters.seed,3
per_scenario[0].conditions[22].perturbation_ground_truth.dangling_references_after_omission.escalations_or_dispositions,0
per_scenario[0].conditions[22].perturbation_ground_truth.dangling_references_after_omission.investigation_steps,0
per_scenario[0].conditions[22].perturbation_ground_truth.eligible_records,16
per_scenario[0].conditions[22].perturbation_ground_truth.removed[0].row_index,0
per_scenario[0].conditions[22].perturbation_ground_truth.removed[1].row_index,2
per_scenario[0].conditions[22].perturbation_ground_truth.removed[2].row_index,0
per_scenario[0].conditions[22].perturbation_ground_truth.removed[3].row_index,4
per_scenario[0].conditions[22].recommendation_count,0
per_scenario[0].conditions[22].risk.total_score,0.0
per_scenario[0].conditions[22].traceability.evidence_reference_coverage,null
per_scenario[0].conditions[22].traceability.evidence_references,0
per_scenario[0].conditions[22].traceability.findings,1
per_scenario[0].conditions[22].traceability.findings_with_all_evidence_references_resolved,0
per_scenario[0].conditions[22].traceability.resolved_evidence_references,0
per_scenario[0].conditions[22].validation_matches_expected,true
per_scenario[0].conditions[22].validation_seconds,0.359205
per_scenario[0].conditions[22].validation_totals.accepted,16
per_scenario[0].conditions[22].validation_totals.received,16
per_scenario[0].conditions[22].validation_totals.rejected,0
per_scenario[0].conditions[22].validation_warning_count,2
per_scenario[0].conditions[23].analysis_seconds,0.383758
per_scenario[0].conditions[23].finding_count,1
per_scenario[0].conditions[23].paired_delta_vs_control.family_set_changed,false
per_scenario[0].conditions[23].paired_delta_vs_control.finding_count_change,1
per_scenario[0].conditions[23].parameters.rate,0.25
per_scenario[0].conditions[23].parameters.seed,3
per_scenario[0].conditions[23].perturbation_ground_truth.cascaded_investigation_steps_removed,0
per_scenario[0].conditions[23].perturbation_ground_truth.dangling_references_after_omission.escalations_or_dispositions,0
per_scenario[0].conditions[23].perturbation_ground_truth.dangling_references_after_omission.investigation_steps,0
per_scenario[0].conditions[23].perturbation_ground_truth.eligible_records,16
per_scenario[0].conditions[23].perturbation_ground_truth.removed[0].row_index,0
per_scenario[0].conditions[23].perturbation_ground_truth.removed[1].row_index,2
per_scenario[0].conditions[23].perturbation_ground_truth.removed[2].row_index,0
per_scenario[0].conditions[23].perturbation_ground_truth.removed[3].row_index,4
per_scenario[0].conditions[23].recommendation_count,0
per_scenario[0].conditions[23].risk.total_score,0.0
per_scenario[0].conditions[23].traceability.evidence_reference_coverage,null
per_scenario[0].conditions[23].traceability.evidence_references,0
per_scenario[0].conditions[23].traceability.findings,1
per_scenario[0].conditions[23].traceability.findings_with_all_evidence_references_resolved,0
per_scenario[0].conditions[23].traceability.resolved_evidence_references,0
per_scenario[0].conditions[23].validation_matches_expected,true
per_scenario[0].conditions[23].validation_seconds,0.33409
per_scenario[0].conditions[23].validation_totals.accepted,16
per_scenario[0].conditions[23].validation_totals.received,16
per_scenario[0].conditions[23].validation_totals.rejected,0
per_scenario[0].conditions[23].validation_warning_count,2
per_scenario[0].conditions[24].analysis_seconds,0.304022
per_scenario[0].conditions[24].finding_count,1
per_scenario[0].conditions[24].paired_delta_vs_control.family_set_changed,false
per_scenario[0].conditions[24].paired_delta_vs_control.finding_count_change,1
per_scenario[0].conditions[24].parameters.rate,0.25
per_scenario[0].conditions[24].parameters.seed,4
per_scenario[0].conditions[24].perturbation_ground_truth.dangling_references_after_omission.escalations_or_dispositions,0
per_scenario[0].conditions[24].perturbation_ground_truth.dangling_references_after_omission.investigation_steps,0
per_scenario[0].conditions[24].perturbation_ground_truth.eligible_records,16
per_scenario[0].conditions[24].perturbation_ground_truth.removed[0].row_index,0
per_scenario[0].conditions[24].perturbation_ground_truth.removed[1].row_index,1
per_scenario[0].conditions[24].perturbation_ground_truth.removed[2].row_index,0
per_scenario[0].conditions[24].perturbation_ground_truth.removed[3].row_index,1
per_scenario[0].conditions[24].recommendation_count,0
per_scenario[0].conditions[24].risk.total_score,0.0
per_scenario[0].conditions[24].traceability.evidence_reference_coverage,null
per_scenario[0].conditions[24].traceability.evidence_references,0
per_scenario[0].conditions[24].traceability.findings,1
per_scenario[0].conditions[24].traceability.findings_with_all_evidence_references_resolved,0
per_scenario[0].conditions[24].traceability.resolved_evidence_references,0
per_scenario[0].conditions[24].validation_matches_expected,true
per_scenario[0].conditions[24].validation_seconds,0.342152
per_scenario[0].conditions[24].validation_totals.accepted,16
per_scenario[0].conditions[24].validation_totals.received,16
per_scenario[0].conditions[24].validation_totals.rejected,0
per_scenario[0].conditions[24].validation_warning_count,3
per_scenario[0].conditions[25].analysis_seconds,0.202003
per_scenario[0].conditions[25].finding_count,1
per_scenario[0].conditions[25].paired_delta_vs_control.family_set_changed,false
per_scenario[0].conditions[25].paired_delta_vs_control.finding_count_change,1
per_scenario[0].conditions[25].parameters.rate,0.25
per_scenario[0].conditions[25].parameters.seed,4
per_scenario[0].conditions[25].perturbation_ground_truth.cascaded_investigation_steps_removed,0
per_scenario[0].conditions[25].perturbation_ground_truth.dangling_references_after_omission.escalations_or_dispositions,0
per_scenario[0].conditions[25].perturbation_ground_truth.dangling_references_after_omission.investigation_steps,0
per_scenario[0].conditions[25].perturbation_ground_truth.eligible_records,16
per_scenario[0].conditions[25].perturbation_ground_truth.removed[0].row_index,0
per_scenario[0].conditions[25].perturbation_ground_truth.removed[1].row_index,1
per_scenario[0].conditions[25].perturbation_ground_truth.removed[2].row_index,0
per_scenario[0].conditions[25].perturbation_ground_truth.removed[3].row_index,1
per_scenario[0].conditions[25].recommendation_count,0
per_scenario[0].conditions[25].risk.total_score,0.0
per_scenario[0].conditions[25].traceability.evidence_reference_coverage,null
per_scenario[0].conditions[25].traceability.evidence_references,0
per_scenario[0].conditions[25].traceability.findings,1
per_scenario[0].conditions[25].traceability.findings_with_all_evidence_references_resolved,0
per_scenario[0].conditions[25].traceability.resolved_evidence_references,0
per_scenario[0].conditions[25].validation_matches_expected,true
per_scenario[0].conditions[25].validation_seconds,0.320347
per_scenario[0].conditions[25].validation_totals.accepted,16
per_scenario[0].conditions[25].validation_totals.received,16
per_scenario[0].conditions[25].validation_totals.rejected,0
per_scenario[0].conditions[25].validation_warning_count,3
per_scenario[0].conditions[26].paired_delta_vs_control,null
per_scenario[0].conditions[26].parameters.rate,0.5
per_scenario[0].conditions[26].parameters.seed,0
per_scenario[0].conditions[26].perturbation_ground_truth.dangling_references_after_omission.escalations_or_dispositions,0
per_scenario[0].conditions[26].perturbation_ground_truth.dangling_references_after_omission.investigation_steps,5
per_scenario[0].conditions[26].perturbation_ground_truth.eligible_records,16
per_scenario[0].conditions[26].perturbation_ground_truth.removed[0].row_index,1
per_scenario[0].conditions[26].perturbation_ground_truth.removed[1].row_index,0
per_scenario[0].conditions[26].perturbation_ground_truth.removed[2].row_index,1
per_scenario[0].conditions[26].perturbation_ground_truth.removed[3].row_index,0
per_scenario[0].conditions[26].perturbation_ground_truth.removed[4].row_index,2
per_scenario[0].conditions[26].perturbation_ground_truth.removed[5].row_index,3
per_scenario[0].conditions[26].perturbation_ground_truth.removed[6].row_index,0
per_scenario[0].conditions[26].perturbation_ground_truth.removed[7].row_index,5
per_scenario[0].conditions[26].validation_matches_expected,true
per_scenario[0].conditions[26].validation_seconds,0.275114
per_scenario[0].conditions[26].validation_totals.accepted,7
per_scenario[0].conditions[26].validation_totals.received,12
per_scenario[0].conditions[26].validation_totals.rejected,5
per_scenario[0].conditions[26].validation_warning_count,6
per_scenario[0].conditions[27].analysis_seconds,0.79763
per_scenario[0].conditions[27].finding_count,5
per_scenario[0].conditions[27].paired_delta_vs_control.family_set_changed,true
per_scenario[0].conditions[27].paired_delta_vs_control.finding_count_change,5
per_scenario[0].conditions[27].paired_delta_vs_control.risk_fields_changed.total_score.control,0.0
per_scenario[0].conditions[27].paired_delta_vs_control.risk_fields_changed.total_score.perturbed,10.0
per_scenario[0].conditions[27].parameters.rate,0.5
per_scenario[0].conditions[27].parameters.seed,0
per_scenario[0].conditions[27].perturbation_ground_truth.cascaded_investigation_steps_removed,5
per_scenario[0].conditions[27].perturbation_ground_truth.dangling_references_after_omission.escalations_or_dispositions,0
per_scenario[0].conditions[27].perturbation_ground_truth.dangling_references_after_omission.investigation_steps,0
per_scenario[0].conditions[27].perturbation_ground_truth.eligible_records,16
per_scenario[0].conditions[27].perturbation_ground_truth.removed[0].row_index,1
per_scenario[0].conditions[27].perturbation_ground_truth.removed[1].row_index,0
per_scenario[0].conditions[27].perturbation_ground_truth.removed[2].row_index,1
per_scenario[0].conditions[27].perturbation_ground_truth.removed[3].row_index,0
per_scenario[0].conditions[27].perturbation_ground_truth.removed[4].row_index,2
per_scenario[0].conditions[27].perturbation_ground_truth.removed[5].row_index,3
per_scenario[0].conditions[27].perturbation_ground_truth.removed[6].row_index,0
per_scenario[0].conditions[27].perturbation_ground_truth.removed[7].row_index,5
per_scenario[0].conditions[27].recommendation_count,0
per_scenario[0].conditions[27].risk.total_score,10.0
per_scenario[0].conditions[27].traceability.evidence_reference_coverage,1.0
per_scenario[0].conditions[27].traceability.evidence_references,7
per_scenario[0].conditions[27].traceability.findings,5
per_scenario[0].conditions[27].traceability.findings_with_all_evidence_references_resolved,2
per_scenario[0].conditions[27].traceability.resolved_evidence_references,7
per_scenario[0].conditions[27].validation_matches_expected,true
per_scenario[0].conditions[27].validation_seconds,0.224689
per_scenario[0].conditions[27].validation_totals.accepted,7
per_scenario[0].conditions[27].validation_totals.received,7
per_scenario[0].conditions[27].validation_totals.rejected,0
per_scenario[0].conditions[27].validation_warning_count,6
per_scenario[0].conditions[28].paired_delta_vs_control,null
per_scenario[0].conditions[28].parameters.rate,0.5
per_scenario[0].conditions[28].parameters.seed,1
per_scenario[0].conditions[28].perturbation_ground_truth.dangling_references_after_omission.escalations_or_dispositions,0
per_scenario[0].conditions[28].perturbation_ground_truth.dangling_references_after_omission.investigation_steps,3
per_scenario[0].conditions[28].perturbation_ground_truth.eligible_records,16
per_scenario[0].conditions[28].perturbation_ground_truth.removed[0].row_index,0
per_scenario[0].conditions[28].perturbation_ground_truth.removed[1].row_index,2
per_scenario[0].conditions[28].perturbation_ground_truth.removed[2].row_index,1
per_scenario[0].conditions[28].perturbation_ground_truth.removed[3].row_index,0
per_scenario[0].conditions[28].perturbation_ground_truth.removed[4].row_index,2
per_scenario[0].conditions[28].perturbation_ground_truth.removed[5].row_index,3
per_scenario[0].conditions[28].perturbation_ground_truth.removed[6].row_index,1
per_scenario[0].conditions[28].perturbation_ground_truth.removed[7].row_index,2
per_scenario[0].conditions[28].validation_matches_expected,true
per_scenario[0].conditions[28].validation_seconds,0.378266
per_scenario[0].conditions[28].validation_totals.accepted,9
per_scenario[0].conditions[28].validation_totals.received,12
per_scenario[0].conditions[28].validation_totals.rejected,3
per_scenario[0].conditions[28].validation_warning_count,5
per_scenario[0].conditions[29].analysis_seconds,0.202401
per_scenario[0].conditions[29].finding_count,1
per_scenario[0].conditions[29].paired_delta_vs_control.family_set_changed,true
per_scenario[0].conditions[29].paired_delta_vs_control.finding_count_change,1
per_scenario[0].conditions[29].paired_delta_vs_control.risk_fields_changed.total_score.control,0.0
per_scenario[0].conditions[29].paired_delta_vs_control.risk_fields_changed.total_score.perturbed,5.0
per_scenario[0].conditions[29].parameters.rate,0.5
per_scenario[0].conditions[29].parameters.seed,1
per_scenario[0].conditions[29].perturbation_ground_truth.cascaded_investigation_steps_removed,3
per_scenario[0].conditions[29].perturbation_ground_truth.dangling_references_after_omission.escalations_or_dispositions,0
per_scenario[0].conditions[29].perturbation_ground_truth.dangling_references_after_omission.investigation_steps,0
per_scenario[0].conditions[29].perturbation_ground_truth.eligible_records,16
per_scenario[0].conditions[29].perturbation_ground_truth.removed[0].row_index,0
per_scenario[0].conditions[29].perturbation_ground_truth.removed[1].row_index,2
per_scenario[0].conditions[29].perturbation_ground_truth.removed[2].row_index,1
per_scenario[0].conditions[29].perturbation_ground_truth.removed[3].row_index,0
per_scenario[0].conditions[29].perturbation_ground_truth.removed[4].row_index,2
per_scenario[0].conditions[29].perturbation_ground_truth.removed[5].row_index,3
per_scenario[0].conditions[29].perturbation_ground_truth.removed[6].row_index,1
per_scenario[0].conditions[29].perturbation_ground_truth.removed[7].row_index,2
per_scenario[0].conditions[29].recommendation_count,0
per_scenario[0].conditions[29].risk.total_score,5.0
per_scenario[0].conditions[29].traceability.evidence_reference_coverage,1.0
per_scenario[0].conditions[29].traceability.evidence_references,2
per_scenario[0].conditions[29].traceability.findings,1
per_scenario[0].conditions[29].traceability.findings_with_all_evidence_references_resolved,1
per_scenario[0].conditions[29].traceability.resolved_evidence_references,2
per_scenario[0].conditions[29].validation_matches_expected,true
per_scenario[0].conditions[29].validation_seconds,0.362467
per_scenario[0].conditions[29].validation_totals.accepted,9
per_scenario[0].conditions[29].validation_totals.received,9
per_scenario[0].conditions[29].validation_totals.rejected,0
per_scenario[0].conditions[29].validation_warning_count,5
per_scenario[0].conditions[30].analysis_seconds,0.289465
per_scenario[0].conditions[30].finding_count,1
per_scenario[0].conditions[30].paired_delta_vs_control.family_set_changed,false
per_scenario[0].conditions[30].paired_delta_vs_control.finding_count_change,1
per_scenario[0].conditions[30].parameters.rate,0.5
per_scenario[0].conditions[30].parameters.seed,2
per_scenario[0].conditions[30].perturbation_ground_truth.dangling_references_after_omission.escalations_or_dispositions,0
per_scenario[0].conditions[30].perturbation_ground_truth.dangling_references_after_omission.investigation_steps,0
per_scenario[0].conditions[30].perturbation_ground_truth.eligible_records,16
per_scenario[0].conditions[30].perturbation_ground_truth.removed[0].row_index,2
per_scenario[0].conditions[30].perturbation_ground_truth.removed[1].row_index,1
per_scenario[0].conditions[30].perturbation_ground_truth.removed[2].row_index,3
per_scenario[0].conditions[30].perturbation_ground_truth.removed[3].row_index,0
per_scenario[0].conditions[30].perturbation_ground_truth.removed[4].row_index,0
per_scenario[0].conditions[30].perturbation_ground_truth.removed[5].row_index,1
per_scenario[0].conditions[30].perturbation_ground_truth.removed[6].row_index,4
per_scenario[0].conditions[30].perturbation_ground_truth.removed[7].row_index,5
per_scenario[0].conditions[30].recommendation_count,0
per_scenario[0].conditions[30].risk.total_score,0.0
per_scenario[0].conditions[30].traceability.evidence_reference_coverage,null
per_scenario[0].conditions[30].traceability.evidence_references,0
per_scenario[0].conditions[30].traceability.findings,1
per_scenario[0].conditions[30].traceability.findings_with_all_evidence_references_resolved,0
per_scenario[0].conditions[30].traceability.resolved_evidence_references,0
per_scenario[0].conditions[30].validation_matches_expected,true
per_scenario[0].conditions[30].validation_seconds,0.349016
per_scenario[0].conditions[30].validation_totals.accepted,12
per_scenario[0].conditions[30].validation_totals.received,12
per_scenario[0].conditions[30].validation_totals.rejected,0
per_scenario[0].conditions[30].validation_warning_count,1
per_scenario[0].conditions[31].analysis_seconds,0.375909
per_scenario[0].conditions[31].finding_count,1
per_scenario[0].conditions[31].paired_delta_vs_control.family_set_changed,false
per_scenario[0].conditions[31].paired_delta_vs_control.finding_count_change,1
per_scenario[0].conditions[31].parameters.rate,0.5
per_scenario[0].conditions[31].parameters.seed,2
per_scenario[0].conditions[31].perturbation_ground_truth.cascaded_investigation_steps_removed,0
per_scenario[0].conditions[31].perturbation_ground_truth.dangling_references_after_omission.escalations_or_dispositions,0
per_scenario[0].conditions[31].perturbation_ground_truth.dangling_references_after_omission.investigation_steps,0
per_scenario[0].conditions[31].perturbation_ground_truth.eligible_records,16
per_scenario[0].conditions[31].perturbation_ground_truth.removed[0].row_index,2
per_scenario[0].conditions[31].perturbation_ground_truth.removed[1].row_index,1
per_scenario[0].conditions[31].perturbation_ground_truth.removed[2].row_index,3
per_scenario[0].conditions[31].perturbation_ground_truth.removed[3].row_index,0
per_scenario[0].conditions[31].perturbation_ground_truth.removed[4].row_index,0
per_scenario[0].conditions[31].perturbation_ground_truth.removed[5].row_index,1
per_scenario[0].conditions[31].perturbation_ground_truth.removed[6].row_index,4
per_scenario[0].conditions[31].perturbation_ground_truth.removed[7].row_index,5
per_scenario[0].conditions[31].recommendation_count,0
per_scenario[0].conditions[31].risk.total_score,0.0
per_scenario[0].conditions[31].traceability.evidence_reference_coverage,null
per_scenario[0].conditions[31].traceability.evidence_references,0
per_scenario[0].conditions[31].traceability.findings,1
per_scenario[0].conditions[31].traceability.findings_with_all_evidence_references_resolved,0
per_scenario[0].conditions[31].traceability.resolved_evidence_references,0
per_scenario[0].conditions[31].validation_matches_expected,true
per_scenario[0].conditions[31].validation_seconds,0.312658
per_scenario[0].conditions[31].validation_totals.accepted,12
per_scenario[0].conditions[31].validation_totals.received,12
per_scenario[0].conditions[31].validation_totals.rejected,0
per_scenario[0].conditions[31].validation_warning_count,1
per_scenario[0].conditions[32].paired_delta_vs_control,null
per_scenario[0].conditions[32].parameters.rate,0.5
per_scenario[0].conditions[32].parameters.seed,3
per_scenario[0].conditions[32].perturbation_ground_truth.dangling_references_after_omission.escalations_or_dispositions,0
per_scenario[0].conditions[32].perturbation_ground_truth.dangling_references_after_omission.investigation_steps,2
per_scenario[0].conditions[32].perturbation_ground_truth.eligible_records,16
per_scenario[0].conditions[32].perturbation_ground_truth.removed[0].row_index,0
per_scenario[0].conditions[32].perturbation_ground_truth.removed[1].row_index,1
per_scenario[0].conditions[32].perturbation_ground_truth.removed[2].row_index,0
per_scenario[0].conditions[32].perturbation_ground_truth.removed[3].row_index,1
per_scenario[0].conditions[32].perturbation_ground_truth.removed[4].row_index,2
per_scenario[0].conditions[32].perturbation_ground_truth.removed[5].row_index,3
per_scenario[0].conditions[32].perturbation_ground_truth.removed[6].row_index,1
per_scenario[0].conditions[32].perturbation_ground_truth.removed[7].row_index,5
per_scenario[0].conditions[32].validation_matches_expected,true
per_scenario[0].conditions[32].validation_seconds,0.381797
per_scenario[0].conditions[32].validation_totals.accepted,10
per_scenario[0].conditions[32].validation_totals.received,12
per_scenario[0].conditions[32].validation_totals.rejected,2
per_scenario[0].conditions[32].validation_warning_count,7
per_scenario[0].conditions[33].analysis_seconds,0.278401
per_scenario[0].conditions[33].finding_count,1
per_scenario[0].conditions[33].paired_delta_vs_control.family_set_changed,true
per_scenario[0].conditions[33].paired_delta_vs_control.finding_count_change,1
per_scenario[0].conditions[33].paired_delta_vs_control.risk_fields_changed.total_score.control,0.0
per_scenario[0].conditions[33].paired_delta_vs_control.risk_fields_changed.total_score.perturbed,5.0
per_scenario[0].conditions[33].parameters.rate,0.5
per_scenario[0].conditions[33].parameters.seed,3
per_scenario[0].conditions[33].perturbation_ground_truth.cascaded_investigation_steps_removed,2
per_scenario[0].conditions[33].perturbation_ground_truth.dangling_references_after_omission.escalations_or_dispositions,0
per_scenario[0].conditions[33].perturbation_ground_truth.dangling_references_after_omission.investigation_steps,0
per_scenario[0].conditions[33].perturbation_ground_truth.eligible_records,16
per_scenario[0].conditions[33].perturbation_ground_truth.removed[0].row_index,0
per_scenario[0].conditions[33].perturbation_ground_truth.removed[1].row_index,1
per_scenario[0].conditions[33].perturbation_ground_truth.removed[2].row_index,0
per_scenario[0].conditions[33].perturbation_ground_truth.removed[3].row_index,1
per_scenario[0].conditions[33].perturbation_ground_truth.removed[4].row_index,2
per_scenario[0].conditions[33].perturbation_ground_truth.removed[5].row_index,3
per_scenario[0].conditions[33].perturbation_ground_truth.removed[6].row_index,1
per_scenario[0].conditions[33].perturbation_ground_truth.removed[7].row_index,5
per_scenario[0].conditions[33].recommendation_count,0
per_scenario[0].conditions[33].risk.total_score,5.0
per_scenario[0].conditions[33].traceability.evidence_reference_coverage,1.0
per_scenario[0].conditions[33].traceability.evidence_references,3
per_scenario[0].conditions[33].traceability.findings,1
per_scenario[0].conditions[33].traceability.findings_with_all_evidence_references_resolved,1
per_scenario[0].conditions[33].traceability.resolved_evidence_references,3
per_scenario[0].conditions[33].validation_matches_expected,true
per_scenario[0].conditions[33].validation_seconds,0.36812
per_scenario[0].conditions[33].validation_totals.accepted,10
per_scenario[0].conditions[33].validation_totals.received,10
per_scenario[0].conditions[33].validation_totals.rejected,0
per_scenario[0].conditions[33].validation_warning_count,7
per_scenario[0].conditions[34].paired_delta_vs_control,null
per_scenario[0].conditions[34].parameters.rate,0.5
per_scenario[0].conditions[34].parameters.seed,4
per_scenario[0].conditions[34].perturbation_ground_truth.dangling_references_after_omission.escalations_or_dispositions,0
per_scenario[0].conditions[34].perturbation_ground_truth.dangling_references_after_omission.investigation_steps,2
per_scenario[0].conditions[34].perturbation_ground_truth.eligible_records,16
per_scenario[0].conditions[34].perturbation_ground_truth.removed[0].row_index,0
per_scenario[0].conditions[34].perturbation_ground_truth.removed[1].row_index,1
per_scenario[0].conditions[34].perturbation_ground_truth.removed[2].row_index,0
per_scenario[0].conditions[34].perturbation_ground_truth.removed[3].row_index,1
per_scenario[0].conditions[34].perturbation_ground_truth.removed[4].row_index,3
per_scenario[0].conditions[34].perturbation_ground_truth.removed[5].row_index,0
per_scenario[0].conditions[34].perturbation_ground_truth.removed[6].row_index,1
per_scenario[0].conditions[34].perturbation_ground_truth.removed[7].row_index,4
per_scenario[0].conditions[34].validation_matches_expected,true
per_scenario[0].conditions[34].validation_seconds,0.347573
per_scenario[0].conditions[34].validation_totals.accepted,10
per_scenario[0].conditions[34].validation_totals.received,12
per_scenario[0].conditions[34].validation_totals.rejected,2
per_scenario[0].conditions[34].validation_warning_count,5
per_scenario[0].conditions[35].analysis_seconds,0.433735
per_scenario[0].conditions[35].finding_count,2
per_scenario[0].conditions[35].paired_delta_vs_control.family_set_changed,true
per_scenario[0].conditions[35].paired_delta_vs_control.finding_count_change,2
per_scenario[0].conditions[35].paired_delta_vs_control.risk_fields_changed.total_score.control,0.0
per_scenario[0].conditions[35].paired_delta_vs_control.risk_fields_changed.total_score.perturbed,5.0
per_scenario[0].conditions[35].parameters.rate,0.5
per_scenario[0].conditions[35].parameters.seed,4
per_scenario[0].conditions[35].perturbation_ground_truth.cascaded_investigation_steps_removed,2
per_scenario[0].conditions[35].perturbation_ground_truth.dangling_references_after_omission.escalations_or_dispositions,0
per_scenario[0].conditions[35].perturbation_ground_truth.dangling_references_after_omission.investigation_steps,0
per_scenario[0].conditions[35].perturbation_ground_truth.eligible_records,16
per_scenario[0].conditions[35].perturbation_ground_truth.removed[0].row_index,0
per_scenario[0].conditions[35].perturbation_ground_truth.removed[1].row_index,1
per_scenario[0].conditions[35].perturbation_ground_truth.removed[2].row_index,0
per_scenario[0].conditions[35].perturbation_ground_truth.removed[3].row_index,1
per_scenario[0].conditions[35].perturbation_ground_truth.removed[4].row_index,3
per_scenario[0].conditions[35].perturbation_ground_truth.removed[5].row_index,0
per_scenario[0].conditions[35].perturbation_ground_truth.removed[6].row_index,1
per_scenario[0].conditions[35].perturbation_ground_truth.removed[7].row_index,4
per_scenario[0].conditions[35].recommendation_count,0
per_scenario[0].conditions[35].risk.total_score,5.0
per_scenario[0].conditions[35].traceability.evidence_reference_coverage,1.0
per_scenario[0].conditions[35].traceability.evidence_references,3
per_scenario[0].conditions[35].traceability.findings,2
per_scenario[0].conditions[35].traceability.findings_with_all_evidence_references_resolved,1
per_scenario[0].conditions[35].traceability.resolved_evidence_references,3
per_scenario[0].conditions[35].validation_matches_expected,true
per_scenario[0].conditions[35].validation_seconds,0.34776
per_scenario[0].conditions[35].validation_totals.accepted,10
per_scenario[0].conditions[35].validation_totals.received,10
per_scenario[0].conditions[35].validation_totals.rejected,0
per_scenario[0].conditions[35].validation_warning_count,5
per_scenario[0].conditions[36].paired_delta_vs_control,null
per_scenario[0].conditions[36].perturbation_ground_truth.byte_identical,true
per_scenario[0].conditions[36].validation_matches_expected,true
per_scenario[0].conditions[36].validation_seconds,0.377088
per_scenario[0].conditions[36].validation_totals.accepted,0
per_scenario[0].conditions[36].validation_totals.received,21
per_scenario[0].conditions[36].validation_totals.rejected,1
per_scenario[0].conditions[36].validation_warning_count,0
per_scenario[0].conditions[37].paired_delta_vs_control,null
per_scenario[0].conditions[37].validation_matches_expected,true
per_scenario[0].conditions[37].validation_seconds,0.372442
per_scenario[0].conditions[37].validation_totals.accepted,20
per_scenario[0].conditions[37].validation_totals.received,21
per_scenario[0].conditions[37].validation_totals.rejected,1
per_scenario[0].conditions[37].validation_warning_count,0
per_scenario[0].conditions[38].paired_delta_vs_control,null
per_scenario[0].conditions[38].validation_matches_expected,true
per_scenario[0].conditions[38].validation_seconds,0.407887
per_scenario[0].conditions[38].validation_totals.accepted,19
per_scenario[0].conditions[38].validation_totals.received,20
per_scenario[0].conditions[38].validation_totals.rejected,1
per_scenario[0].conditions[38].validation_warning_count,3
per_scenario[0].conditions[39].paired_delta_vs_control,null
per_scenario[0].conditions[39].validation_matches_expected,true
per_scenario[0].conditions[39].validation_seconds,0.379248
per_scenario[0].conditions[39].validation_totals.accepted,19
per_scenario[0].conditions[39].validation_totals.received,20
per_scenario[0].conditions[39].validation_totals.rejected,1
per_scenario[0].conditions[39].validation_warning_count,3
per_scenario[0].conditions[40].paired_delta_vs_control,null
per_scenario[0].conditions[40].validation_matches_expected,true
per_scenario[0].conditions[40].validation_seconds,0.389451
per_scenario[0].conditions[40].validation_totals.accepted,0
per_scenario[0].conditions[40].validation_totals.received,16
per_scenario[0].conditions[40].validation_totals.rejected,0
per_scenario[0].conditions[40].validation_warning_count,0
per_scenario[0].conditions[41].analysis_seconds,0.155901
per_scenario[0].conditions[41].expected_validation,null
per_scenario[0].conditions[41].finding_count,0
per_scenario[0].conditions[41].paired_delta_vs_control.family_set_changed,false
per_scenario[0].conditions[41].paired_delta_vs_control.finding_count_change,0
per_scenario[0].conditions[41].perturbation_ground_truth.shift_seconds,-3456000
per_scenario[0].conditions[41].recommendation_count,0
per_scenario[0].conditions[41].risk.total_score,0.0
per_scenario[0].conditions[41].traceability.evidence_reference_coverage,null
per_scenario[0].conditions[41].traceability.evidence_references,0
per_scenario[0].conditions[41].traceability.findings,0
per_scenario[0].conditions[41].traceability.findings_with_all_evidence_references_resolved,0
per_scenario[0].conditions[41].traceability.resolved_evidence_references,0
per_scenario[0].conditions[41].validation_matches_expected,null
per_scenario[0].conditions[41].validation_seconds,0.366869
per_scenario[0].conditions[41].validation_totals.accepted,20
per_scenario[0].conditions[41].validation_totals.received,20
per_scenario[0].conditions[41].validation_totals.rejected,0
per_scenario[0].conditions[41].validation_warning_count,0
per_scenario[0].control_vs_catalog.f1,null
per_scenario[0].control_vs_catalog.fn,0
per_scenario[0].control_vs_catalog.fp,0
per_scenario[0].control_vs_catalog.precision,null
per_scenario[0].control_vs_catalog.recall,null
per_scenario[0].control_vs_catalog.tp,0
per_scenario[1].conditions[0].analysis_seconds,0.474604
per_scenario[1].conditions[0].finding_count,2
per_scenario[1].conditions[0].recommendation_count,0
per_scenario[1].conditions[0].risk.total_score,14.92
per_scenario[1].conditions[0].traceability.evidence_reference_coverage,1.0
per_scenario[1].conditions[0].traceability.evidence_references,4
per_scenario[1].conditions[0].traceability.findings,2
per_scenario[1].conditions[0].traceability.findings_with_all_evidence_references_resolved,2
per_scenario[1].conditions[0].traceability.resolved_evidence_references,4
per_scenario[1].conditions[0].validation_matches_expected,true
per_scenario[1].conditions[0].validation_seconds,0.414375
per_scenario[1].conditions[0].validation_totals.accepted,14
per_scenario[1].conditions[0].validation_totals.received,14
per_scenario[1].conditions[0].validation_totals.rejected,0
per_scenario[1].conditions[0].validation_warning_count,0
per_scenario[1].conditions[1].paired_delta_vs_control,null
per_scenario[1].conditions[1].perturbation_ground_truth.dangling_references_after_omission.escalations_or_dispositions,0
per_scenario[1].conditions[1].perturbation_ground_truth.dangling_references_after_omission.investigation_steps,3
per_scenario[1].conditions[1].perturbation_ground_truth.omitted_records,1
per_scenario[1].conditions[1].validation_matches_expected,true
per_scenario[1].conditions[1].validation_seconds,0.42456
per_scenario[1].conditions[1].validation_totals.accepted,10
per_scenario[1].conditions[1].validation_totals.received,13
per_scenario[1].conditions[1].validation_totals.rejected,3
per_scenario[1].conditions[1].validation_warning_count,9
per_scenario[1].conditions[2].analysis_seconds,0.673567
per_scenario[1].conditions[2].finding_count,4
per_scenario[1].conditions[2].paired_delta_vs_control.family_set_changed,true
per_scenario[1].conditions[2].paired_delta_vs_control.finding_count_change,2
per_scenario[1].conditions[2].paired_delta_vs_control.risk_fields_changed.total_score.control,14.92
per_scenario[1].conditions[2].paired_delta_vs_control.risk_fields_changed.total_score.perturbed,17.6
per_scenario[1].conditions[2].perturbation_ground_truth.dangling_references_after_omission.escalations_or_dispositions,0
per_scenario[1].conditions[2].perturbation_ground_truth.dangling_references_after_omission.investigation_steps,0
per_scenario[1].conditions[2].perturbation_ground_truth.omitted_records,3
per_scenario[1].conditions[2].recommendation_count,0
per_scenario[1].conditions[2].risk.total_score,17.6
per_scenario[1].conditions[2].traceability.evidence_reference_coverage,1.0
per_scenario[1].conditions[2].traceability.evidence_references,7
per_scenario[1].conditions[2].traceability.findings,4
per_scenario[1].conditions[2].traceability.findings_with_all_evidence_references_resolved,3
per_scenario[1].conditions[2].traceability.resolved_evidence_references,7
per_scenario[1].conditions[2].validation_matches_expected,true
per_scenario[1].conditions[2].validation_seconds,0.303041
per_scenario[1].conditions[2].validation_totals.accepted,11
per_scenario[1].conditions[2].validation_totals.received,11
per_scenario[1].conditions[2].validation_totals.rejected,0
per_scenario[1].conditions[2].validation_warning_count,0
per_scenario[1].conditions[3].analysis_seconds,0.692125
per_scenario[1].conditions[3].finding_count,5
per_scenario[1].conditions[3].paired_delta_vs_control.family_set_changed,true
per_scenario[1].conditions[3].paired_delta_vs_control.finding_count_change,3
per_scenario[1].conditions[3].paired_delta_vs_control.risk_fields_changed.total_score.control,14.92
per_scenario[1].conditions[3].paired_delta_vs_control.risk_fields_changed.total_score.perturbed,17.38
per_scenario[1].conditions[3].perturbation_ground_truth.dangling_references_after_omission.escalations_or_dispositions,0
per_scenario[1].conditions[3].perturbation_ground_truth.dangling_references_after_omission.investigation_steps,0
per_scenario[1].conditions[3].perturbation_ground_truth.omitted_records,3
per_scenario[1].conditions[3].recommendation_count,0
per_scenario[1].conditions[3].risk.total_score,17.38
per_scenario[1].conditions[3].traceability.evidence_reference_coverage,1.0
per_scenario[1].conditions[3].traceability.evidence_references,10
per_scenario[1].conditions[3].traceability.findings,5
per_scenario[1].conditions[3].traceability.findings_with_all_evidence_references_resolved,4
per_scenario[1].conditions[3].traceability.resolved_evidence_references,10
per_scenario[1].conditions[3].validation_matches_expected,true
per_scenario[1].conditions[3].validation_seconds,0.334994
per_scenario[1].conditions[3].validation_totals.accepted,11
per_scenario[1].conditions[3].validation_totals.received,11
per_scenario[1].conditions[3].validation_totals.rejected,0
per_scenario[1].conditions[3].validation_warning_count,0
per_scenario[1].conditions[4].analysis_seconds,0.393788
per_scenario[1].conditions[4].finding_count,3
per_scenario[1].conditions[4].paired_delta_vs_control.family_set_changed,false
per_scenario[1].conditions[4].paired_delta_vs_control.finding_count_change,1
per_scenario[1].conditions[4].perturbation_ground_truth.dangling_references_after_omission.escalations_or_dispositions,0
per_scenario[1].conditions[4].perturbation_ground_truth.dangling_references_after_omission.investigation_steps,0
per_scenario[1].conditions[4].perturbation_ground_truth.omitted_records,3
per_scenario[1].conditions[4].recommendation_count,0
per_scenario[1].conditions[4].risk.total_score,14.92
per_scenario[1].conditions[4].traceability.evidence_reference_coverage,1.0
per_scenario[1].conditions[4].traceability.evidence_references,4
per_scenario[1].conditions[4].traceability.findings,3
per_scenario[1].conditions[4].traceability.findings_with_all_evidence_references_resolved,2
per_scenario[1].conditions[4].traceability.resolved_evidence_references,4
per_scenario[1].conditions[4].validation_matches_expected,true
per_scenario[1].conditions[4].validation_seconds,0.344581
per_scenario[1].conditions[4].validation_totals.accepted,11
per_scenario[1].conditions[4].validation_totals.received,11
per_scenario[1].conditions[4].validation_totals.rejected,0
per_scenario[1].conditions[4].validation_warning_count,0
per_scenario[1].conditions[5].analysis_seconds,0.844668
per_scenario[1].conditions[5].finding_count,3
per_scenario[1].conditions[5].paired_delta_vs_control.family_set_changed,false
per_scenario[1].conditions[5].paired_delta_vs_control.finding_count_change,1
per_scenario[1].conditions[5].perturbation_ground_truth.dangling_references_after_omission.escalations_or_dispositions,0
per_scenario[1].conditions[5].perturbation_ground_truth.dangling_references_after_omission.investigation_steps,0
per_scenario[1].conditions[5].perturbation_ground_truth.omitted_records,1
per_scenario[1].conditions[5].recommendation_count,0
per_scenario[1].conditions[5].risk.total_score,14.92
per_scenario[1].conditions[5].traceability.evidence_reference_coverage,1.0
per_scenario[1].conditions[5].traceability.evidence_references,4
per_scenario[1].conditions[5].traceability.findings,3
per_scenario[1].conditions[5].traceability.findings_with_all_evidence_references_resolved,2
per_scenario[1].conditions[5].traceability.resolved_evidence_references,4
per_scenario[1].conditions[5].validation_matches_expected,true
per_scenario[1].conditions[5].validation_seconds,0.348425
per_scenario[1].conditions[5].validation_totals.accepted,13
per_scenario[1].conditions[5].validation_totals.received,13
per_scenario[1].conditions[5].validation_totals.rejected,0
per_scenario[1].conditions[5].validation_warning_count,3
per_scenario[1].conditions[6].analysis_seconds,0.3916
per_scenario[1].conditions[6].finding_count,2
per_scenario[1].conditions[6].paired_delta_vs_control.family_set_changed,false
per_scenario[1].conditions[6].paired_delta_vs_control.finding_count_change,0
per_scenario[1].conditions[6].parameters.rate,0.1
per_scenario[1].conditions[6].parameters.seed,0
per_scenario[1].conditions[6].perturbation_ground_truth.dangling_references_after_omission.escalations_or_dispositions,0
per_scenario[1].conditions[6].perturbation_ground_truth.dangling_references_after_omission.investigation_steps,0
per_scenario[1].conditions[6].perturbation_ground_truth.eligible_records,11
per_scenario[1].conditions[6].perturbation_ground_truth.removed[0].row_index,1
per_scenario[1].conditions[6].recommendation_count,0
per_scenario[1].conditions[6].risk.total_score,14.92
per_scenario[1].conditions[6].traceability.evidence_reference_coverage,1.0
per_scenario[1].conditions[6].traceability.evidence_references,4
per_scenario[1].conditions[6].traceability.findings,2
per_scenario[1].conditions[6].traceability.findings_with_all_evidence_references_resolved,2
per_scenario[1].conditions[6].traceability.resolved_evidence_references,4
per_scenario[1].conditions[6].validation_matches_expected,true
per_scenario[1].conditions[6].validation_seconds,0.39017
per_scenario[1].conditions[6].validation_totals.accepted,13
per_scenario[1].conditions[6].validation_totals.received,13
per_scenario[1].conditions[6].validation_totals.rejected,0
per_scenario[1].conditions[6].validation_warning_count,0
per_scenario[1].conditions[7].analysis_seconds,0.372756
per_scenario[1].conditions[7].finding_count,2
per_scenario[1].conditions[7].paired_delta_vs_control.family_set_changed,false
per_scenario[1].conditions[7].paired_delta_vs_control.finding_count_change,0
per_scenario[1].conditions[7].parameters.rate,0.1
per_scenario[1].conditions[7].parameters.seed,0
per_scenario[1].conditions[7].perturbation_ground_truth.cascaded_investigation_steps_removed,0
per_scenario[1].conditions[7].perturbation_ground_truth.dangling_references_after_omission.escalations_or_dispositions,0
per_scenario[1].conditions[7].perturbation_ground_truth.dangling_references_after_omission.investigation_steps,0
per_scenario[1].conditions[7].perturbation_ground_truth.eligible_records,11
per_scenario[1].conditions[7].perturbation_ground_truth.removed[0].row_index,1
per_scenario[1].conditions[7].recommendation_count,0
per_scenario[1].conditions[7].risk.total_score,14.92
per_scenario[1].conditions[7].traceability.evidence_reference_coverage,1.0
per_scenario[1].conditions[7].traceability.evidence_references,4
per_scenario[1].conditions[7].traceability.findings,2
per_scenario[1].conditions[7].traceability.findings_with_all_evidence_references_resolved,2
per_scenario[1].conditions[7].traceability.resolved_evidence_references,4
per_scenario[1].conditions[7].validation_matches_expected,true
per_scenario[1].conditions[7].validation_seconds,0.376692
per_scenario[1].conditions[7].validation_totals.accepted,13
per_scenario[1].conditions[7].validation_totals.received,13
per_scenario[1].conditions[7].validation_totals.rejected,0
per_scenario[1].conditions[7].validation_warning_count,0
per_scenario[1].conditions[8].analysis_seconds,0.485209
per_scenario[1].conditions[8].finding_count,2
per_scenario[1].conditions[8].paired_delta_vs_control.family_set_changed,false
per_scenario[1].conditions[8].paired_delta_vs_control.finding_count_change,0
per_scenario[1].conditions[8].parameters.rate,0.1
per_scenario[1].conditions[8].parameters.seed,1
per_scenario[1].conditions[8].perturbation_ground_truth.dangling_references_after_omission.escalations_or_dispositions,0
per_scenario[1].conditions[8].perturbation_ground_truth.dangling_references_after_omission.investigation_steps,0
per_scenario[1].conditions[8].perturbation_ground_truth.eligible_records,11
per_scenario[1].conditions[8].perturbation_ground_truth.removed[0].row_index,1
per_scenario[1].conditions[8].recommendation_count,0
per_scenario[1].conditions[8].risk.total_score,14.92
per_scenario[1].conditions[8].traceability.evidence_reference_coverage,1.0
per_scenario[1].conditions[8].traceability.evidence_references,4
per_scenario[1].conditions[8].traceability.findings,2
per_scenario[1].conditions[8].traceability.findings_with_all_evidence_references_resolved,2
per_scenario[1].conditions[8].traceability.resolved_evidence_references,4
per_scenario[1].conditions[8].validation_matches_expected,true
per_scenario[1].conditions[8].validation_seconds,0.395877
per_scenario[1].conditions[8].validation_totals.accepted,13
per_scenario[1].conditions[8].validation_totals.received,13
per_scenario[1].conditions[8].validation_totals.rejected,0
per_scenario[1].conditions[8].validation_warning_count,0
per_scenario[1].conditions[9].analysis_seconds,0.332483
per_scenario[1].conditions[9].finding_count,2
per_scenario[1].conditions[9].paired_delta_vs_control.family_set_changed,false
per_scenario[1].conditions[9].paired_delta_vs_control.finding_count_change,0
per_scenario[1].conditions[9].parameters.rate,0.1
per_scenario[1].conditions[9].parameters.seed,1
per_scenario[1].conditions[9].perturbation_ground_truth.cascaded_investigation_steps_removed,0
per_scenario[1].conditions[9].perturbation_ground_truth.dangling_references_after_omission.escalations_or_dispositions,0
per_scenario[1].conditions[9].perturbation_ground_truth.dangling_references_after_omission.investigation_steps,0
per_scenario[1].conditions[9].perturbation_ground_truth.eligible_records,11
per_scenario[1].conditions[9].perturbation_ground_truth.removed[0].row_index,1
per_scenario[1].conditions[9].recommendation_count,0
per_scenario[1].conditions[9].risk.total_score,14.92
per_scenario[1].conditions[9].traceability.evidence_reference_coverage,1.0
per_scenario[1].conditions[9].traceability.evidence_references,4
per_scenario[1].conditions[9].traceability.findings,2
per_scenario[1].conditions[9].traceability.findings_with_all_evidence_references_resolved,2
per_scenario[1].conditions[9].traceability.resolved_evidence_references,4
per_scenario[1].conditions[9].validation_matches_expected,true
per_scenario[1].conditions[9].validation_seconds,0.373455
per_scenario[1].conditions[9].validation_totals.accepted,13
per_scenario[1].conditions[9].validation_totals.received,13
per_scenario[1].conditions[9].validation_totals.rejected,0
per_scenario[1].conditions[9].validation_warning_count,0
per_scenario[1].conditions[10].analysis_seconds,0.652482
per_scenario[1].conditions[10].finding_count,3
per_scenario[1].conditions[10].paired_delta_vs_control.family_set_changed,false
per_scenario[1].conditions[10].paired_delta_vs_control.finding_count_change,1
per_scenario[1].conditions[10].parameters.rate,0.1
per_scenario[1].conditions[10].parameters.seed,2
per_scenario[1].conditions[10].perturbation_ground_truth.dangling_references_after_omission.escalations_or_dispositions,0
per_scenario[1].conditions[10].perturbation_ground_truth.dangling_references_after_omission.investigation_steps,0
per_scenario[1].conditions[10].perturbation_ground_truth.eligible_records,11
per_scenario[1].conditions[10].perturbation_ground_truth.removed[0].row_index,0
per_scenario[1].conditions[10].recommendation_count,0
per_scenario[1].conditions[10].risk.total_score,14.92
per_scenario[1].conditions[10].traceability.evidence_reference_coverage,1.0
per_scenario[1].conditions[10].traceability.evidence_references,4
per_scenario[1].conditions[10].traceability.findings,3
per_scenario[1].conditions[10].traceability.findings_with_all_evidence_references_resolved,2
per_scenario[1].conditions[10].traceability.resolved_evidence_references,4
per_scenario[1].conditions[10].validation_matches_expected,true
per_scenario[1].conditions[10].validation_seconds,0.321441
per_scenario[1].conditions[10].validation_totals.accepted,13
per_scenario[1].conditions[10].validation_totals.received,13
per_scenario[1].conditions[10].validation_totals.rejected,0
per_scenario[1].conditions[10].validation_warning_count,3
per_scenario[1].conditions[11].analysis_seconds,0.450812
per_scenario[1].conditions[11].finding_count,3
per_scenario[1].conditions[11].paired_delta_vs_control.family_set_changed,false
per_scenario[1].conditions[11].paired_delta_vs_control.finding_count_change,1
per_scenario[1].conditions[11].parameters.rate,0.1
per_scenario[1].conditions[11].parameters.seed,2
per_scenario[1].conditions[11].perturbation_ground_truth.cascaded_investigation_steps_removed,0
per_scenario[1].conditions[11].perturbation_ground_truth.dangling_references_after_omission.escalations_or_dispositions,0
per_scenario[1].conditions[11].perturbation_ground_truth.dangling_references_after_omission.investigation_steps,0
per_scenario[1].conditions[11].perturbation_ground_truth.eligible_records,11
per_scenario[1].conditions[11].perturbation_ground_truth.removed[0].row_index,0
per_scenario[1].conditions[11].recommendation_count,0
per_scenario[1].conditions[11].risk.total_score,14.92
per_scenario[1].conditions[11].traceability.evidence_reference_coverage,1.0
per_scenario[1].conditions[11].traceability.evidence_references,4
per_scenario[1].conditions[11].traceability.findings,3
per_scenario[1].conditions[11].traceability.findings_with_all_evidence_references_resolved,2
per_scenario[1].conditions[11].traceability.resolved_evidence_references,4
per_scenario[1].conditions[11].validation_matches_expected,true
per_scenario[1].conditions[11].validation_seconds,0.329801
per_scenario[1].conditions[11].validation_totals.accepted,13
per_scenario[1].conditions[11].validation_totals.received,13
per_scenario[1].conditions[11].validation_totals.rejected,0
per_scenario[1].conditions[11].validation_warning_count,3
per_scenario[1].conditions[12].analysis_seconds,0.534831
per_scenario[1].conditions[12].finding_count,3
per_scenario[1].conditions[12].paired_delta_vs_control.family_set_changed,false
per_scenario[1].conditions[12].paired_delta_vs_control.finding_count_change,1
per_scenario[1].conditions[12].parameters.rate,0.1
per_scenario[1].conditions[12].parameters.seed,3
per_scenario[1].conditions[12].perturbation_ground_truth.dangling_references_after_omission.escalations_or_dispositions,0
per_scenario[1].conditions[12].perturbation_ground_truth.dangling_references_after_omission.investigation_steps,0
per_scenario[1].conditions[12].perturbation_ground_truth.eligible_records,11
per_scenario[1].conditions[12].perturbation_ground_truth.removed[0].row_index,0
per_scenario[1].conditions[12].recommendation_count,0
per_scenario[1].conditions[12].risk.total_score,14.92
per_scenario[1].conditions[12].traceability.evidence_reference_coverage,1.0
per_scenario[1].conditions[12].traceability.evidence_references,4
per_scenario[1].conditions[12].traceability.findings,3
per_scenario[1].conditions[12].traceability.findings_with_all_evidence_references_resolved,2
per_scenario[1].conditions[12].traceability.resolved_evidence_references,4
per_scenario[1].conditions[12].validation_matches_expected,true
per_scenario[1].conditions[12].validation_seconds,0.332455
per_scenario[1].conditions[12].validation_totals.accepted,13
per_scenario[1].conditions[12].validation_totals.received,13
per_scenario[1].conditions[12].validation_totals.rejected,0
per_scenario[1].conditions[12].validation_warning_count,3
per_scenario[1].conditions[13].analysis_seconds,0.731252
per_scenario[1].conditions[13].finding_count,3
per_scenario[1].conditions[13].paired_delta_vs_control.family_set_changed,false
per_scenario[1].conditions[13].paired_delta_vs_control.finding_count_change,1
per_scenario[1].conditions[13].parameters.rate,0.1
per_scenario[1].conditions[13].parameters.seed,3
per_scenario[1].conditions[13].perturbation_ground_truth.cascaded_investigation_steps_removed,0
per_scenario[1].conditions[13].perturbation_ground_truth.dangling_references_after_omission.escalations_or_dispositions,0
per_scenario[1].conditions[13].perturbation_ground_truth.dangling_references_after_omission.investigation_steps,0
per_scenario[1].conditions[13].perturbation_ground_truth.eligible_records,11
per_scenario[1].conditions[13].perturbation_ground_truth.removed[0].row_index,0
per_scenario[1].conditions[13].recommendation_count,0
per_scenario[1].conditions[13].risk.total_score,14.92
per_scenario[1].conditions[13].traceability.evidence_reference_coverage,1.0
per_scenario[1].conditions[13].traceability.evidence_references,4
per_scenario[1].conditions[13].traceability.findings,3
per_scenario[1].conditions[13].traceability.findings_with_all_evidence_references_resolved,2
per_scenario[1].conditions[13].traceability.resolved_evidence_references,4
per_scenario[1].conditions[13].validation_matches_expected,true
per_scenario[1].conditions[13].validation_seconds,0.34193
per_scenario[1].conditions[13].validation_totals.accepted,13
per_scenario[1].conditions[13].validation_totals.received,13
per_scenario[1].conditions[13].validation_totals.rejected,0
per_scenario[1].conditions[13].validation_warning_count,3
per_scenario[1].conditions[14].analysis_seconds,0.381966
per_scenario[1].conditions[14].finding_count,2
per_scenario[1].conditions[14].paired_delta_vs_control.family_set_changed,false
per_scenario[1].conditions[14].paired_delta_vs_control.finding_count_change,0
per_scenario[1].conditions[14].parameters.rate,0.1
per_scenario[1].conditions[14].parameters.seed,4
per_scenario[1].conditions[14].perturbation_ground_truth.dangling_references_after_omission.escalations_or_dispositions,0
per_scenario[1].conditions[14].perturbation_ground_truth.dangling_references_after_omission.investigation_steps,0
per_scenario[1].conditions[14].perturbation_ground_truth.eligible_records,11
per_scenario[1].conditions[14].perturbation_ground_truth.removed[0].row_index,0
per_scenario[1].conditions[14].recommendation_count,0
per_scenario[1].conditions[14].risk.total_score,14.92
per_scenario[1].conditions[14].traceability.evidence_reference_coverage,1.0
per_scenario[1].conditions[14].traceability.evidence_references,4
per_scenario[1].conditions[14].traceability.findings,2
per_scenario[1].conditions[14].traceability.findings_with_all_evidence_references_resolved,2
per_scenario[1].conditions[14].traceability.resolved_evidence_references,4
per_scenario[1].conditions[14].validation_matches_expected,true
per_scenario[1].conditions[14].validation_seconds,0.386709
per_scenario[1].conditions[14].validation_totals.accepted,13
per_scenario[1].conditions[14].validation_totals.received,13
per_scenario[1].conditions[14].validation_totals.rejected,0
per_scenario[1].conditions[14].validation_warning_count,0
per_scenario[1].conditions[15].analysis_seconds,0.268415
per_scenario[1].conditions[15].finding_count,2
per_scenario[1].conditions[15].paired_delta_vs_control.family_set_changed,false
per_scenario[1].conditions[15].paired_delta_vs_control.finding_count_change,0
per_scenario[1].conditions[15].parameters.rate,0.1
per_scenario[1].conditions[15].parameters.seed,4
per_scenario[1].conditions[15].perturbation_ground_truth.cascaded_investigation_steps_removed,0
per_scenario[1].conditions[15].perturbation_ground_truth.dangling_references_after_omission.escalations_or_dispositions,0
per_scenario[1].conditions[15].perturbation_ground_truth.dangling_references_after_omission.investigation_steps,0
per_scenario[1].conditions[15].perturbation_ground_truth.eligible_records,11
per_scenario[1].conditions[15].perturbation_ground_truth.removed[0].row_index,0
per_scenario[1].conditions[15].recommendation_count,0
per_scenario[1].conditions[15].risk.total_score,14.92
per_scenario[1].conditions[15].traceability.evidence_reference_coverage,1.0
per_scenario[1].conditions[15].traceability.evidence_references,4
per_scenario[1].conditions[15].traceability.findings,2
per_scenario[1].conditions[15].traceability.findings_with_all_evidence_references_resolved,2
per_scenario[1].conditions[15].traceability.resolved_evidence_references,4
per_scenario[1].conditions[15].validation_matches_expected,true
per_scenario[1].conditions[15].validation_seconds,0.416372
per_scenario[1].conditions[15].validation_totals.accepted,13
per_scenario[1].conditions[15].validation_totals.received,13
per_scenario[1].conditions[15].validation_totals.rejected,0
per_scenario[1].conditions[15].validation_warning_count,0
per_scenario[1].conditions[16].paired_delta_vs_control,null
per_scenario[1].conditions[16].parameters.rate,0.25
per_scenario[1].conditions[16].parameters.seed,0
per_scenario[1].conditions[16].perturbation_ground_truth.dangling_references_after_omission.escalations_or_dispositions,0
per_scenario[1].conditions[16].perturbation_ground_truth.dangling_references_after_omission.investigation_steps,3
per_scenario[1].conditions[16].perturbation_ground_truth.eligible_records,11
per_scenario[1].conditions[16].perturbation_ground_truth.removed[0].row_index,0
per_scenario[1].conditions[16].perturbation_ground_truth.removed[1].row_index,0
per_scenario[1].conditions[16].perturbation_ground_truth.removed[2].row_index,2
per_scenario[1].conditions[16].validation_matches_expected,true
per_scenario[1].conditions[16].validation_seconds,0.350109
per_scenario[1].conditions[16].validation_totals.accepted,8
per_scenario[1].conditions[16].validation_totals.received,11
per_scenario[1].conditions[16].validation_totals.rejected,3
per_scenario[1].conditions[16].validation_warning_count,7
per_scenario[1].conditions[17].analysis_seconds,1.140779
per_scenario[1].conditions[17].finding_count,8
per_scenario[1].conditions[17].paired_delta_vs_control.family_set_changed,true
per_scenario[1].conditions[17].paired_delta_vs_control.finding_count_change,6
per_scenario[1].conditions[17].paired_delta_vs_control.risk_fields_changed.total_score.control,14.92
per_scenario[1].conditions[17].paired_delta_vs_control.risk_fields_changed.total_score.perturbed,30.18
per_scenario[1].conditions[17].parameters.rate,0.25
per_scenario[1].conditions[17].parameters.seed,0
per_scenario[1].conditions[17].perturbation_ground_truth.cascaded_investigation_steps_removed,3
per_scenario[1].conditions[17].perturbation_ground_truth.dangling_references_after_omission.escalations_or_dispositions,0
per_scenario[1].conditions[17].perturbation_ground_truth.dangling_references_after_omission.investigation_steps,0
per_scenario[1].conditions[17].perturbation_ground_truth.eligible_records,11
per_scenario[1].conditions[17].perturbation_ground_truth.removed[0].row_index,0
per_scenario[1].conditions[17].perturbation_ground_truth.removed[1].row_index,0
per_scenario[1].conditions[17].perturbation_ground_truth.removed[2].row_index,2
per_scenario[1].conditions[17].recommendation_count,0
per_scenario[1].conditions[17].risk.total_score,30.18
per_scenario[1].conditions[17].traceability.evidence_reference_coverage,1.0
per_scenario[1].conditions[17].traceability.evidence_references,12
per_scenario[1].conditions[17].traceability.findings,8
per_scenario[1].conditions[17].traceability.findings_with_all_evidence_references_resolved,6
per_scenario[1].conditions[17].traceability.resolved_evidence_references,12
per_scenario[1].conditions[17].validation_matches_expected,true
per_scenario[1].conditions[17].validation_seconds,0.295638
per_scenario[1].conditions[17].validation_totals.accepted,8
per_scenario[1].conditions[17].validation_totals.received,8
per_scenario[1].conditions[17].validation_totals.rejected,0
per_scenario[1].conditions[17].validation_warning_count,7
per_scenario[1].conditions[18].analysis_seconds,0.390063
per_scenario[1].conditions[18].finding_count,2
per_scenario[1].conditions[18].paired_delta_vs_control.family_set_changed,false
per_scenario[1].conditions[18].paired_delta_vs_control.finding_count_change,0
per_scenario[1].conditions[18].parameters.rate,0.25
per_scenario[1].conditions[18].parameters.seed,1
per_scenario[1].conditions[18].perturbation_ground_truth.dangling_references_after_omission.escalations_or_dispositions,0
per_scenario[1].conditions[18].perturbation_ground_truth.dangling_references_after_omission.investigation_steps,0
per_scenario[1].conditions[18].perturbation_ground_truth.eligible_records,11
per_scenario[1].conditions[18].perturbation_ground_truth.removed[0].row_index,0
per_scenario[1].conditions[18].perturbation_ground_truth.removed[1].row_index,0
per_scenario[1].conditions[18].perturbation_ground_truth.removed[2].row_index,1
per_scenario[1].conditions[18].recommendation_count,0
per_scenario[1].conditions[18].risk.total_score,14.92
per_scenario[1].conditions[18].traceability.evidence_reference_coverage,1.0
per_scenario[1].conditions[18].traceability.evidence_references,4
per_scenario[1].conditions[18].traceability.findings,2
per_scenario[1].conditions[18].traceability.findings_with_all_evidence_references_resolved,2
per_scenario[1].conditions[18].traceability.resolved_evidence_references,4
per_scenario[1].conditions[18].validation_matches_expected,true
per_scenario[1].conditions[18].validation_seconds,0.404073
per_scenario[1].conditions[18].validation_totals.accepted,11
per_scenario[1].conditions[18].validation_totals.received,11
per_scenario[1].conditions[18].validation_totals.rejected,0
per_scenario[1].conditions[18].validation_warning_count,0
per_scenario[1].conditions[19].analysis_seconds,0.46304
per_scenario[1].conditions[19].finding_count,2
per_scenario[1].conditions[19].paired_delta_vs_control.family_set_changed,false
per_scenario[1].conditions[19].paired_delta_vs_control.finding_count_change,0
per_scenario[1].conditions[19].parameters.rate,0.25
per_scenario[1].conditions[19].parameters.seed,1
per_scenario[1].conditions[19].perturbation_ground_truth.cascaded_investigation_steps_removed,0
per_scenario[1].conditions[19].perturbation_ground_truth.dangling_references_after_omission.escalations_or_dispositions,0
per_scenario[1].conditions[19].perturbation_ground_truth.dangling_references_after_omission.investigation_steps,0
per_scenario[1].conditions[19].perturbation_ground_truth.eligible_records,11
per_scenario[1].conditions[19].perturbation_ground_truth.removed[0].row_index,0
per_scenario[1].conditions[19].perturbation_ground_truth.removed[1].row_index,0
per_scenario[1].conditions[19].perturbation_ground_truth.removed[2].row_index,1
per_scenario[1].conditions[19].recommendation_count,0
per_scenario[1].conditions[19].risk.total_score,14.92
per_scenario[1].conditions[19].traceability.evidence_reference_coverage,1.0
per_scenario[1].conditions[19].traceability.evidence_references,4
per_scenario[1].conditions[19].traceability.findings,2
per_scenario[1].conditions[19].traceability.findings_with_all_evidence_references_resolved,2
per_scenario[1].conditions[19].traceability.resolved_evidence_references,4
per_scenario[1].conditions[19].validation_matches_expected,true
per_scenario[1].conditions[19].validation_seconds,0.426363
per_scenario[1].conditions[19].validation_totals.accepted,11
per_scenario[1].conditions[19].validation_totals.received,11
per_scenario[1].conditions[19].validation_totals.rejected,0
per_scenario[1].conditions[19].validation_warning_count,0
per_scenario[1].conditions[20].analysis_seconds,0.281087
per_scenario[1].conditions[20].finding_count,2
per_scenario[1].conditions[20].paired_delta_vs_control.family_set_changed,false
per_scenario[1].conditions[20].paired_delta_vs_control.finding_count_change,0
per_scenario[1].conditions[20].parameters.rate,0.25
per_scenario[1].conditions[20].parameters.seed,2
per_scenario[1].conditions[20].perturbation_ground_truth.dangling_references_after_omission.escalations_or_dispositions,0
per_scenario[1].conditions[20].perturbation_ground_truth.dangling_references_after_omission.investigation_steps,0
per_scenario[1].conditions[20].perturbation_ground_truth.eligible_records,11
per_scenario[1].conditions[20].perturbation_ground_truth.removed[0].row_index,1
per_scenario[1].conditions[20].perturbation_ground_truth.removed[1].row_index,1
per_scenario[1].conditions[20].perturbation_ground_truth.removed[2].row_index,2
per_scenario[1].conditions[20].recommendation_count,0
per_scenario[1].conditions[20].risk.total_score,14.92
per_scenario[1].conditions[20].traceability.evidence_reference_coverage,1.0
per_scenario[1].conditions[20].traceability.evidence_references,4
per_scenario[1].conditions[20].traceability.findings,2
per_scenario[1].conditions[20].traceability.findings_with_all_evidence_references_resolved,2
per_scenario[1].conditions[20].traceability.resolved_evidence_references,4
per_scenario[1].conditions[20].validation_matches_expected,true
per_scenario[1].conditions[20].validation_seconds,0.415287
per_scenario[1].conditions[20].validation_totals.accepted,11
per_scenario[1].conditions[20].validation_totals.received,11
per_scenario[1].conditions[20].validation_totals.rejected,0
per_scenario[1].conditions[20].validation_warning_count,0
per_scenario[1].conditions[21].analysis_seconds,0.516415
per_scenario[1].conditions[21].finding_count,2
per_scenario[1].conditions[21].paired_delta_vs_control.family_set_changed,false
per_scenario[1].conditions[21].paired_delta_vs_control.finding_count_change,0
per_scenario[1].conditions[21].parameters.rate,0.25
per_scenario[1].conditions[21].parameters.seed,2
per_scenario[1].conditions[21].perturbation_ground_truth.cascaded_investigation_steps_removed,0
per_scenario[1].conditions[21].perturbation_ground_truth.dangling_references_after_omission.escalations_or_dispositions,0
per_scenario[1].conditions[21].perturbation_ground_truth.dangling_references_after_omission.investigation_steps,0
per_scenario[1].conditions[21].perturbation_ground_truth.eligible_records,11
per_scenario[1].conditions[21].perturbation_ground_truth.removed[0].row_index,1
per_scenario[1].conditions[21].perturbation_ground_truth.removed[1].row_index,1
per_scenario[1].conditions[21].perturbation_ground_truth.removed[2].row_index,2
per_scenario[1].conditions[21].recommendation_count,0
per_scenario[1].conditions[21].risk.total_score,14.92
per_scenario[1].conditions[21].traceability.evidence_reference_coverage,1.0
per_scenario[1].conditions[21].traceability.evidence_references,4
per_scenario[1].conditions[21].traceability.findings,2
per_scenario[1].conditions[21].traceability.findings_with_all_evidence_references_resolved,2
per_scenario[1].conditions[21].traceability.resolved_evidence_references,4
per_scenario[1].conditions[21].validation_matches_expected,true
per_scenario[1].conditions[21].validation_seconds,0.366197
per_scenario[1].conditions[21].validation_totals.accepted,11
per_scenario[1].conditions[21].validation_totals.received,11
per_scenario[1].conditions[21].validation_totals.rejected,0
per_scenario[1].conditions[21].validation_warning_count,0
per_scenario[1].conditions[22].analysis_seconds,0.415765
per_scenario[1].conditions[22].finding_count,3
per_scenario[1].conditions[22].paired_delta_vs_control.family_set_changed,true
per_scenario[1].conditions[22].paired_delta_vs_control.finding_count_change,1
per_scenario[1].conditions[22].paired_delta_vs_control.risk_fields_changed.total_score.control,14.92
per_scenario[1].conditions[22].paired_delta_vs_control.risk_fields_changed.total_score.perturbed,17.6
per_scenario[1].conditions[22].parameters.rate,0.25
per_scenario[1].conditions[22].parameters.seed,3
per_scenario[1].conditions[22].perturbation_ground_truth.dangling_references_after_omission.escalations_or_dispositions,0
per_scenario[1].conditions[22].perturbation_ground_truth.dangling_references_after_omission.investigation_steps,0
per_scenario[1].conditions[22].perturbation_ground_truth.eligible_records,11
per_scenario[1].conditions[22].perturbation_ground_truth.removed[0].row_index,1
per_scenario[1].conditions[22].perturbation_ground_truth.removed[1].row_index,0
per_scenario[1].conditions[22].perturbation_ground_truth.removed[2].row_index,1
per_scenario[1].conditions[22].recommendation_count,0
per_scenario[1].conditions[22].risk.total_score,17.6
per_scenario[1].conditions[22].traceability.evidence_reference_coverage,1.0
per_scenario[1].conditions[22].traceability.evidence_references,7
per_scenario[1].conditions[22].traceability.findings,3
per_scenario[1].conditions[22].traceability.findings_with_all_evidence_references_resolved,3
per_scenario[1].conditions[22].traceability.resolved_evidence_references,7
per_scenario[1].conditions[22].validation_matches_expected,true
per_scenario[1].conditions[22].validation_seconds,0.399429
per_scenario[1].conditions[22].validation_totals.accepted,11
per_scenario[1].conditions[22].validation_totals.received,11
per_scenario[1].conditions[22].validation_totals.rejected,0
per_scenario[1].conditions[22].validation_warning_count,0
per_scenario[1].conditions[23].analysis_seconds,0.490412
per_scenario[1].conditions[23].finding_count,3
per_scenario[1].conditions[23].paired_delta_vs_control.family_set_changed,true
per_scenario[1].conditions[23].paired_delta_vs_control.finding_count_change,1
per_scenario[1].conditions[23].paired_delta_vs_control.risk_fields_changed.total_score.control,14.92
per_scenario[1].conditions[23].paired_delta_vs_control.risk_fields_changed.total_score.perturbed,17.6
per_scenario[1].conditions[23].parameters.rate,0.25
per_scenario[1].conditions[23].parameters.seed,3
per_scenario[1].conditions[23].perturbation_ground_truth.cascaded_investigation_steps_removed,0
per_scenario[1].conditions[23].perturbation_ground_truth.dangling_references_after_omission.escalations_or_dispositions,0
per_scenario[1].conditions[23].perturbation_ground_truth.dangling_references_after_omission.investigation_steps,0
per_scenario[1].conditions[23].perturbation_ground_truth.eligible_records,11
per_scenario[1].conditions[23].perturbation_ground_truth.removed[0].row_index,1
per_scenario[1].conditions[23].perturbation_ground_truth.removed[1].row_index,0
per_scenario[1].conditions[23].perturbation_ground_truth.removed[2].row_index,1
per_scenario[1].conditions[23].recommendation_count,0
per_scenario[1].conditions[23].risk.total_score,17.6
per_scenario[1].conditions[23].traceability.evidence_reference_coverage,1.0
per_scenario[1].conditions[23].traceability.evidence_references,7
per_scenario[1].conditions[23].traceability.findings,3
per_scenario[1].conditions[23].traceability.findings_with_all_evidence_references_resolved,3
per_scenario[1].conditions[23].traceability.resolved_evidence_references,7
per_scenario[1].conditions[23].validation_matches_expected,true
per_scenario[1].conditions[23].validation_seconds,0.388298
per_scenario[1].conditions[23].validation_totals.accepted,11
per_scenario[1].conditions[23].validation_totals.received,11
per_scenario[1].conditions[23].validation_totals.rejected,0
per_scenario[1].conditions[23].validation_warning_count,0
per_scenario[1].conditions[24].paired_delta_vs_control,null
per_scenario[1].conditions[24].parameters.rate,0.25
per_scenario[1].conditions[24].parameters.seed,4
per_scenario[1].conditions[24].perturbation_ground_truth.dangling_references_after_omission.escalations_or_dispositions,0
per_scenario[1].conditions[24].perturbation_ground_truth.dangling_references_after_omission.investigation_steps,1
per_scenario[1].conditions[24].perturbation_ground_truth.eligible_records,11
per_scenario[1].conditions[24].perturbation_ground_truth.removed[0].row_index,0
per_scenario[1].conditions[24].perturbation_ground_truth.removed[1].row_index,1
per_scenario[1].conditions[24].perturbation_ground_truth.removed[2].row_index,2
per_scenario[1].conditions[24].validation_matches_expected,true
per_scenario[1].conditions[24].validation_seconds,0.335219
per_scenario[1].conditions[24].validation_totals.accepted,10
per_scenario[1].conditions[24].validation_totals.received,11
per_scenario[1].conditions[24].validation_totals.rejected,1
per_scenario[1].conditions[24].validation_warning_count,9
per_scenario[1].conditions[25].analysis_seconds,0.717401
per_scenario[1].conditions[25].finding_count,5
per_scenario[1].conditions[25].paired_delta_vs_control.family_set_changed,true
per_scenario[1].conditions[25].paired_delta_vs_control.finding_count_change,3
per_scenario[1].conditions[25].paired_delta_vs_control.risk_fields_changed.total_score.control,14.92
per_scenario[1].conditions[25].paired_delta_vs_control.risk_fields_changed.total_score.perturbed,21.29
per_scenario[1].conditions[25].parameters.rate,0.25
per_scenario[1].conditions[25].parameters.seed,4
per_scenario[1].conditions[25].perturbation_ground_truth.cascaded_investigation_steps_removed,1
per_scenario[1].conditions[25].perturbation_ground_truth.dangling_references_after_omission.escalations_or_dispositions,0
per_scenario[1].conditions[25].perturbation_ground_truth.dangling_references_after_omission.investigation_steps,0
per_scenario[1].conditions[25].perturbation_ground_truth.eligible_records,11
per_scenario[1].conditions[25].perturbation_ground_truth.removed[0].row_index,0
per_scenario[1].conditions[25].perturbation_ground_truth.removed[1].row_index,1
per_scenario[1].conditions[25].perturbation_ground_truth.removed[2].row_index,2
per_scenario[1].conditions[25].recommendation_count,0
per_scenario[1].conditions[25].risk.total_score,21.29
per_scenario[1].conditions[25].traceability.evidence_reference_coverage,1.0
per_scenario[1].conditions[25].traceability.evidence_references,9
per_scenario[1].conditions[25].traceability.findings,5
per_scenario[1].conditions[25].traceability.findings_with_all_evidence_references_resolved,3
per_scenario[1].conditions[25].traceability.resolved_evidence_references,9
per_scenario[1].conditions[25].validation_matches_expected,true
per_scenario[1].conditions[25].validation_seconds,0.283872
per_scenario[1].conditions[25].validation_totals.accepted,10
per_scenario[1].conditions[25].validation_totals.received,10
per_scenario[1].conditions[25].validation_totals.rejected,0
per_scenario[1].conditions[25].validation_warning_count,9
per_scenario[1].conditions[26].paired_delta_vs_control,null
per_scenario[1].conditions[26].parameters.rate,0.5
per_scenario[1].conditions[26].parameters.seed,0
per_scenario[1].conditions[26].perturbation_ground_truth.dangling_references_after_omission.escalations_or_dispositions,0
per_scenario[1].conditions[26].perturbation_ground_truth.dangling_references_after_omission.investigation_steps,3
per_scenario[1].conditions[26].perturbation_ground_truth.eligible_records,11
per_scenario[1].conditions[26].perturbation_ground_truth.removed[0].row_index,0
per_scenario[1].conditions[26].perturbation_ground_truth.removed[1].row_index,0
per_scenario[1].conditions[26].perturbation_ground_truth.removed[2].row_index,0
per_scenario[1].conditions[26].perturbation_ground_truth.removed[3].row_index,1
per_scenario[1].conditions[26].perturbation_ground_truth.removed[4].row_index,1
per_scenario[1].conditions[26].perturbation_ground_truth.removed[5].row_index,2
per_scenario[1].conditions[26].validation_matches_expected,true
per_scenario[1].conditions[26].validation_seconds,0.292476
per_scenario[1].conditions[26].validation_totals.accepted,5
per_scenario[1].conditions[26].validation_totals.received,8
per_scenario[1].conditions[26].validation_totals.rejected,3
per_scenario[1].conditions[26].validation_warning_count,8
per_scenario[1].conditions[27].analysis_seconds,1.102761
per_scenario[1].conditions[27].finding_count,9
per_scenario[1].conditions[27].paired_delta_vs_control.family_set_changed,true
per_scenario[1].conditions[27].paired_delta_vs_control.finding_count_change,7
per_scenario[1].conditions[27].paired_delta_vs_control.risk_fields_changed.total_score.control,14.92
per_scenario[1].conditions[27].paired_delta_vs_control.risk_fields_changed.total_score.perturbed,30.39
per_scenario[1].conditions[27].parameters.rate,0.5
per_scenario[1].conditions[27].parameters.seed,0
per_scenario[1].conditions[27].perturbation_ground_truth.cascaded_investigation_steps_removed,3
per_scenario[1].conditions[27].perturbation_ground_truth.dangling_references_after_omission.escalations_or_dispositions,0
per_scenario[1].conditions[27].perturbation_ground_truth.dangling_references_after_omission.investigation_steps,0
per_scenario[1].conditions[27].perturbation_ground_truth.eligible_records,11
per_scenario[1].conditions[27].perturbation_ground_truth.removed[0].row_index,0
per_scenario[1].conditions[27].perturbation_ground_truth.removed[1].row_index,0
per_scenario[1].conditions[27].perturbation_ground_truth.removed[2].row_index,0
per_scenario[1].conditions[27].perturbation_ground_truth.removed[3].row_index,1
per_scenario[1].conditions[27].perturbation_ground_truth.removed[4].row_index,1
per_scenario[1].conditions[27].perturbation_ground_truth.removed[5].row_index,2
per_scenario[1].conditions[27].recommendation_count,0
per_scenario[1].conditions[27].risk.total_score,30.39
per_scenario[1].conditions[27].traceability.evidence_reference_coverage,1.0
per_scenario[1].conditions[27].traceability.evidence_references,15
per_scenario[1].conditions[27].traceability.findings,9
per_scenario[1].conditions[27].traceability.findings_with_all_evidence_references_resolved,6
per_scenario[1].conditions[27].traceability.resolved_evidence_references,15
per_scenario[1].conditions[27].validation_matches_expected,true
per_scenario[1].conditions[27].validation_seconds,0.189844
per_scenario[1].conditions[27].validation_totals.accepted,5
per_scenario[1].conditions[27].validation_totals.received,5
per_scenario[1].conditions[27].validation_totals.rejected,0
per_scenario[1].conditions[27].validation_warning_count,8
per_scenario[1].conditions[28].paired_delta_vs_control,null
per_scenario[1].conditions[28].parameters.rate,0.5
per_scenario[1].conditions[28].parameters.seed,1
per_scenario[1].conditions[28].perturbation_ground_truth.dangling_references_after_omission.escalations_or_dispositions,0
per_scenario[1].conditions[28].perturbation_ground_truth.dangling_references_after_omission.investigation_steps,1
per_scenario[1].conditions[28].perturbation_ground_truth.eligible_records,11
per_scenario[1].conditions[28].perturbation_ground_truth.removed[0].row_index,0
per_scenario[1].conditions[28].perturbation_ground_truth.removed[1].row_index,0
per_scenario[1].conditions[28].perturbation_ground_truth.removed[2].row_index,0
per_scenario[1].conditions[28].perturbation_ground_truth.removed[3].row_index,2
per_scenario[1].conditions[28].perturbation_ground_truth.removed[4].row_index,1
per_scenario[1].conditions[28].perturbation_ground_truth.removed[5].row_index,2
per_scenario[1].conditions[28].validation_matches_expected,true
per_scenario[1].conditions[28].validation_seconds,0.274439
per_scenario[1].conditions[28].validation_totals.accepted,7
per_scenario[1].conditions[28].validation_totals.received,8
per_scenario[1].conditions[28].validation_totals.rejected,1
per_scenario[1].conditions[28].validation_warning_count,10
per_scenario[1].conditions[29].analysis_seconds,1.093825
per_scenario[1].conditions[29].finding_count,9
per_scenario[1].conditions[29].paired_delta_vs_control.family_set_changed,true
per_scenario[1].conditions[29].paired_delta_vs_control.finding_count_change,7
per_scenario[1].conditions[29].paired_delta_vs_control.risk_fields_changed.total_score.control,14.92
per_scenario[1].conditions[29].paired_delta_vs_control.risk_fields_changed.total_score.perturbed,29.56
per_scenario[1].conditions[29].parameters.rate,0.5
per_scenario[1].conditions[29].parameters.seed,1
per_scenario[1].conditions[29].perturbation_ground_truth.cascaded_investigation_steps_removed,1
per_scenario[1].conditions[29].perturbation_ground_truth.dangling_references_after_omission.escalations_or_dispositions,0
per_scenario[1].conditions[29].perturbation_ground_truth.dangling_references_after_omission.investigation_steps,0
per_scenario[1].conditions[29].perturbation_ground_truth.eligible_records,11
per_scenario[1].conditions[29].perturbation_ground_truth.removed[0].row_index,0
per_scenario[1].conditions[29].perturbation_ground_truth.removed[1].row_index,0
per_scenario[1].conditions[29].perturbation_ground_truth.removed[2].row_index,0
per_scenario[1].conditions[29].perturbation_ground_truth.removed[3].row_index,2
per_scenario[1].conditions[29].perturbation_ground_truth.removed[4].row_index,1
per_scenario[1].conditions[29].perturbation_ground_truth.removed[5].row_index,2
per_scenario[1].conditions[29].recommendation_count,0
per_scenario[1].conditions[29].risk.total_score,29.56
per_scenario[1].conditions[29].traceability.evidence_reference_coverage,1.0
per_scenario[1].conditions[29].traceability.evidence_references,12
per_scenario[1].conditions[29].traceability.findings,9
per_scenario[1].conditions[29].traceability.findings_with_all_evidence_references_resolved,6
per_scenario[1].conditions[29].traceability.resolved_evidence_references,12
per_scenario[1].conditions[29].validation_matches_expected,true
per_scenario[1].conditions[29].validation_seconds,0.223555
per_scenario[1].conditions[29].validation_totals.accepted,7
per_scenario[1].conditions[29].validation_totals.received,7
per_scenario[1].conditions[29].validation_totals.rejected,0
per_scenario[1].conditions[29].validation_warning_count,10
per_scenario[1].conditions[30].analysis_seconds,0.513533
per_scenario[1].conditions[30].finding_count,3
per_scenario[1].conditions[30].paired_delta_vs_control.family_set_changed,false
per_scenario[1].conditions[30].paired_delta_vs_control.finding_count_change,1
per_scenario[1].conditions[30].parameters.rate,0.5
per_scenario[1].conditions[30].parameters.seed,2
per_scenario[1].conditions[30].perturbation_ground_truth.dangling_references_after_omission.escalations_or_dispositions,0
per_scenario[1].conditions[30].perturbation_ground_truth.dangling_references_after_omission.investigation_steps,0
per_scenario[1].conditions[30].perturbation_ground_truth.eligible_records,11
per_scenario[1].conditions[30].perturbation_ground_truth.removed[0].row_index,0
per_scenario[1].conditions[30].perturbation_ground_truth.removed[1].row_index,0
per_scenario[1].conditions[30].perturbation_ground_truth.removed[2].row_index,1
per_scenario[1].conditions[30].perturbation_ground_truth.removed[3].row_index,0
per_scenario[1].conditions[30].perturbation_ground_truth.removed[4].row_index,2
per_scenario[1].conditions[30].perturbation_ground_truth.removed[5].row_index,0
per_scenario[1].conditions[30].recommendation_count,0
per_scenario[1].conditions[30].risk.total_score,14.92
per_scenario[1].conditions[30].traceability.evidence_reference_coverage,1.0
per_scenario[1].conditions[30].traceability.evidence_references,4
per_scenario[1].conditions[30].traceability.findings,3
per_scenario[1].conditions[30].traceability.findings_with_all_evidence_references_resolved,2
per_scenario[1].conditions[30].traceability.resolved_evidence_references,4
per_scenario[1].conditions[30].validation_matches_expected,true
per_scenario[1].conditions[30].validation_seconds,0.37935
per_scenario[1].conditions[30].validation_totals.accepted,8
per_scenario[1].conditions[30].validation_totals.received,8
per_scenario[1].conditions[30].validation_totals.rejected,0
per_scenario[1].conditions[30].validation_warning_count,3
per_scenario[1].conditions[31].analysis_seconds,0.743126
per_scenario[1].conditions[31].finding_count,3
per_scenario[1].conditions[31].paired_delta_vs_control.family_set_changed,false
per_scenario[1].conditions[31].paired_delta_vs_control.finding_count_change,1
per_scenario[1].conditions[31].parameters.rate,0.5
per_scenario[1].conditions[31].parameters.seed,2
per_scenario[1].conditions[31].perturbation_ground_truth.cascaded_investigation_steps_removed,0
per_scenario[1].conditions[31].perturbation_ground_truth.dangling_references_after_omission.escalations_or_dispositions,0
per_scenario[1].conditions[31].perturbation_ground_truth.dangling_references_after_omission.investigation_steps,0
per_scenario[1].conditions[31].perturbation_ground_truth.eligible_records,11
per_scenario[1].conditions[31].perturbation_ground_truth.removed[0].row_index,0
per_scenario[1].conditions[31].perturbation_ground_truth.removed[1].row_index,0
per_scenario[1].conditions[31].perturbation_ground_truth.removed[2].row_index,1
per_scenario[1].conditions[31].perturbation_ground_truth.removed[3].row_index,0
per_scenario[1].conditions[31].perturbation_ground_truth.removed[4].row_index,2
per_scenario[1].conditions[31].perturbation_ground_truth.removed[5].row_index,0
per_scenario[1].conditions[31].recommendation_count,0
per_scenario[1].conditions[31].risk.total_score,14.92
per_scenario[1].conditions[31].traceability.evidence_reference_coverage,1.0
per_scenario[1].conditions[31].traceability.evidence_references,4
per_scenario[1].conditions[31].traceability.findings,3
per_scenario[1].conditions[31].traceability.findings_with_all_evidence_references_resolved,2
per_scenario[1].conditions[31].traceability.resolved_evidence_references,4
per_scenario[1].conditions[31].validation_matches_expected,true
per_scenario[1].conditions[31].validation_seconds,0.329359
per_scenario[1].conditions[31].validation_totals.accepted,8
per_scenario[1].conditions[31].validation_totals.received,8
per_scenario[1].conditions[31].validation_totals.rejected,0
per_scenario[1].conditions[31].validation_warning_count,3
per_scenario[1].conditions[32].paired_delta_vs_control,null
per_scenario[1].conditions[32].parameters.rate,0.5
per_scenario[1].conditions[32].parameters.seed,3
per_scenario[1].conditions[32].perturbation_ground_truth.dangling_references_after_omission.escalations_or_dispositions,0
per_scenario[1].conditions[32].perturbation_ground_truth.dangling_references_after_omission.investigation_steps,1
per_scenario[1].conditions[32].perturbation_ground_truth.eligible_records,11
per_scenario[1].conditions[32].perturbation_ground_truth.removed[0].row_index,0
per_scenario[1].conditions[32].perturbation_ground_truth.removed[1].row_index,0
per_scenario[1].conditions[32].perturbation_ground_truth.removed[2].row_index,1
per_scenario[1].conditions[32].perturbation_ground_truth.removed[3].row_index,2
per_scenario[1].conditions[32].perturbation_ground_truth.removed[4].row_index,0
per_scenario[1].conditions[32].perturbation_ground_truth.removed[5].row_index,1
per_scenario[1].conditions[32].validation_matches_expected,true
per_scenario[1].conditions[32].validation_seconds,0.33049
per_scenario[1].conditions[32].validation_totals.accepted,7
per_scenario[1].conditions[32].validation_totals.received,8
per_scenario[1].conditions[32].validation_totals.rejected,1
per_scenario[1].conditions[32].validation_warning_count,6
per_scenario[1].conditions[33].analysis_seconds,1.560903
per_scenario[1].conditions[33].finding_count,8
per_scenario[1].conditions[33].paired_delta_vs_control.family_set_changed,true
per_scenario[1].conditions[33].paired_delta_vs_control.finding_count_change,6
per_scenario[1].conditions[33].paired_delta_vs_control.risk_fields_changed.total_score.control,14.92
per_scenario[1].conditions[33].paired_delta_vs_control.risk_fields_changed.total_score.perturbed,30.18
per_scenario[1].conditions[33].parameters.rate,0.5
per_scenario[1].conditions[33].parameters.seed,3
per_scenario[1].conditions[33].perturbation_ground_truth.cascaded_investigation_steps_removed,1
per_scenario[1].conditions[33].perturbation_ground_truth.dangling_references_after_omission.escalations_or_dispositions,0
per_scenario[1].conditions[33].perturbation_ground_truth.dangling_references_after_omission.investigation_steps,0
per_scenario[1].conditions[33].perturbation_ground_truth.eligible_records,11
per_scenario[1].conditions[33].perturbation_ground_truth.removed[0].row_index,0
per_scenario[1].conditions[33].perturbation_ground_truth.removed[1].row_index,0
per_scenario[1].conditions[33].perturbation_ground_truth.removed[2].row_index,1
per_scenario[1].conditions[33].perturbation_ground_truth.removed[3].row_index,2
per_scenario[1].conditions[33].perturbation_ground_truth.removed[4].row_index,0
per_scenario[1].conditions[33].perturbation_ground_truth.removed[5].row_index,1
per_scenario[1].conditions[33].recommendation_count,0
per_scenario[1].conditions[33].risk.total_score,30.18
per_scenario[1].conditions[33].traceability.evidence_reference_coverage,1.0
per_scenario[1].conditions[33].traceability.evidence_references,13
per_scenario[1].conditions[33].traceability.findings,8
per_scenario[1].conditions[33].traceability.findings_with_all_evidence_references_resolved,6
per_scenario[1].conditions[33].traceability.resolved_evidence_references,13
per_scenario[1].conditions[33].validation_matches_expected,true
per_scenario[1].conditions[33].validation_seconds,0.308322
per_scenario[1].conditions[33].validation_totals.accepted,7
per_scenario[1].conditions[33].validation_totals.received,7
per_scenario[1].conditions[33].validation_totals.rejected,0
per_scenario[1].conditions[33].validation_warning_count,6
per_scenario[1].conditions[34].analysis_seconds,0.56166
per_scenario[1].conditions[34].finding_count,4
per_scenario[1].conditions[34].paired_delta_vs_control.family_set_changed,true
per_scenario[1].conditions[34].paired_delta_vs_control.finding_count_change,2
per_scenario[1].conditions[34].paired_delta_vs_control.risk_fields_changed.total_score.control,14.92
per_scenario[1].conditions[34].paired_delta_vs_control.risk_fields_changed.total_score.perturbed,17.6
per_scenario[1].conditions[34].parameters.rate,0.5
per_scenario[1].conditions[34].parameters.seed,4
per_scenario[1].conditions[34].perturbation_ground_truth.dangling_references_after_omission.escalations_or_dispositions,0
per_scenario[1].conditions[34].perturbation_ground_truth.dangling_references_after_omission.investigation_steps,0
per_scenario[1].conditions[34].perturbation_ground_truth.eligible_records,11
per_scenario[1].conditions[34].perturbation_ground_truth.removed[0].row_index,0
per_scenario[1].conditions[34].perturbation_ground_truth.removed[1].row_index,0
per_scenario[1].conditions[34].perturbation_ground_truth.removed[2].row_index,2
per_scenario[1].conditions[34].perturbation_ground_truth.removed[3].row_index,0
per_scenario[1].conditions[34].perturbation_ground_truth.removed[4].row_index,0
per_scenario[1].conditions[34].perturbation_ground_truth.removed[5].row_index,1
per_scenario[1].conditions[34].recommendation_count,0
per_scenario[1].conditions[34].risk.total_score,17.6
per_scenario[1].conditions[34].traceability.evidence_reference_coverage,1.0
per_scenario[1].conditions[34].traceability.evidence_references,7
per_scenario[1].conditions[34].traceability.findings,4
per_scenario[1].conditions[34].traceability.findings_with_all_evidence_references_resolved,3
per_scenario[1].conditions[34].traceability.resolved_evidence_references,7
per_scenario[1].conditions[34].validation_matches_expected,true
per_scenario[1].conditions[34].validation_seconds,0.332522
per_scenario[1].conditions[34].validation_totals.accepted,8
per_scenario[1].conditions[34].validation_totals.received,8
per_scenario[1].conditions[34].validation_totals.rejected,0
per_scenario[1].conditions[34].validation_warning_count,3
per_scenario[1].conditions[35].analysis_seconds,0.539094
per_scenario[1].conditions[35].finding_count,4
per_scenario[1].conditions[35].paired_delta_vs_control.family_set_changed,true
per_scenario[1].conditions[35].paired_delta_vs_control.finding_count_change,2
per_scenario[1].conditions[35].paired_delta_vs_control.risk_fields_changed.total_score.control,14.92
per_scenario[1].conditions[35].paired_delta_vs_control.risk_fields_changed.total_score.perturbed,17.6
per_scenario[1].conditions[35].parameters.rate,0.5
per_scenario[1].conditions[35].parameters.seed,4
per_scenario[1].conditions[35].perturbation_ground_truth.cascaded_investigation_steps_removed,0
per_scenario[1].conditions[35].perturbation_ground_truth.dangling_references_after_omission.escalations_or_dispositions,0
per_scenario[1].conditions[35].perturbation_ground_truth.dangling_references_after_omission.investigation_steps,0
per_scenario[1].conditions[35].perturbation_ground_truth.eligible_records,11
per_scenario[1].conditions[35].perturbation_ground_truth.removed[0].row_index,0
per_scenario[1].conditions[35].perturbation_ground_truth.removed[1].row_index,0
per_scenario[1].conditions[35].perturbation_ground_truth.removed[2].row_index,2
per_scenario[1].conditions[35].perturbation_ground_truth.removed[3].row_index,0
per_scenario[1].conditions[35].perturbation_ground_truth.removed[4].row_index,0
per_scenario[1].conditions[35].perturbation_ground_truth.removed[5].row_index,1
per_scenario[1].conditions[35].recommendation_count,0
per_scenario[1].conditions[35].risk.total_score,17.6
per_scenario[1].conditions[35].traceability.evidence_reference_coverage,1.0
per_scenario[1].conditions[35].traceability.evidence_references,7
per_scenario[1].conditions[35].traceability.findings,4
per_scenario[1].conditions[35].traceability.findings_with_all_evidence_references_resolved,3
per_scenario[1].conditions[35].traceability.resolved_evidence_references,7
per_scenario[1].conditions[35].validation_matches_expected,true
per_scenario[1].conditions[35].validation_seconds,0.314554
per_scenario[1].conditions[35].validation_totals.accepted,8
per_scenario[1].conditions[35].validation_totals.received,8
per_scenario[1].conditions[35].validation_totals.rejected,0
per_scenario[1].conditions[35].validation_warning_count,3
per_scenario[1].conditions[36].paired_delta_vs_control,null
per_scenario[1].conditions[36].perturbation_ground_truth.byte_identical,true
per_scenario[1].conditions[36].validation_matches_expected,true
per_scenario[1].conditions[36].validation_seconds,0.38461
per_scenario[1].conditions[36].validation_totals.accepted,0
per_scenario[1].conditions[36].validation_totals.received,15
per_scenario[1].conditions[36].validation_totals.rejected,1
per_scenario[1].conditions[36].validation_warning_count,0
per_scenario[1].conditions[37].paired_delta_vs_control,null
per_scenario[1].conditions[37].validation_matches_expected,true
per_scenario[1].conditions[37].validation_seconds,0.380149
per_scenario[1].conditions[37].validation_totals.accepted,14
per_scenario[1].conditions[37].validation_totals.received,15
per_scenario[1].conditions[37].validation_totals.rejected,1
per_scenario[1].conditions[37].validation_warning_count,0
per_scenario[1].conditions[38].paired_delta_vs_control,null
per_scenario[1].conditions[38].validation_matches_expected,true
per_scenario[1].conditions[38].validation_seconds,0.376585
per_scenario[1].conditions[38].validation_totals.accepted,13
per_scenario[1].conditions[38].validation_totals.received,14
per_scenario[1].conditions[38].validation_totals.rejected,1
per_scenario[1].conditions[38].validation_warning_count,3
per_scenario[1].conditions[39].paired_delta_vs_control,null
per_scenario[1].conditions[39].validation_matches_expected,true
per_scenario[1].conditions[39].validation_seconds,0.390345
per_scenario[1].conditions[39].validation_totals.accepted,13
per_scenario[1].conditions[39].validation_totals.received,14
per_scenario[1].conditions[39].validation_totals.rejected,1
per_scenario[1].conditions[39].validation_warning_count,3
per_scenario[1].conditions[40].paired_delta_vs_control,null
per_scenario[1].conditions[40].validation_matches_expected,true
per_scenario[1].conditions[40].validation_seconds,0.380315
per_scenario[1].conditions[40].validation_totals.accepted,0
per_scenario[1].conditions[40].validation_totals.received,11
per_scenario[1].conditions[40].validation_totals.rejected,0
per_scenario[1].conditions[40].validation_warning_count,0
per_scenario[1].conditions[41].analysis_seconds,0.28046
per_scenario[1].conditions[41].expected_validation,null
per_scenario[1].conditions[41].finding_count,2
per_scenario[1].conditions[41].paired_delta_vs_control.family_set_changed,false
per_scenario[1].conditions[41].paired_delta_vs_control.finding_count_change,0
per_scenario[1].conditions[41].perturbation_ground_truth.shift_seconds,-3456000
per_scenario[1].conditions[41].recommendation_count,0
per_scenario[1].conditions[41].risk.total_score,14.92
per_scenario[1].conditions[41].traceability.evidence_reference_coverage,1.0
per_scenario[1].conditions[41].traceability.evidence_references,4
per_scenario[1].conditions[41].traceability.findings,2
per_scenario[1].conditions[41].traceability.findings_with_all_evidence_references_resolved,2
per_scenario[1].conditions[41].traceability.resolved_evidence_references,4
per_scenario[1].conditions[41].validation_matches_expected,null
per_scenario[1].conditions[41].validation_seconds,0.373174
per_scenario[1].conditions[41].validation_totals.accepted,14
per_scenario[1].conditions[41].validation_totals.received,14
per_scenario[1].conditions[41].validation_totals.rejected,0
per_scenario[1].conditions[41].validation_warning_count,0
per_scenario[1].control_vs_catalog.f1,0.6667
per_scenario[1].control_vs_catalog.fn,0
per_scenario[1].control_vs_catalog.fp,1
per_scenario[1].control_vs_catalog.precision,0.5
per_scenario[1].control_vs_catalog.recall,1.0
per_scenario[1].control_vs_catalog.tp,1
per_scenario[2].conditions[0].analysis_seconds,0.205401
per_scenario[2].conditions[0].finding_count,1
per_scenario[2].conditions[0].recommendation_count,0
per_scenario[2].conditions[0].risk.total_score,6.18
per_scenario[2].conditions[0].traceability.evidence_reference_coverage,1.0
per_scenario[2].conditions[0].traceability.evidence_references,1
per_scenario[2].conditions[0].traceability.findings,1
per_scenario[2].conditions[0].traceability.findings_with_all_evidence_references_resolved,1
per_scenario[2].conditions[0].traceability.resolved_evidence_references,1
per_scenario[2].conditions[0].validation_matches_expected,true
per_scenario[2].conditions[0].validation_seconds,0.402146
per_scenario[2].conditions[0].validation_totals.accepted,17
per_scenario[2].conditions[0].validation_totals.received,17
per_scenario[2].conditions[0].validation_totals.rejected,0
per_scenario[2].conditions[0].validation_warning_count,0
per_scenario[2].conditions[1].paired_delta_vs_control,null
per_scenario[2].conditions[1].perturbation_ground_truth.dangling_references_after_omission.escalations_or_dispositions,0
per_scenario[2].conditions[1].perturbation_ground_truth.dangling_references_after_omission.investigation_steps,3
per_scenario[2].conditions[1].perturbation_ground_truth.omitted_records,2
per_scenario[2].conditions[1].validation_matches_expected,true
per_scenario[2].conditions[1].validation_seconds,0.315061
per_scenario[2].conditions[1].validation_totals.accepted,12
per_scenario[2].conditions[1].validation_totals.received,15
per_scenario[2].conditions[1].validation_totals.rejected,3
per_scenario[2].conditions[1].validation_warning_count,9
per_scenario[2].conditions[2].analysis_seconds,0.408268
per_scenario[2].conditions[2].finding_count,2
per_scenario[2].conditions[2].paired_delta_vs_control.family_set_changed,true
per_scenario[2].conditions[2].paired_delta_vs_control.finding_count_change,1
per_scenario[2].conditions[2].perturbation_ground_truth.dangling_references_after_omission.escalations_or_dispositions,0
per_scenario[2].conditions[2].perturbation_ground_truth.dangling_references_after_omission.investigation_steps,0
per_scenario[2].conditions[2].perturbation_ground_truth.omitted_records,3
per_scenario[2].conditions[2].recommendation_count,0
per_scenario[2].conditions[2].risk.total_score,6.18
per_scenario[2].conditions[2].traceability.evidence_reference_coverage,1.0
per_scenario[2].conditions[2].traceability.evidence_references,2
per_scenario[2].conditions[2].traceability.findings,2
per_scenario[2].conditions[2].traceability.findings_with_all_evidence_references_resolved,1
per_scenario[2].conditions[2].traceability.resolved_evidence_references,2
per_scenario[2].conditions[2].validation_matches_expected,true
per_scenario[2].conditions[2].validation_seconds,0.336834
per_scenario[2].conditions[2].validation_totals.accepted,14
per_scenario[2].conditions[2].validation_totals.received,14
per_scenario[2].conditions[2].validation_totals.rejected,0
per_scenario[2].conditions[2].validation_warning_count,0
per_scenario[2].conditions[3].analysis_seconds,0.367693
per_scenario[2].conditions[3].finding_count,2
per_scenario[2].conditions[3].paired_delta_vs_control.family_set_changed,false
per_scenario[2].conditions[3].paired_delta_vs_control.finding_count_change,1
per_scenario[2].conditions[3].perturbation_ground_truth.dangling_references_after_omission.escalations_or_dispositions,0
per_scenario[2].conditions[3].perturbation_ground_truth.dangling_references_after_omission.investigation_steps,0
per_scenario[2].conditions[3].perturbation_ground_truth.omitted_records,1
per_scenario[2].conditions[3].recommendation_count,0
per_scenario[2].conditions[3].risk.total_score,6.18
per_scenario[2].conditions[3].traceability.evidence_reference_coverage,1.0
per_scenario[2].conditions[3].traceability.evidence_references,1
per_scenario[2].conditions[3].traceability.findings,2
per_scenario[2].conditions[3].traceability.findings_with_all_evidence_references_resolved,1
per_scenario[2].conditions[3].traceability.resolved_evidence_references,1
per_scenario[2].conditions[3].validation_matches_expected,true
per_scenario[2].conditions[3].validation_seconds,0.309546
per_scenario[2].conditions[3].validation_totals.accepted,16
per_scenario[2].conditions[3].validation_totals.received,16
per_scenario[2].conditions[3].validation_totals.rejected,0
per_scenario[2].conditions[3].validation_warning_count,0
per_scenario[2].conditions[4].analysis_seconds,0.361753
per_scenario[2].conditions[4].finding_count,2
per_scenario[2].conditions[4].paired_delta_vs_control.family_set_changed,false
per_scenario[2].conditions[4].paired_delta_vs_control.finding_count_change,1
per_scenario[2].conditions[4].perturbation_ground_truth.dangling_references_after_omission.escalations_or_dispositions,0
per_scenario[2].conditions[4].perturbation_ground_truth.dangling_references_after_omission.investigation_steps,0
per_scenario[2].conditions[4].perturbation_ground_truth.omitted_records,4
per_scenario[2].conditions[4].recommendation_count,0
per_scenario[2].conditions[4].risk.total_score,6.18
per_scenario[2].conditions[4].traceability.evidence_reference_coverage,1.0
per_scenario[2].conditions[4].traceability.evidence_references,1
per_scenario[2].conditions[4].traceability.findings,2
per_scenario[2].conditions[4].traceability.findings_with_all_evidence_references_resolved,1
per_scenario[2].conditions[4].traceability.resolved_evidence_references,1
per_scenario[2].conditions[4].validation_matches_expected,true
per_scenario[2].conditions[4].validation_seconds,0.356127
per_scenario[2].conditions[4].validation_totals.accepted,13
per_scenario[2].conditions[4].validation_totals.received,13
per_scenario[2].conditions[4].validation_totals.rejected,0
per_scenario[2].conditions[4].validation_warning_count,0
per_scenario[2].conditions[5].analysis_seconds,0.387244
per_scenario[2].conditions[5].finding_count,2
per_scenario[2].conditions[5].paired_delta_vs_control.family_set_changed,false
per_scenario[2].conditions[5].paired_delta_vs_control.finding_count_change,1
per_scenario[2].conditions[5].perturbation_ground_truth.dangling_references_after_omission.escalations_or_dispositions,0
per_scenario[2].conditions[5].perturbation_ground_truth.dangling_references_after_omission.investigation_steps,0
per_scenario[2].conditions[5].perturbation_ground_truth.omitted_records,3
per_scenario[2].conditions[5].recommendation_count,0
per_scenario[2].conditions[5].risk.total_score,6.18
per_scenario[2].conditions[5].traceability.evidence_reference_coverage,1.0
per_scenario[2].conditions[5].traceability.evidence_references,1
per_scenario[2].conditions[5].traceability.findings,2
per_scenario[2].conditions[5].traceability.findings_with_all_evidence_references_resolved,1
per_scenario[2].conditions[5].traceability.resolved_evidence_references,1
per_scenario[2].conditions[5].validation_matches_expected,true
per_scenario[2].conditions[5].validation_seconds,0.320318
per_scenario[2].conditions[5].validation_totals.accepted,14
per_scenario[2].conditions[5].validation_totals.received,14
per_scenario[2].conditions[5].validation_totals.rejected,0
per_scenario[2].conditions[5].validation_warning_count,4
per_scenario[2].conditions[6].analysis_seconds,0.310446
per_scenario[2].conditions[6].finding_count,1
per_scenario[2].conditions[6].paired_delta_vs_control.family_set_changed,false
per_scenario[2].conditions[6].paired_delta_vs_control.finding_count_change,0
per_scenario[2].conditions[6].parameters.rate,0.1
per_scenario[2].conditions[6].parameters.seed,0
per_scenario[2].conditions[6].perturbation_ground_truth.dangling_references_after_omission.escalations_or_dispositions,0
per_scenario[2].conditions[6].perturbation_ground_truth.dangling_references_after_omission.investigation_steps,0
per_scenario[2].conditions[6].perturbation_ground_truth.eligible_records,13
per_scenario[2].conditions[6].perturbation_ground_truth.removed[0].row_index,0
per_scenario[2].conditions[6].recommendation_count,0
per_scenario[2].conditions[6].risk.total_score,6.18
per_scenario[2].conditions[6].traceability.evidence_reference_coverage,1.0
per_scenario[2].conditions[6].traceability.evidence_references,1
per_scenario[2].conditions[6].traceability.findings,1
per_scenario[2].conditions[6].traceability.findings_with_all_evidence_references_resolved,1
per_scenario[2].conditions[6].traceability.resolved_evidence_references,1
per_scenario[2].conditions[6].validation_matches_expected,true
per_scenario[2].conditions[6].validation_seconds,0.367952
per_scenario[2].conditions[6].validation_totals.accepted,16
per_scenario[2].conditions[6].validation_totals.received,16
per_scenario[2].conditions[6].validation_totals.rejected,0
per_scenario[2].conditions[6].validation_warning_count,2
per_scenario[2].conditions[7].analysis_seconds,0.391427
per_scenario[2].conditions[7].finding_count,1
per_scenario[2].conditions[7].paired_delta_vs_control.family_set_changed,false
per_scenario[2].conditions[7].paired_delta_vs_control.finding_count_change,0
per_scenario[2].conditions[7].parameters.rate,0.1
per_scenario[2].conditions[7].parameters.seed,0
per_scenario[2].conditions[7].perturbation_ground_truth.cascaded_investigation_steps_removed,0
per_scenario[2].conditions[7].perturbation_ground_truth.dangling_references_after_omission.escalations_or_dispositions,0
per_scenario[2].conditions[7].perturbation_ground_truth.dangling_references_after_omission.investigation_steps,0
per_scenario[2].conditions[7].perturbation_ground_truth.eligible_records,13
per_scenario[2].conditions[7].perturbation_ground_truth.removed[0].row_index,0
per_scenario[2].conditions[7].recommendation_count,0
per_scenario[2].conditions[7].risk.total_score,6.18
per_scenario[2].conditions[7].traceability.evidence_reference_coverage,1.0
per_scenario[2].conditions[7].traceability.evidence_references,1
per_scenario[2].conditions[7].traceability.findings,1
per_scenario[2].conditions[7].traceability.findings_with_all_evidence_references_resolved,1
per_scenario[2].conditions[7].traceability.resolved_evidence_references,1
per_scenario[2].conditions[7].validation_matches_expected,true
per_scenario[2].conditions[7].validation_seconds,0.38338
per_scenario[2].conditions[7].validation_totals.accepted,16
per_scenario[2].conditions[7].validation_totals.received,16
per_scenario[2].conditions[7].validation_totals.rejected,0
per_scenario[2].conditions[7].validation_warning_count,2
per_scenario[2].conditions[8].analysis_seconds,0.437015
per_scenario[2].conditions[8].finding_count,1
per_scenario[2].conditions[8].paired_delta_vs_control.family_set_changed,false
per_scenario[2].conditions[8].paired_delta_vs_control.finding_count_change,0
per_scenario[2].conditions[8].parameters.rate,0.1
per_scenario[2].conditions[8].parameters.seed,1
per_scenario[2].conditions[8].perturbation_ground_truth.dangling_references_after_omission.escalations_or_dispositions,0
per_scenario[2].conditions[8].perturbation_ground_truth.dangling_references_after_omission.investigation_steps,0
per_scenario[2].conditions[8].perturbation_ground_truth.eligible_records,13
per_scenario[2].conditions[8].perturbation_ground_truth.removed[0].row_index,1
per_scenario[2].conditions[8].recommendation_count,0
per_scenario[2].conditions[8].risk.total_score,6.18
per_scenario[2].conditions[8].traceability.evidence_reference_coverage,1.0
per_scenario[2].conditions[8].traceability.evidence_references,1
per_scenario[2].conditions[8].traceability.findings,1
per_scenario[2].conditions[8].traceability.findings_with_all_evidence_references_resolved,1
per_scenario[2].conditions[8].traceability.resolved_evidence_references,1
per_scenario[2].conditions[8].validation_matches_expected,true
per_scenario[2].conditions[8].validation_seconds,0.377588
per_scenario[2].conditions[8].validation_totals.accepted,16
per_scenario[2].conditions[8].validation_totals.received,16
per_scenario[2].conditions[8].validation_totals.rejected,0
per_scenario[2].conditions[8].validation_warning_count,0
per_scenario[2].conditions[9].analysis_seconds,0.425457
per_scenario[2].conditions[9].finding_count,1
per_scenario[2].conditions[9].paired_delta_vs_control.family_set_changed,false
per_scenario[2].conditions[9].paired_delta_vs_control.finding_count_change,0
per_scenario[2].conditions[9].parameters.rate,0.1
per_scenario[2].conditions[9].parameters.seed,1
per_scenario[2].conditions[9].perturbation_ground_truth.cascaded_investigation_steps_removed,0
per_scenario[2].conditions[9].perturbation_ground_truth.dangling_references_after_omission.escalations_or_dispositions,0
per_scenario[2].conditions[9].perturbation_ground_truth.dangling_references_after_omission.investigation_steps,0
per_scenario[2].conditions[9].perturbation_ground_truth.eligible_records,13
per_scenario[2].conditions[9].perturbation_ground_truth.removed[0].row_index,1
per_scenario[2].conditions[9].recommendation_count,0
per_scenario[2].conditions[9].risk.total_score,6.18
per_scenario[2].conditions[9].traceability.evidence_reference_coverage,1.0
per_scenario[2].conditions[9].traceability.evidence_references,1
per_scenario[2].conditions[9].traceability.findings,1
per_scenario[2].conditions[9].traceability.findings_with_all_evidence_references_resolved,1
per_scenario[2].conditions[9].traceability.resolved_evidence_references,1
per_scenario[2].conditions[9].validation_matches_expected,true
per_scenario[2].conditions[9].validation_seconds,0.357629
per_scenario[2].conditions[9].validation_totals.accepted,16
per_scenario[2].conditions[9].validation_totals.received,16
per_scenario[2].conditions[9].validation_totals.rejected,0
per_scenario[2].conditions[9].validation_warning_count,0
per_scenario[2].conditions[10].analysis_seconds,0.341699
per_scenario[2].conditions[10].finding_count,1
per_scenario[2].conditions[10].paired_delta_vs_control.family_set_changed,false
per_scenario[2].conditions[10].paired_delta_vs_control.finding_count_change,0
per_scenario[2].conditions[10].parameters.rate,0.1
per_scenario[2].conditions[10].parameters.seed,2
per_scenario[2].conditions[10].perturbation_ground_truth.dangling_references_after_omission.escalations_or_dispositions,0
per_scenario[2].conditions[10].perturbation_ground_truth.dangling_references_after_omission.investigation_steps,0
per_scenario[2].conditions[10].perturbation_ground_truth.eligible_records,13
per_scenario[2].conditions[10].perturbation_ground_truth.removed[0].row_index,3
per_scenario[2].conditions[10].recommendation_count,0
per_scenario[2].conditions[10].risk.total_score,6.18
per_scenario[2].conditions[10].traceability.evidence_reference_coverage,1.0
per_scenario[2].conditions[10].traceability.evidence_references,1
per_scenario[2].conditions[10].traceability.findings,1
per_scenario[2].conditions[10].traceability.findings_with_all_evidence_references_resolved,1
per_scenario[2].conditions[10].traceability.resolved_evidence_references,1
per_scenario[2].conditions[10].validation_matches_expected,true
per_scenario[2].conditions[10].validation_seconds,0.417128
per_scenario[2].conditions[10].validation_totals.accepted,16
per_scenario[2].conditions[10].validation_totals.received,16
per_scenario[2].conditions[10].validation_totals.rejected,0
per_scenario[2].conditions[10].validation_warning_count,0
per_scenario[2].conditions[11].analysis_seconds,0.323037
per_scenario[2].conditions[11].finding_count,1
per_scenario[2].conditions[11].paired_delta_vs_control.family_set_changed,false
per_scenario[2].conditions[11].paired_delta_vs_control.finding_count_change,0
per_scenario[2].conditions[11].parameters.rate,0.1
per_scenario[2].conditions[11].parameters.seed,2
per_scenario[2].conditions[11].perturbation_ground_truth.cascaded_investigation_steps_removed,0
per_scenario[2].conditions[11].perturbation_ground_truth.dangling_references_after_omission.escalations_or_dispositions,0
per_scenario[2].conditions[11].perturbation_ground_truth.dangling_references_after_omission.investigation_steps,0
per_scenario[2].conditions[11].perturbation_ground_truth.eligible_records,13
per_scenario[2].conditions[11].perturbation_ground_truth.removed[0].row_index,3
per_scenario[2].conditions[11].recommendation_count,0
per_scenario[2].conditions[11].risk.total_score,6.18
per_scenario[2].conditions[11].traceability.evidence_reference_coverage,1.0
per_scenario[2].conditions[11].traceability.evidence_references,1
per_scenario[2].conditions[11].traceability.findings,1
per_scenario[2].conditions[11].traceability.findings_with_all_evidence_references_resolved,1
per_scenario[2].conditions[11].traceability.resolved_evidence_references,1
per_scenario[2].conditions[11].validation_matches_expected,true
per_scenario[2].conditions[11].validation_seconds,0.402364
per_scenario[2].conditions[11].validation_totals.accepted,16
per_scenario[2].conditions[11].validation_totals.received,16
per_scenario[2].conditions[11].validation_totals.rejected,0
per_scenario[2].conditions[11].validation_warning_count,0
per_scenario[2].conditions[12].analysis_seconds,0.532325
per_scenario[2].conditions[12].finding_count,1
per_scenario[2].conditions[12].paired_delta_vs_control.family_set_changed,false
per_scenario[2].conditions[12].paired_delta_vs_control.finding_count_change,0
per_scenario[2].conditions[12].parameters.rate,0.1
per_scenario[2].conditions[12].parameters.seed,3
per_scenario[2].conditions[12].perturbation_ground_truth.dangling_references_after_omission.escalations_or_dispositions,0
per_scenario[2].conditions[12].perturbation_ground_truth.dangling_references_after_omission.investigation_steps,0
per_scenario[2].conditions[12].perturbation_ground_truth.eligible_records,13
per_scenario[2].conditions[12].perturbation_ground_truth.removed[0].row_index,2
per_scenario[2].conditions[12].recommendation_count,0
per_scenario[2].conditions[12].risk.total_score,6.18
per_scenario[2].conditions[12].traceability.evidence_reference_coverage,1.0
per_scenario[2].conditions[12].traceability.evidence_references,1
per_scenario[2].conditions[12].traceability.findings,1
per_scenario[2].conditions[12].traceability.findings_with_all_evidence_references_resolved,1
per_scenario[2].conditions[12].traceability.resolved_evidence_references,1
per_scenario[2].conditions[12].validation_matches_expected,true
per_scenario[2].conditions[12].validation_seconds,0.383847
per_scenario[2].conditions[12].validation_totals.accepted,16
per_scenario[2].conditions[12].validation_totals.received,16
per_scenario[2].conditions[12].validation_totals.rejected,0
per_scenario[2].conditions[12].validation_warning_count,1
per_scenario[2].conditions[13].analysis_seconds,0.559823
per_scenario[2].conditions[13].finding_count,1
per_scenario[2].conditions[13].paired_delta_vs_control.family_set_changed,false
per_scenario[2].conditions[13].paired_delta_vs_control.finding_count_change,0
per_scenario[2].conditions[13].parameters.rate,0.1
per_scenario[2].conditions[13].parameters.seed,3
per_scenario[2].conditions[13].perturbation_ground_truth.cascaded_investigation_steps_removed,0
per_scenario[2].conditions[13].perturbation_ground_truth.dangling_references_after_omission.escalations_or_dispositions,0
per_scenario[2].conditions[13].perturbation_ground_truth.dangling_references_after_omission.investigation_steps,0
per_scenario[2].conditions[13].perturbation_ground_truth.eligible_records,13
per_scenario[2].conditions[13].perturbation_ground_truth.removed[0].row_index,2
per_scenario[2].conditions[13].recommendation_count,0
per_scenario[2].conditions[13].risk.total_score,6.18
per_scenario[2].conditions[13].traceability.evidence_reference_coverage,1.0
per_scenario[2].conditions[13].traceability.evidence_references,1
per_scenario[2].conditions[13].traceability.findings,1
per_scenario[2].conditions[13].traceability.findings_with_all_evidence_references_resolved,1
per_scenario[2].conditions[13].traceability.resolved_evidence_references,1
per_scenario[2].conditions[13].validation_matches_expected,true
per_scenario[2].conditions[13].validation_seconds,0.376486
per_scenario[2].conditions[13].validation_totals.accepted,16
per_scenario[2].conditions[13].validation_totals.received,16
per_scenario[2].conditions[13].validation_totals.rejected,0
per_scenario[2].conditions[13].validation_warning_count,1
per_scenario[2].conditions[14].analysis_seconds,0.206203
per_scenario[2].conditions[14].finding_count,1
per_scenario[2].conditions[14].paired_delta_vs_control.family_set_changed,false
per_scenario[2].conditions[14].paired_delta_vs_control.finding_count_change,0
per_scenario[2].conditions[14].parameters.rate,0.1
per_scenario[2].conditions[14].parameters.seed,4
per_scenario[2].conditions[14].perturbation_ground_truth.dangling_references_after_omission.escalations_or_dispositions,0
per_scenario[2].conditions[14].perturbation_ground_truth.dangling_references_after_omission.investigation_steps,0
per_scenario[2].conditions[14].perturbation_ground_truth.eligible_records,13
per_scenario[2].conditions[14].perturbation_ground_truth.removed[0].row_index,3
per_scenario[2].conditions[14].recommendation_count,0
per_scenario[2].conditions[14].risk.total_score,6.18
per_scenario[2].conditions[14].traceability.evidence_reference_coverage,1.0
per_scenario[2].conditions[14].traceability.evidence_references,1
per_scenario[2].conditions[14].traceability.findings,1
per_scenario[2].conditions[14].traceability.findings_with_all_evidence_references_resolved,1
per_scenario[2].conditions[14].traceability.resolved_evidence_references,1
per_scenario[2].conditions[14].validation_matches_expected,true
per_scenario[2].conditions[14].validation_seconds,0.390117
per_scenario[2].conditions[14].validation_totals.accepted,16
per_scenario[2].conditions[14].validation_totals.received,16
per_scenario[2].conditions[14].validation_totals.rejected,0
per_scenario[2].conditions[14].validation_warning_count,0
per_scenario[2].conditions[15].analysis_seconds,0.342795
per_scenario[2].conditions[15].finding_count,1
per_scenario[2].conditions[15].paired_delta_vs_control.family_set_changed,false
per_scenario[2].conditions[15].paired_delta_vs_control.finding_count_change,0
per_scenario[2].conditions[15].parameters.rate,0.1
per_scenario[2].conditions[15].parameters.seed,4
per_scenario[2].conditions[15].perturbation_ground_truth.cascaded_investigation_steps_removed,0
per_scenario[2].conditions[15].perturbation_ground_truth.dangling_references_after_omission.escalations_or_dispositions,0
per_scenario[2].conditions[15].perturbation_ground_truth.dangling_references_after_omission.investigation_steps,0
per_scenario[2].conditions[15].perturbation_ground_truth.eligible_records,13
per_scenario[2].conditions[15].perturbation_ground_truth.removed[0].row_index,3
per_scenario[2].conditions[15].recommendation_count,0
per_scenario[2].conditions[15].risk.total_score,6.18
per_scenario[2].conditions[15].traceability.evidence_reference_coverage,1.0
per_scenario[2].conditions[15].traceability.evidence_references,1
per_scenario[2].conditions[15].traceability.findings,1
per_scenario[2].conditions[15].traceability.findings_with_all_evidence_references_resolved,1
per_scenario[2].conditions[15].traceability.resolved_evidence_references,1
per_scenario[2].conditions[15].validation_matches_expected,true
per_scenario[2].conditions[15].validation_seconds,0.389372
per_scenario[2].conditions[15].validation_totals.accepted,16
per_scenario[2].conditions[15].validation_totals.received,16
per_scenario[2].conditions[15].validation_totals.rejected,0
per_scenario[2].conditions[15].validation_warning_count,0
per_scenario[2].conditions[16].paired_delta_vs_control,null
per_scenario[2].conditions[16].parameters.rate,0.25
per_scenario[2].conditions[16].parameters.seed,0
per_scenario[2].conditions[16].perturbation_ground_truth.dangling_references_after_omission.escalations_or_dispositions,0
per_scenario[2].conditions[16].perturbation_ground_truth.dangling_references_after_omission.investigation_steps,2
per_scenario[2].conditions[16].perturbation_ground_truth.eligible_records,13
per_scenario[2].conditions[16].perturbation_ground_truth.removed[0].row_index,0
per_scenario[2].conditions[16].perturbation_ground_truth.removed[1].row_index,3
per_scenario[2].conditions[16].perturbation_ground_truth.removed[2].row_index,2
per_scenario[2].conditions[16].validation_matches_expected,true
per_scenario[2].conditions[16].validation_seconds,0.394944
per_scenario[2].conditions[16].validation_totals.accepted,12
per_scenario[2].conditions[16].validation_totals.received,14
per_scenario[2].conditions[16].validation_totals.rejected,2
per_scenario[2].conditions[16].validation_warning_count,5
per_scenario[2].conditions[17].analysis_seconds,0.347374
per_scenario[2].conditions[17].finding_count,1
per_scenario[2].conditions[17].paired_delta_vs_control.family_set_changed,true
per_scenario[2].conditions[17].paired_delta_vs_control.finding_count_change,0
per_scenario[2].conditions[17].paired_delta_vs_control.risk_fields_changed.total_score.control,6.18
per_scenario[2].conditions[17].paired_delta_vs_control.risk_fields_changed.total_score.perturbed,0.0
per_scenario[2].conditions[17].parameters.rate,0.25
per_scenario[2].conditions[17].parameters.seed,0
per_scenario[2].conditions[17].perturbation_ground_truth.cascaded_investigation_steps_removed,2
per_scenario[2].conditions[17].perturbation_ground_truth.dangling_references_after_omission.escalations_or_dispositions,0
per_scenario[2].conditions[17].perturbation_ground_truth.dangling_references_after_omission.investigation_steps,0
per_scenario[2].conditions[17].perturbation_ground_truth.eligible_records,13
per_scenario[2].conditions[17].perturbation_ground_truth.removed[0].row_index,0
per_scenario[2].conditions[17].perturbation_ground_truth.removed[1].row_index,3
per_scenario[2].conditions[17].perturbation_ground_truth.removed[2].row_index,2
per_scenario[2].conditions[17].recommendation_count,0
per_scenario[2].conditions[17].risk.total_score,0.0
per_scenario[2].conditions[17].traceability.evidence_reference_coverage,null
per_scenario[2].conditions[17].traceability.evidence_references,0
per_scenario[2].conditions[17].traceability.findings,1
per_scenario[2].conditions[17].traceability.findings_with_all_evidence_references_resolved,0
per_scenario[2].conditions[17].traceability.resolved_evidence_references,0
per_scenario[2].conditions[17].validation_matches_expected,true
per_scenario[2].conditions[17].validation_seconds,0.352232
per_scenario[2].conditions[17].validation_totals.accepted,12
per_scenario[2].conditions[17].validation_totals.received,12
per_scenario[2].conditions[17].validation_totals.rejected,0
per_scenario[2].conditions[17].validation_warning_count,5
per_scenario[2].conditions[18].analysis_seconds,0.27517
per_scenario[2].conditions[18].finding_count,1
per_scenario[2].conditions[18].paired_delta_vs_control.family_set_changed,false
per_scenario[2].conditions[18].paired_delta_vs_control.finding_count_change,0
per_scenario[2].conditions[18].parameters.rate,0.25
per_scenario[2].conditions[18].parameters.seed,1
per_scenario[2].conditions[18].perturbation_ground_truth.dangling_references_after_omission.escalations_or_dispositions,0
per_scenario[2].conditions[18].perturbation_ground_truth.dangling_references_after_omission.investigation_steps,0
per_scenario[2].conditions[18].perturbation_ground_truth.eligible_records,13
per_scenario[2].conditions[18].perturbation_ground_truth.removed[0].row_index,1
per_scenario[2].conditions[18].perturbation_ground_truth.removed[1].row_index,1
per_scenario[2].conditions[18].perturbation_ground_truth.removed[2].row_index,3
per_scenario[2].conditions[18].recommendation_count,0
per_scenario[2].conditions[18].risk.total_score,6.18
per_scenario[2].conditions[18].traceability.evidence_reference_coverage,1.0
per_scenario[2].conditions[18].traceability.evidence_references,1
per_scenario[2].conditions[18].traceability.findings,1
per_scenario[2].conditions[18].traceability.findings_with_all_evidence_references_resolved,1
per_scenario[2].conditions[18].traceability.resolved_evidence_references,1
per_scenario[2].conditions[18].validation_matches_expected,true
per_scenario[2].conditions[18].validation_seconds,0.403641
per_scenario[2].conditions[18].validation_totals.accepted,14
per_scenario[2].conditions[18].validation_totals.received,14
per_scenario[2].conditions[18].validation_totals.rejected,0
per_scenario[2].conditions[18].validation_warning_count,1
per_scenario[2].conditions[19].analysis_seconds,0.419726
per_scenario[2].conditions[19].finding_count,1
per_scenario[2].conditions[19].paired_delta_vs_control.family_set_changed,false
per_scenario[2].conditions[19].paired_delta_vs_control.finding_count_change,0
per_scenario[2].conditions[19].parameters.rate,0.25
per_scenario[2].conditions[19].parameters.seed,1
per_scenario[2].conditions[19].perturbation_ground_truth.cascaded_investigation_steps_removed,0
per_scenario[2].conditions[19].perturbation_ground_truth.dangling_references_after_omission.escalations_or_dispositions,0
per_scenario[2].conditions[19].perturbation_ground_truth.dangling_references_after_omission.investigation_steps,0
per_scenario[2].conditions[19].perturbation_ground_truth.eligible_records,13
per_scenario[2].conditions[19].perturbation_ground_truth.removed[0].row_index,1
per_scenario[2].conditions[19].perturbation_ground_truth.removed[1].row_index,1
per_scenario[2].conditions[19].perturbation_ground_truth.removed[2].row_index,3
per_scenario[2].conditions[19].recommendation_count,0
per_scenario[2].conditions[19].risk.total_score,6.18
per_scenario[2].conditions[19].traceability.evidence_reference_coverage,1.0
per_scenario[2].conditions[19].traceability.evidence_references,1
per_scenario[2].conditions[19].traceability.findings,1
per_scenario[2].conditions[19].traceability.findings_with_all_evidence_references_resolved,1
per_scenario[2].conditions[19].traceability.resolved_evidence_references,1
per_scenario[2].conditions[19].validation_matches_expected,true
per_scenario[2].conditions[19].validation_seconds,0.375252
per_scenario[2].conditions[19].validation_totals.accepted,14
per_scenario[2].conditions[19].validation_totals.received,14
per_scenario[2].conditions[19].validation_totals.rejected,0
per_scenario[2].conditions[19].validation_warning_count,1
per_scenario[2].conditions[20].paired_delta_vs_control,null
per_scenario[2].conditions[20].parameters.rate,0.25
per_scenario[2].conditions[20].parameters.seed,2
per_scenario[2].conditions[20].perturbation_ground_truth.dangling_references_after_omission.escalations_or_dispositions,0
per_scenario[2].conditions[20].perturbation_ground_truth.dangling_references_after_omission.investigation_steps,2
per_scenario[2].conditions[20].perturbation_ground_truth.eligible_records,13
per_scenario[2].conditions[20].perturbation_ground_truth.removed[0].row_index,1
per_scenario[2].conditions[20].perturbation_ground_truth.removed[1].row_index,0
per_scenario[2].conditions[20].perturbation_ground_truth.removed[2].row_index,1
per_scenario[2].conditions[20].validation_matches_expected,true
per_scenario[2].conditions[20].validation_seconds,0.382711
per_scenario[2].conditions[20].validation_totals.accepted,12
per_scenario[2].conditions[20].validation_totals.received,14
per_scenario[2].conditions[20].validation_totals.rejected,2
per_scenario[2].conditions[20].validation_warning_count,6
per_scenario[2].conditions[21].analysis_seconds,0.354612
per_scenario[2].conditions[21].finding_count,1
per_scenario[2].conditions[21].paired_delta_vs_control.family_set_changed,true
per_scenario[2].conditions[21].paired_delta_vs_control.finding_count_change,0
per_scenario[2].conditions[21].paired_delta_vs_control.risk_fields_changed.total_score.control,6.18
per_scenario[2].conditions[21].paired_delta_vs_control.risk_fields_changed.total_score.perturbed,0.0
per_scenario[2].conditions[21].parameters.rate,0.25
per_scenario[2].conditions[21].parameters.seed,2
per_scenario[2].conditions[21].perturbation_ground_truth.cascaded_investigation_steps_removed,2
per_scenario[2].conditions[21].perturbation_ground_truth.dangling_references_after_omission.escalations_or_dispositions,0
per_scenario[2].conditions[21].perturbation_ground_truth.dangling_references_after_omission.investigation_steps,0
per_scenario[2].conditions[21].perturbation_ground_truth.eligible_records,13
per_scenario[2].conditions[21].perturbation_ground_truth.removed[0].row_index,1
per_scenario[2].conditions[21].perturbation_ground_truth.removed[1].row_index,0
per_scenario[2].conditions[21].perturbation_ground_truth.removed[2].row_index,1
per_scenario[2].conditions[21].recommendation_count,0
per_scenario[2].conditions[21].risk.total_score,0.0
per_scenario[2].conditions[21].traceability.evidence_reference_coverage,null
per_scenario[2].conditions[21].traceability.evidence_references,0
per_scenario[2].conditions[21].traceability.findings,1
per_scenario[2].conditions[21].traceability.findings_with_all_evidence_references_resolved,0
per_scenario[2].conditions[21].traceability.resolved_evidence_references,0
per_scenario[2].conditions[21].validation_matches_expected,true
per_scenario[2].conditions[21].validation_seconds,0.332172
per_scenario[2].conditions[21].validation_totals.accepted,12
per_scenario[2].conditions[21].validation_totals.received,12
per_scenario[2].conditions[21].validation_totals.rejected,0
per_scenario[2].conditions[21].validation_warning_count,6
per_scenario[2].conditions[22].analysis_seconds,0.360876
per_scenario[2].conditions[22].finding_count,1
per_scenario[2].conditions[22].paired_delta_vs_control.family_set_changed,true
per_scenario[2].conditions[22].paired_delta_vs_control.finding_count_change,0
per_scenario[2].conditions[22].paired_delta_vs_control.risk_fields_changed.total_score.control,6.18
per_scenario[2].conditions[22].paired_delta_vs_control.risk_fields_changed.total_score.perturbed,5.0
per_scenario[2].conditions[22].parameters.rate,0.25
per_scenario[2].conditions[22].parameters.seed,3
per_scenario[2].conditions[22].perturbation_ground_truth.dangling_references_after_omission.escalations_or_dispositions,0
per_scenario[2].conditions[22].perturbation_ground_truth.dangling_references_after_omission.investigation_steps,0
per_scenario[2].conditions[22].perturbation_ground_truth.eligible_records,13
per_scenario[2].conditions[22].perturbation_ground_truth.removed[0].row_index,1
per_scenario[2].conditions[22].perturbation_ground_truth.removed[1].row_index,2
per_scenario[2].conditions[22].perturbation_ground_truth.removed[2].row_index,2
per_scenario[2].conditions[22].recommendation_count,0
per_scenario[2].conditions[22].risk.total_score,5.0
per_scenario[2].conditions[22].traceability.evidence_reference_coverage,1.0
per_scenario[2].conditions[22].traceability.evidence_references,1
per_scenario[2].conditions[22].traceability.findings,1
per_scenario[2].conditions[22].traceability.findings_with_all_evidence_references_resolved,1
per_scenario[2].conditions[22].traceability.resolved_evidence_references,1
per_scenario[2].conditions[22].validation_matches_expected,true
per_scenario[2].conditions[22].validation_seconds,0.389568
per_scenario[2].conditions[22].validation_totals.accepted,14
per_scenario[2].conditions[22].validation_totals.received,14
per_scenario[2].conditions[22].validation_totals.rejected,0
per_scenario[2].conditions[22].validation_warning_count,3
per_scenario[2].conditions[23].analysis_seconds,0.291007
per_scenario[2].conditions[23].finding_count,1
per_scenario[2].conditions[23].paired_delta_vs_control.family_set_changed,true
per_scenario[2].conditions[23].paired_delta_vs_control.finding_count_change,0
per_scenario[2].conditions[23].paired_delta_vs_control.risk_fields_changed.total_score.control,6.18
per_scenario[2].conditions[23].paired_delta_vs_control.risk_fields_changed.total_score.perturbed,5.0
per_scenario[2].conditions[23].parameters.rate,0.25
per_scenario[2].conditions[23].parameters.seed,3
per_scenario[2].conditions[23].perturbation_ground_truth.cascaded_investigation_steps_removed,0
per_scenario[2].conditions[23].perturbation_ground_truth.dangling_references_after_omission.escalations_or_dispositions,0
per_scenario[2].conditions[23].perturbation_ground_truth.dangling_references_after_omission.investigation_steps,0
per_scenario[2].conditions[23].perturbation_ground_truth.eligible_records,13
per_scenario[2].conditions[23].perturbation_ground_truth.removed[0].row_index,1
per_scenario[2].conditions[23].perturbation_ground_truth.removed[1].row_index,2
per_scenario[2].conditions[23].perturbation_ground_truth.removed[2].row_index,2
per_scenario[2].conditions[23].recommendation_count,0
per_scenario[2].conditions[23].risk.total_score,5.0
per_scenario[2].conditions[23].traceability.evidence_reference_coverage,1.0
per_scenario[2].conditions[23].traceability.evidence_references,1
per_scenario[2].conditions[23].traceability.findings,1
per_scenario[2].conditions[23].traceability.findings_with_all_evidence_references_resolved,1
per_scenario[2].conditions[23].traceability.resolved_evidence_references,1
per_scenario[2].conditions[23].validation_matches_expected,true
per_scenario[2].conditions[23].validation_seconds,0.387634
per_scenario[2].conditions[23].validation_totals.accepted,14
per_scenario[2].conditions[23].validation_totals.received,14
per_scenario[2].conditions[23].validation_totals.rejected,0
per_scenario[2].conditions[23].validation_warning_count,3
per_scenario[2].conditions[24].analysis_seconds,0.231823
per_scenario[2].conditions[24].finding_count,0
per_scenario[2].conditions[24].paired_delta_vs_control.family_set_changed,true
per_scenario[2].conditions[24].paired_delta_vs_control.finding_count_change,-1
per_scenario[2].conditions[24].paired_delta_vs_control.risk_fields_changed.total_score.control,6.18
per_scenario[2].conditions[24].paired_delta_vs_control.risk_fields_changed.total_score.perturbed,0.0
per_scenario[2].conditions[24].parameters.rate,0.25
per_scenario[2].conditions[24].parameters.seed,4
per_scenario[2].conditions[24].perturbation_ground_truth.dangling_references_after_omission.escalations_or_dispositions,0
per_scenario[2].conditions[24].perturbation_ground_truth.dangling_references_after_omission.investigation_steps,0
per_scenario[2].conditions[24].perturbation_ground_truth.eligible_records,13
per_scenario[2].conditions[24].perturbation_ground_truth.removed[0].row_index,1
per_scenario[2].conditions[24].perturbation_ground_truth.removed[1].row_index,0
per_scenario[2].conditions[24].perturbation_ground_truth.removed[2].row_index,1
per_scenario[2].conditions[24].recommendation_count,0
per_scenario[2].conditions[24].risk.total_score,0.0
per_scenario[2].conditions[24].traceability.evidence_reference_coverage,null
per_scenario[2].conditions[24].traceability.evidence_references,0
per_scenario[2].conditions[24].traceability.findings,0
per_scenario[2].conditions[24].traceability.findings_with_all_evidence_references_resolved,0
per_scenario[2].conditions[24].traceability.resolved_evidence_references,0
per_scenario[2].conditions[24].validation_matches_expected,true
per_scenario[2].conditions[24].validation_seconds,0.385854
per_scenario[2].conditions[24].validation_totals.accepted,14
per_scenario[2].conditions[24].validation_totals.received,14
per_scenario[2].conditions[24].validation_totals.rejected,0
per_scenario[2].conditions[24].validation_warning_count,4
per_scenario[2].conditions[25].analysis_seconds,0.148213
per_scenario[2].conditions[25].finding_count,0
per_scenario[2].conditions[25].paired_delta_vs_control.family_set_changed,true
per_scenario[2].conditions[25].paired_delta_vs_control.finding_count_change,-1
per_scenario[2].conditions[25].paired_delta_vs_control.risk_fields_changed.total_score.control,6.18
per_scenario[2].conditions[25].paired_delta_vs_control.risk_fields_changed.total_score.perturbed,0.0
per_scenario[2].conditions[25].parameters.rate,0.25
per_scenario[2].conditions[25].parameters.seed,4
per_scenario[2].conditions[25].perturbation_ground_truth.cascaded_investigation_steps_removed,0
per_scenario[2].conditions[25].perturbation_ground_truth.dangling_references_after_omission.escalations_or_dispositions,0
per_scenario[2].conditions[25].perturbation_ground_truth.dangling_references_after_omission.investigation_steps,0
per_scenario[2].conditions[25].perturbation_ground_truth.eligible_records,13
per_scenario[2].conditions[25].perturbation_ground_truth.removed[0].row_index,1
per_scenario[2].conditions[25].perturbation_ground_truth.removed[1].row_index,0
per_scenario[2].conditions[25].perturbation_ground_truth.removed[2].row_index,1
per_scenario[2].conditions[25].recommendation_count,0
per_scenario[2].conditions[25].risk.total_score,0.0
per_scenario[2].conditions[25].traceability.evidence_reference_coverage,null
per_scenario[2].conditions[25].traceability.evidence_references,0
per_scenario[2].conditions[25].traceability.findings,0
per_scenario[2].conditions[25].traceability.findings_with_all_evidence_references_resolved,0
per_scenario[2].conditions[25].traceability.resolved_evidence_references,0
per_scenario[2].conditions[25].validation_matches_expected,true
per_scenario[2].conditions[25].validation_seconds,0.353943
per_scenario[2].conditions[25].validation_totals.accepted,14
per_scenario[2].conditions[25].validation_totals.received,14
per_scenario[2].conditions[25].validation_totals.rejected,0
per_scenario[2].conditions[25].validation_warning_count,4
per_scenario[2].conditions[26].analysis_seconds,0.242971
per_scenario[2].conditions[26].finding_count,2
per_scenario[2].conditions[26].paired_delta_vs_control.family_set_changed,false
per_scenario[2].conditions[26].paired_delta_vs_control.finding_count_change,1
per_scenario[2].conditions[26].parameters.rate,0.5
per_scenario[2].conditions[26].parameters.seed,0
per_scenario[2].conditions[26].perturbation_ground_truth.dangling_references_after_omission.escalations_or_dispositions,0
per_scenario[2].conditions[26].perturbation_ground_truth.dangling_references_after_omission.investigation_steps,0
per_scenario[2].conditions[26].perturbation_ground_truth.eligible_records,13
per_scenario[2].conditions[26].perturbation_ground_truth.removed[0].row_index,0
per_scenario[2].conditions[26].perturbation_ground_truth.removed[1].row_index,1
per_scenario[2].conditions[26].perturbation_ground_truth.removed[2].row_index,0
per_scenario[2].conditions[26].perturbation_ground_truth.removed[3].row_index,0
per_scenario[2].conditions[26].perturbation_ground_truth.removed[4].row_index,0
per_scenario[2].conditions[26].perturbation_ground_truth.removed[5].row_index,1
per_scenario[2].conditions[26].recommendation_count,0
per_scenario[2].conditions[26].risk.total_score,6.18
per_scenario[2].conditions[26].traceability.evidence_reference_coverage,1.0
per_scenario[2].conditions[26].traceability.evidence_references,1
per_scenario[2].conditions[26].traceability.findings,2
per_scenario[2].conditions[26].traceability.findings_with_all_evidence_references_resolved,1
per_scenario[2].conditions[26].traceability.resolved_evidence_references,1
per_scenario[2].conditions[26].validation_matches_expected,true
per_scenario[2].conditions[26].validation_seconds,0.361114
per_scenario[2].conditions[26].validation_totals.accepted,11
per_scenario[2].conditions[26].validation_totals.received,11
per_scenario[2].conditions[26].validation_totals.rejected,0
per_scenario[2].conditions[26].validation_warning_count,3
per_scenario[2].conditions[27].analysis_seconds,0.340434
per_scenario[2].conditions[27].finding_count,2
per_scenario[2].conditions[27].paired_delta_vs_control.family_set_changed,false
per_scenario[2].conditions[27].paired_delta_vs_control.finding_count_change,1
per_scenario[2].conditions[27].parameters.rate,0.5
per_scenario[2].conditions[27].parameters.seed,0
per_scenario[2].conditions[27].perturbation_ground_truth.cascaded_investigation_steps_removed,0
per_scenario[2].conditions[27].perturbation_ground_truth.dangling_references_after_omission.escalations_or_dispositions,0
per_scenario[2].conditions[27].perturbation_ground_truth.dangling_references_after_omission.investigation_steps,0
per_scenario[2].conditions[27].perturbation_ground_truth.eligible_records,13
per_scenario[2].conditions[27].perturbation_ground_truth.removed[0].row_index,0
per_scenario[2].conditions[27].perturbation_ground_truth.removed[1].row_index,1
per_scenario[2].conditions[27].perturbation_ground_truth.removed[2].row_index,0
per_scenario[2].conditions[27].perturbation_ground_truth.removed[3].row_index,0
per_scenario[2].conditions[27].perturbation_ground_truth.removed[4].row_index,0
per_scenario[2].conditions[27].perturbation_ground_truth.removed[5].row_index,1
per_scenario[2].conditions[27].recommendation_count,0
per_scenario[2].conditions[27].risk.total_score,6.18
per_scenario[2].conditions[27].traceability.evidence_reference_coverage,1.0
per_scenario[2].conditions[27].traceability.evidence_references,1
per_scenario[2].conditions[27].traceability.findings,2
per_scenario[2].conditions[27].traceability.findings_with_all_evidence_references_resolved,1
per_scenario[2].conditions[27].traceability.resolved_evidence_references,1
per_scenario[2].conditions[27].validation_matches_expected,true
per_scenario[2].conditions[27].validation_seconds,0.353827
per_scenario[2].conditions[27].validation_totals.accepted,11
per_scenario[2].conditions[27].validation_totals.received,11
per_scenario[2].conditions[27].validation_totals.rejected,0
per_scenario[2].conditions[27].validation_warning_count,3
per_scenario[2].conditions[28].analysis_seconds,0.312589
per_scenario[2].conditions[28].finding_count,1
per_scenario[2].conditions[28].paired_delta_vs_control.family_set_changed,true
per_scenario[2].conditions[28].paired_delta_vs_control.finding_count_change,0
per_scenario[2].conditions[28].paired_delta_vs_control.risk_fields_changed.total_score.control,6.18
per_scenario[2].conditions[28].paired_delta_vs_control.risk_fields_changed.total_score.perturbed,5.0
per_scenario[2].conditions[28].parameters.rate,0.5
per_scenario[2].conditions[28].parameters.seed,1
per_scenario[2].conditions[28].perturbation_ground_truth.dangling_references_after_omission.escalations_or_dispositions,0
per_scenario[2].conditions[28].perturbation_ground_truth.dangling_references_after_omission.investigation_steps,0
per_scenario[2].conditions[28].perturbation_ground_truth.eligible_records,13
per_scenario[2].conditions[28].perturbation_ground_truth.removed[0].row_index,1
per_scenario[2].conditions[28].perturbation_ground_truth.removed[1].row_index,1
per_scenario[2].conditions[28].perturbation_ground_truth.removed[2].row_index,2
per_scenario[2].conditions[28].perturbation_ground_truth.removed[3].row_index,3
per_scenario[2].conditions[28].perturbation_ground_truth.removed[4].row_index,0
per_scenario[2].conditions[28].perturbation_ground_truth.removed[5].row_index,2
per_scenario[2].conditions[28].recommendation_count,0
per_scenario[2].conditions[28].risk.total_score,5.0
per_scenario[2].conditions[28].traceability.evidence_reference_coverage,1.0
per_scenario[2].conditions[28].traceability.evidence_references,2
per_scenario[2].conditions[28].traceability.findings,1
per_scenario[2].conditions[28].traceability.findings_with_all_evidence_references_resolved,1
per_scenario[2].conditions[28].traceability.resolved_evidence_references,2
per_scenario[2].conditions[28].validation_matches_expected,true
per_scenario[2].conditions[28].validation_seconds,0.418194
per_scenario[2].conditions[28].validation_totals.accepted,11
per_scenario[2].conditions[28].validation_totals.received,11
per_scenario[2].conditions[28].validation_totals.rejected,0
per_scenario[2].conditions[28].validation_warning_count,3
per_scenario[2].conditions[29].analysis_seconds,0.309909
per_scenario[2].conditions[29].finding_count,1
per_scenario[2].conditions[29].paired_delta_vs_control.family_set_changed,true
per_scenario[2].conditions[29].paired_delta_vs_control.finding_count_change,0
per_scenario[2].conditions[29].paired_delta_vs_control.risk_fields_changed.total_score.control,6.18
per_scenario[2].conditions[29].paired_delta_vs_control.risk_fields_changed.total_score.perturbed,5.0
per_scenario[2].conditions[29].parameters.rate,0.5
per_scenario[2].conditions[29].parameters.seed,1
per_scenario[2].conditions[29].perturbation_ground_truth.cascaded_investigation_steps_removed,0
per_scenario[2].conditions[29].perturbation_ground_truth.dangling_references_after_omission.escalations_or_dispositions,0
per_scenario[2].conditions[29].perturbation_ground_truth.dangling_references_after_omission.investigation_steps,0
per_scenario[2].conditions[29].perturbation_ground_truth.eligible_records,13
per_scenario[2].conditions[29].perturbation_ground_truth.removed[0].row_index,1
per_scenario[2].conditions[29].perturbation_ground_truth.removed[1].row_index,1
per_scenario[2].conditions[29].perturbation_ground_truth.removed[2].row_index,2
per_scenario[2].conditions[29].perturbation_ground_truth.removed[3].row_index,3
per_scenario[2].conditions[29].perturbation_ground_truth.removed[4].row_index,0
per_scenario[2].conditions[29].perturbation_ground_truth.removed[5].row_index,2
per_scenario[2].conditions[29].recommendation_count,0
per_scenario[2].conditions[29].risk.total_score,5.0
per_scenario[2].conditions[29].traceability.evidence_reference_coverage,1.0
per_scenario[2].conditions[29].traceability.evidence_references,2
per_scenario[2].conditions[29].traceability.findings,1
per_scenario[2].conditions[29].traceability.findings_with_all_evidence_references_resolved,1
per_scenario[2].conditions[29].traceability.resolved_evidence_references,2
per_scenario[2].conditions[29].validation_matches_expected,true
per_scenario[2].conditions[29].validation_seconds,0.36975
per_scenario[2].conditions[29].validation_totals.accepted,11
per_scenario[2].conditions[29].validation_totals.received,11
per_scenario[2].conditions[29].validation_totals.rejected,0
per_scenario[2].conditions[29].validation_warning_count,3
per_scenario[2].conditions[30].analysis_seconds,0.292629
per_scenario[2].conditions[30].finding_count,2
per_scenario[2].conditions[30].paired_delta_vs_control.family_set_changed,false
per_scenario[2].conditions[30].paired_delta_vs_control.finding_count_change,1
per_scenario[2].conditions[30].parameters.rate,0.5
per_scenario[2].conditions[30].parameters.seed,2
per_scenario[2].conditions[30].perturbation_ground_truth.dangling_references_after_omission.escalations_or_dispositions,0
per_scenario[2].conditions[30].perturbation_ground_truth.dangling_references_after_omission.investigation_steps,0
per_scenario[2].conditions[30].perturbation_ground_truth.eligible_records,13
per_scenario[2].conditions[30].perturbation_ground_truth.removed[0].row_index,2
per_scenario[2].conditions[30].perturbation_ground_truth.removed[1].row_index,1
per_scenario[2].conditions[30].perturbation_ground_truth.removed[2].row_index,3
per_scenario[2].conditions[30].perturbation_ground_truth.removed[3].row_index,0
per_scenario[2].conditions[30].perturbation_ground_truth.removed[4].row_index,0
per_scenario[2].conditions[30].perturbation_ground_truth.removed[5].row_index,2
per_scenario[2].conditions[30].recommendation_count,0
per_scenario[2].conditions[30].risk.total_score,6.18
per_scenario[2].conditions[30].traceability.evidence_reference_coverage,1.0
per_scenario[2].conditions[30].traceability.evidence_references,1
per_scenario[2].conditions[30].traceability.findings,2
per_scenario[2].conditions[30].traceability.findings_with_all_evidence_references_resolved,1
per_scenario[2].conditions[30].traceability.resolved_evidence_references,1
per_scenario[2].conditions[30].validation_matches_expected,true
per_scenario[2].conditions[30].validation_seconds,0.324743
per_scenario[2].conditions[30].validation_totals.accepted,11
per_scenario[2].conditions[30].validation_totals.received,11
per_scenario[2].conditions[30].validation_totals.rejected,0
per_scenario[2].conditions[30].validation_warning_count,1
per_scenario[2].conditions[31].analysis_seconds,0.419179
per_scenario[2].conditions[31].finding_count,2
per_scenario[2].conditions[31].paired_delta_vs_control.family_set_changed,false
per_scenario[2].conditions[31].paired_delta_vs_control.finding_count_change,1
per_scenario[2].conditions[31].parameters.rate,0.5
per_scenario[2].conditions[31].parameters.seed,2
per_scenario[2].conditions[31].perturbation_ground_truth.cascaded_investigation_steps_removed,0
per_scenario[2].conditions[31].perturbation_ground_truth.dangling_references_after_omission.escalations_or_dispositions,0
per_scenario[2].conditions[31].perturbation_ground_truth.dangling_references_after_omission.investigation_steps,0
per_scenario[2].conditions[31].perturbation_ground_truth.eligible_records,13
per_scenario[2].conditions[31].perturbation_ground_truth.removed[0].row_index,2
per_scenario[2].conditions[31].perturbation_ground_truth.removed[1].row_index,1
per_scenario[2].conditions[31].perturbation_ground_truth.removed[2].row_index,3
per_scenario[2].conditions[31].perturbation_ground_truth.removed[3].row_index,0
per_scenario[2].conditions[31].perturbation_ground_truth.removed[4].row_index,0
per_scenario[2].conditions[31].perturbation_ground_truth.removed[5].row_index,2
per_scenario[2].conditions[31].recommendation_count,0
per_scenario[2].conditions[31].risk.total_score,6.18
per_scenario[2].conditions[31].traceability.evidence_reference_coverage,1.0
per_scenario[2].conditions[31].traceability.evidence_references,1
per_scenario[2].conditions[31].traceability.findings,2
per_scenario[2].conditions[31].traceability.findings_with_all_evidence_references_resolved,1
per_scenario[2].conditions[31].traceability.resolved_evidence_references,1
per_scenario[2].conditions[31].validation_matches_expected,true
per_scenario[2].conditions[31].validation_seconds,0.318078
per_scenario[2].conditions[31].validation_totals.accepted,11
per_scenario[2].conditions[31].validation_totals.received,11
per_scenario[2].conditions[31].validation_totals.rejected,0
per_scenario[2].conditions[31].validation_warning_count,1
per_scenario[2].conditions[32].paired_delta_vs_control,null
per_scenario[2].conditions[32].parameters.rate,0.5
per_scenario[2].conditions[32].parameters.seed,3
per_scenario[2].conditions[32].perturbation_ground_truth.dangling_references_after_omission.escalations_or_dispositions,0
per_scenario[2].conditions[32].perturbation_ground_truth.dangling_references_after_omission.investigation_steps,1
per_scenario[2].conditions[32].perturbation_ground_truth.eligible_records,13
per_scenario[2].conditions[32].perturbation_ground_truth.removed[0].row_index,0
per_scenario[2].conditions[32].perturbation_ground_truth.removed[1].row_index,0
per_scenario[2].conditions[32].perturbation_ground_truth.removed[2].row_index,1
per_scenario[2].conditions[32].perturbation_ground_truth.removed[3].row_index,0
per_scenario[2].conditions[32].perturbation_ground_truth.removed[4].row_index,0
per_scenario[2].conditions[32].perturbation_ground_truth.removed[5].row_index,1
per_scenario[2].conditions[32].validation_matches_expected,true
per_scenario[2].conditions[32].validation_seconds,0.35109
per_scenario[2].conditions[32].validation_totals.accepted,10
per_scenario[2].conditions[32].validation_totals.received,11
per_scenario[2].conditions[32].validation_totals.rejected,1
per_scenario[2].conditions[32].validation_warning_count,2
per_scenario[2].conditions[33].analysis_seconds,0.456722
per_scenario[2].conditions[33].finding_count,4
per_scenario[2].conditions[33].paired_delta_vs_control.family_set_changed,true
per_scenario[2].conditions[33].paired_delta_vs_control.finding_count_change,3
per_scenario[2].conditions[33].paired_delta_vs_control.risk_fields_changed.total_score.control,6.18
per_scenario[2].conditions[33].paired_delta_vs_control.risk_fields_changed.total_score.perturbed,10.62
per_scenario[2].conditions[33].parameters.rate,0.5
per_scenario[2].conditions[33].parameters.seed,3
per_scenario[2].conditions[33].perturbation_ground_truth.cascaded_investigation_steps_removed,1
per_scenario[2].conditions[33].perturbation_ground_truth.dangling_references_after_omission.escalations_or_dispositions,0
per_scenario[2].conditions[33].perturbation_ground_truth.dangling_references_after_omission.investigation_steps,0
per_scenario[2].conditions[33].perturbation_ground_truth.eligible_records,13
per_scenario[2].conditions[33].perturbation_ground_truth.removed[0].row_index,0
per_scenario[2].conditions[33].perturbation_ground_truth.removed[1].row_index,0
per_scenario[2].conditions[33].perturbation_ground_truth.removed[2].row_index,1
per_scenario[2].conditions[33].perturbation_ground_truth.removed[3].row_index,0
per_scenario[2].conditions[33].perturbation_ground_truth.removed[4].row_index,0
per_scenario[2].conditions[33].perturbation_ground_truth.removed[5].row_index,1
per_scenario[2].conditions[33].recommendation_count,0
per_scenario[2].conditions[33].risk.total_score,10.62
per_scenario[2].conditions[33].traceability.evidence_reference_coverage,1.0
per_scenario[2].conditions[33].traceability.evidence_references,7
per_scenario[2].conditions[33].traceability.findings,4
per_scenario[2].conditions[33].traceability.findings_with_all_evidence_references_resolved,2
per_scenario[2].conditions[33].traceability.resolved_evidence_references,7
per_scenario[2].conditions[33].validation_matches_expected,true
per_scenario[2].conditions[33].validation_seconds,0.26905
per_scenario[2].conditions[33].validation_totals.accepted,10
per_scenario[2].conditions[33].validation_totals.received,10
per_scenario[2].conditions[33].validation_totals.rejected,0
per_scenario[2].conditions[33].validation_warning_count,2
per_scenario[2].conditions[34].paired_delta_vs_control,null
per_scenario[2].conditions[34].parameters.rate,0.5
per_scenario[2].conditions[34].parameters.seed,4
per_scenario[2].conditions[34].perturbation_ground_truth.dangling_references_after_omission.escalations_or_dispositions,0
per_scenario[2].conditions[34].perturbation_ground_truth.dangling_references_after_omission.investigation_steps,2
per_scenario[2].conditions[34].perturbation_ground_truth.eligible_records,13
per_scenario[2].conditions[34].perturbation_ground_truth.removed[0].row_index,2
per_scenario[2].conditions[34].perturbation_ground_truth.removed[1].row_index,0
per_scenario[2].conditions[34].perturbation_ground_truth.removed[2].row_index,1
per_scenario[2].conditions[34].perturbation_ground_truth.removed[3].row_index,2
per_scenario[2].conditions[34].perturbation_ground_truth.removed[4].row_index,0
per_scenario[2].conditions[34].perturbation_ground_truth.removed[5].row_index,2
per_scenario[2].conditions[34].validation_matches_expected,true
per_scenario[2].conditions[34].validation_seconds,0.27711
per_scenario[2].conditions[34].validation_totals.accepted,9
per_scenario[2].conditions[34].validation_totals.received,11
per_scenario[2].conditions[34].validation_totals.rejected,2
per_scenario[2].conditions[34].validation_warning_count,8
per_scenario[2].conditions[35].analysis_seconds,0.555988
per_scenario[2].conditions[35].finding_count,5
per_scenario[2].conditions[35].paired_delta_vs_control.family_set_changed,true
per_scenario[2].conditions[35].paired_delta_vs_control.finding_count_change,4
per_scenario[2].conditions[35].paired_delta_vs_control.risk_fields_changed.total_score.control,6.18
per_scenario[2].conditions[35].paired_delta_vs_control.risk_fields_changed.total_score.perturbed,10.0
per_scenario[2].conditions[35].parameters.rate,0.5
per_scenario[2].conditions[35].parameters.seed,4
per_scenario[2].conditions[35].perturbation_ground_truth.cascaded_investigation_steps_removed,2
per_scenario[2].conditions[35].perturbation_ground_truth.dangling_references_after_omission.escalations_or_dispositions,0
per_scenario[2].conditions[35].perturbation_ground_truth.dangling_references_after_omission.investigation_steps,0
per_scenario[2].conditions[35].perturbation_ground_truth.eligible_records,13
per_scenario[2].conditions[35].perturbation_ground_truth.removed[0].row_index,2
per_scenario[2].conditions[35].perturbation_ground_truth.removed[1].row_index,0
per_scenario[2].conditions[35].perturbation_ground_truth.removed[2].row_index,1
per_scenario[2].conditions[35].perturbation_ground_truth.removed[3].row_index,2
per_scenario[2].conditions[35].perturbation_ground_truth.removed[4].row_index,0
per_scenario[2].conditions[35].perturbation_ground_truth.removed[5].row_index,2
per_scenario[2].conditions[35].recommendation_count,0
per_scenario[2].conditions[35].risk.total_score,10.0
per_scenario[2].conditions[35].traceability.evidence_reference_coverage,1.0
per_scenario[2].conditions[35].traceability.evidence_references,5
per_scenario[2].conditions[35].traceability.findings,5
per_scenario[2].conditions[35].traceability.findings_with_all_evidence_references_resolved,2
per_scenario[2].conditions[35].traceability.resolved_evidence_references,5
per_scenario[2].conditions[35].validation_matches_expected,true
per_scenario[2].conditions[35].validation_seconds,0.228303
per_scenario[2].conditions[35].validation_totals.accepted,9
per_scenario[2].conditions[35].validation_totals.received,9
per_scenario[2].conditions[35].validation_totals.rejected,0
per_scenario[2].conditions[35].validation_warning_count,8
per_scenario[2].conditions[36].paired_delta_vs_control,null
per_scenario[2].conditions[36].perturbation_ground_truth.byte_identical,true
per_scenario[2].conditions[36].validation_matches_expected,true
per_scenario[2].conditions[36].validation_seconds,0.385056
per_scenario[2].conditions[36].validation_totals.accepted,0
per_scenario[2].conditions[36].validation_totals.received,18
per_scenario[2].conditions[36].validation_totals.rejected,1
per_scenario[2].conditions[36].validation_warning_count,0
per_scenario[2].conditions[37].paired_delta_vs_control,null
per_scenario[2].conditions[37].validation_matches_expected,true
per_scenario[2].conditions[37].validation_seconds,0.422726
per_scenario[2].conditions[37].validation_totals.accepted,17
per_scenario[2].conditions[37].validation_totals.received,18
per_scenario[2].conditions[37].validation_totals.rejected,1
per_scenario[2].conditions[37].validation_warning_count,0
per_scenario[2].conditions[38].paired_delta_vs_control,null
per_scenario[2].conditions[38].validation_matches_expected,true
per_scenario[2].conditions[38].validation_seconds,0.401689
per_scenario[2].conditions[38].validation_totals.accepted,16
per_scenario[2].conditions[38].validation_totals.received,17
per_scenario[2].conditions[38].validation_totals.rejected,1
per_scenario[2].conditions[38].validation_warning_count,3
per_scenario[2].conditions[39].paired_delta_vs_control,null
per_scenario[2].conditions[39].validation_matches_expected,true
per_scenario[2].conditions[39].validation_seconds,0.400752
per_scenario[2].conditions[39].validation_totals.accepted,16
per_scenario[2].conditions[39].validation_totals.received,17
per_scenario[2].conditions[39].validation_totals.rejected,1
per_scenario[2].conditions[39].validation_warning_count,3
per_scenario[2].conditions[40].paired_delta_vs_control,null
per_scenario[2].conditions[40].validation_matches_expected,true
per_scenario[2].conditions[40].validation_seconds,0.352989
per_scenario[2].conditions[40].validation_totals.accepted,0
per_scenario[2].conditions[40].validation_totals.received,13
per_scenario[2].conditions[40].validation_totals.rejected,0
per_scenario[2].conditions[40].validation_warning_count,0
per_scenario[2].conditions[41].analysis_seconds,0.477172
per_scenario[2].conditions[41].expected_validation,null
per_scenario[2].conditions[41].finding_count,1
per_scenario[2].conditions[41].paired_delta_vs_control.family_set_changed,false
per_scenario[2].conditions[41].paired_delta_vs_control.finding_count_change,0
per_scenario[2].conditions[41].perturbation_ground_truth.shift_seconds,-3456000
per_scenario[2].conditions[41].recommendation_count,0
per_scenario[2].conditions[41].risk.total_score,6.18
per_scenario[2].conditions[41].traceability.evidence_reference_coverage,1.0
per_scenario[2].conditions[41].traceability.evidence_references,1
per_scenario[2].conditions[41].traceability.findings,1
per_scenario[2].conditions[41].traceability.findings_with_all_evidence_references_resolved,1
per_scenario[2].conditions[41].traceability.resolved_evidence_references,1
per_scenario[2].conditions[41].validation_matches_expected,null
per_scenario[2].conditions[41].validation_seconds,0.341452
per_scenario[2].conditions[41].validation_totals.accepted,17
per_scenario[2].conditions[41].validation_totals.received,17
per_scenario[2].conditions[41].validation_totals.rejected,0
per_scenario[2].conditions[41].validation_warning_count,0
per_scenario[2].control_vs_catalog.f1,1.0
per_scenario[2].control_vs_catalog.fn,0
per_scenario[2].control_vs_catalog.fp,0
per_scenario[2].control_vs_catalog.precision,1.0
per_scenario[2].control_vs_catalog.recall,1.0
per_scenario[2].control_vs_catalog.tp,1
per_scenario[3].conditions[0].analysis_seconds,0.803113
per_scenario[3].conditions[0].finding_count,4
per_scenario[3].conditions[0].recommendation_count,0
per_scenario[3].conditions[0].risk.total_score,27.21
per_scenario[3].conditions[0].traceability.evidence_reference_coverage,1.0
per_scenario[3].conditions[0].traceability.evidence_references,7
per_scenario[3].conditions[0].traceability.findings,4
per_scenario[3].conditions[0].traceability.findings_with_all_evidence_references_resolved,3
per_scenario[3].conditions[0].traceability.resolved_evidence_references,7
per_scenario[3].conditions[0].validation_matches_expected,true
per_scenario[3].conditions[0].validation_seconds,0.375357
per_scenario[3].conditions[0].validation_totals.accepted,16
per_scenario[3].conditions[0].validation_totals.received,16
per_scenario[3].conditions[0].validation_totals.rejected,0
per_scenario[3].conditions[0].validation_warning_count,0
per_scenario[3].conditions[1].paired_delta_vs_control,null
per_scenario[3].conditions[1].perturbation_ground_truth.dangling_references_after_omission.escalations_or_dispositions,0
per_scenario[3].conditions[1].perturbation_ground_truth.dangling_references_after_omission.investigation_steps,3
per_scenario[3].conditions[1].perturbation_ground_truth.omitted_records,1
per_scenario[3].conditions[1].validation_matches_expected,true
per_scenario[3].conditions[1].validation_seconds,0.335353
per_scenario[3].conditions[1].validation_totals.accepted,12
per_scenario[3].conditions[1].validation_totals.received,15
per_scenario[3].conditions[1].validation_totals.rejected,3
per_scenario[3].conditions[1].validation_warning_count,9
per_scenario[3].conditions[2].analysis_seconds,0.779569
per_scenario[3].conditions[2].finding_count,6
per_scenario[3].conditions[2].paired_delta_vs_control.family_set_changed,true
per_scenario[3].conditions[2].paired_delta_vs_control.finding_count_change,2
per_scenario[3].conditions[2].paired_delta_vs_control.risk_fields_changed.total_score.control,27.21
per_scenario[3].conditions[2].paired_delta_vs_control.risk_fields_changed.total_score.perturbed,29.89
per_scenario[3].conditions[2].perturbation_ground_truth.dangling_references_after_omission.escalations_or_dispositions,0
per_scenario[3].conditions[2].perturbation_ground_truth.dangling_references_after_omission.investigation_steps,0
per_scenario[3].conditions[2].perturbation_ground_truth.omitted_records,3
per_scenario[3].conditions[2].recommendation_count,0
per_scenario[3].conditions[2].risk.total_score,29.89
per_scenario[3].conditions[2].traceability.evidence_reference_coverage,1.0
per_scenario[3].conditions[2].traceability.evidence_references,10
per_scenario[3].conditions[2].traceability.findings,6
per_scenario[3].conditions[2].traceability.findings_with_all_evidence_references_resolved,4
per_scenario[3].conditions[2].traceability.resolved_evidence_references,10
per_scenario[3].conditions[2].validation_matches_expected,true
per_scenario[3].conditions[2].validation_seconds,0.33749
per_scenario[3].conditions[2].validation_totals.accepted,13
per_scenario[3].conditions[2].validation_totals.received,13
per_scenario[3].conditions[2].validation_totals.rejected,0
per_scenario[3].conditions[2].validation_warning_count,0
per_scenario[3].conditions[3].analysis_seconds,0.906753
per_scenario[3].conditions[3].finding_count,7
per_scenario[3].conditions[3].paired_delta_vs_control.family_set_changed,true
per_scenario[3].conditions[3].paired_delta_vs_control.finding_count_change,3
per_scenario[3].conditions[3].paired_delta_vs_control.risk_fields_changed.total_score.control,27.21
per_scenario[3].conditions[3].paired_delta_vs_control.risk_fields_changed.total_score.perturbed,29.67
per_scenario[3].conditions[3].perturbation_ground_truth.dangling_references_after_omission.escalations_or_dispositions,0
per_scenario[3].conditions[3].perturbation_ground_truth.dangling_references_after_omission.investigation_steps,0
per_scenario[3].conditions[3].perturbation_ground_truth.omitted_records,3
per_scenario[3].conditions[3].recommendation_count,0
per_scenario[3].conditions[3].risk.total_score,29.67
per_scenario[3].conditions[3].traceability.evidence_reference_coverage,1.0
per_scenario[3].conditions[3].traceability.evidence_references,13
per_scenario[3].conditions[3].traceability.findings,7
per_scenario[3].conditions[3].traceability.findings_with_all_evidence_references_resolved,5
per_scenario[3].conditions[3].traceability.resolved_evidence_references,13
per_scenario[3].conditions[3].validation_matches_expected,true
per_scenario[3].conditions[3].validation_seconds,0.330529
per_scenario[3].conditions[3].validation_totals.accepted,13
per_scenario[3].conditions[3].validation_totals.received,13
per_scenario[3].conditions[3].validation_totals.rejected,0
per_scenario[3].conditions[3].validation_warning_count,0
per_scenario[3].conditions[4].analysis_seconds,0.906136
per_scenario[3].conditions[4].finding_count,5
per_scenario[3].conditions[4].paired_delta_vs_control.family_set_changed,false
per_scenario[3].conditions[4].paired_delta_vs_control.finding_count_change,1
per_scenario[3].conditions[4].perturbation_ground_truth.dangling_references_after_omission.escalations_or_dispositions,0
per_scenario[3].conditions[4].perturbation_ground_truth.dangling_references_after_omission.investigation_steps,0
per_scenario[3].conditions[4].perturbation_ground_truth.omitted_records,3
per_scenario[3].conditions[4].recommendation_count,0
per_scenario[3].conditions[4].risk.total_score,27.21
per_scenario[3].conditions[4].traceability.evidence_reference_coverage,1.0
per_scenario[3].conditions[4].traceability.evidence_references,7
per_scenario[3].conditions[4].traceability.findings,5
per_scenario[3].conditions[4].traceability.findings_with_all_evidence_references_resolved,3
per_scenario[3].conditions[4].traceability.resolved_evidence_references,7
per_scenario[3].conditions[4].validation_matches_expected,true
per_scenario[3].conditions[4].validation_seconds,0.337638
per_scenario[3].conditions[4].validation_totals.accepted,13
per_scenario[3].conditions[4].validation_totals.received,13
per_scenario[3].conditions[4].validation_totals.rejected,0
per_scenario[3].conditions[4].validation_warning_count,0
per_scenario[3].conditions[5].analysis_seconds,0.282124
per_scenario[3].conditions[5].finding_count,3
per_scenario[3].conditions[5].paired_delta_vs_control.family_set_changed,true
per_scenario[3].conditions[5].paired_delta_vs_control.finding_count_change,-1
per_scenario[3].conditions[5].paired_delta_vs_control.risk_fields_changed.total_score.control,27.21
per_scenario[3].conditions[5].paired_delta_vs_control.risk_fields_changed.total_score.perturbed,14.92
per_scenario[3].conditions[5].perturbation_ground_truth.dangling_references_after_omission.escalations_or_dispositions,0
per_scenario[3].conditions[5].perturbation_ground_truth.dangling_references_after_omission.investigation_steps,0
per_scenario[3].conditions[5].perturbation_ground_truth.omitted_records,3
per_scenario[3].conditions[5].recommendation_count,0
per_scenario[3].conditions[5].risk.total_score,14.92
per_scenario[3].conditions[5].traceability.evidence_reference_coverage,1.0
per_scenario[3].conditions[5].traceability.evidence_references,4
per_scenario[3].conditions[5].traceability.findings,3
per_scenario[3].conditions[5].traceability.findings_with_all_evidence_references_resolved,2
per_scenario[3].conditions[5].traceability.resolved_evidence_references,4
per_scenario[3].conditions[5].validation_matches_expected,true
per_scenario[3].conditions[5].validation_seconds,0.343252
per_scenario[3].conditions[5].validation_totals.accepted,13
per_scenario[3].conditions[5].validation_totals.received,13
per_scenario[3].conditions[5].validation_totals.rejected,0
per_scenario[3].conditions[5].validation_warning_count,3
per_scenario[3].conditions[6].analysis_seconds,0.627233
per_scenario[3].conditions[6].finding_count,4
per_scenario[3].conditions[6].paired_delta_vs_control.family_set_changed,false
per_scenario[3].conditions[6].paired_delta_vs_control.finding_count_change,0
per_scenario[3].conditions[6].parameters.rate,0.1
per_scenario[3].conditions[6].parameters.seed,0
per_scenario[3].conditions[6].perturbation_ground_truth.dangling_references_after_omission.escalations_or_dispositions,0
per_scenario[3].conditions[6].perturbation_ground_truth.dangling_references_after_omission.investigation_steps,0
per_scenario[3].conditions[6].perturbation_ground_truth.eligible_records,13
per_scenario[3].conditions[6].perturbation_ground_truth.removed[0].row_index,2
per_scenario[3].conditions[6].recommendation_count,0
per_scenario[3].conditions[6].risk.total_score,27.21
per_scenario[3].conditions[6].traceability.evidence_reference_coverage,1.0
per_scenario[3].conditions[6].traceability.evidence_references,7
per_scenario[3].conditions[6].traceability.findings,4
per_scenario[3].conditions[6].traceability.findings_with_all_evidence_references_resolved,3
per_scenario[3].conditions[6].traceability.resolved_evidence_references,7
per_scenario[3].conditions[6].validation_matches_expected,true
per_scenario[3].conditions[6].validation_seconds,0.345962
per_scenario[3].conditions[6].validation_totals.accepted,15
per_scenario[3].conditions[6].validation_totals.received,15
per_scenario[3].conditions[6].validation_totals.rejected,0
per_scenario[3].conditions[6].validation_warning_count,0
per_scenario[3].conditions[7].analysis_seconds,0.709579
per_scenario[3].conditions[7].finding_count,4
per_scenario[3].conditions[7].paired_delta_vs_control.family_set_changed,false
per_scenario[3].conditions[7].paired_delta_vs_control.finding_count_change,0
per_scenario[3].conditions[7].parameters.rate,0.1
per_scenario[3].conditions[7].parameters.seed,0
per_scenario[3].conditions[7].perturbation_ground_truth.cascaded_investigation_steps_removed,0
per_scenario[3].conditions[7].perturbation_ground_truth.dangling_references_after_omission.escalations_or_dispositions,0
per_scenario[3].conditions[7].perturbation_ground_truth.dangling_references_after_omission.investigation_steps,0
per_scenario[3].conditions[7].perturbation_ground_truth.eligible_records,13
per_scenario[3].conditions[7].perturbation_ground_truth.removed[0].row_index,2
per_scenario[3].conditions[7].recommendation_count,0
per_scenario[3].conditions[7].risk.total_score,27.21
per_scenario[3].conditions[7].traceability.evidence_reference_coverage,1.0
per_scenario[3].conditions[7].traceability.evidence_references,7
per_scenario[3].conditions[7].traceability.findings,4
per_scenario[3].conditions[7].traceability.findings_with_all_evidence_references_resolved,3
per_scenario[3].conditions[7].traceability.resolved_evidence_references,7
per_scenario[3].conditions[7].validation_matches_expected,true
per_scenario[3].conditions[7].validation_seconds,0.369753
per_scenario[3].conditions[7].validation_totals.accepted,15
per_scenario[3].conditions[7].validation_totals.received,15
per_scenario[3].conditions[7].validation_totals.rejected,0
per_scenario[3].conditions[7].validation_warning_count,0
per_scenario[3].conditions[8].paired_delta_vs_control,null
per_scenario[3].conditions[8].parameters.rate,0.1
per_scenario[3].conditions[8].parameters.seed,1
per_scenario[3].conditions[8].perturbation_ground_truth.dangling_references_after_omission.escalations_or_dispositions,0
per_scenario[3].conditions[8].perturbation_ground_truth.dangling_references_after_omission.investigation_steps,3
per_scenario[3].conditions[8].perturbation_ground_truth.eligible_records,13
per_scenario[3].conditions[8].perturbation_ground_truth.removed[0].row_index,0
per_scenario[3].conditions[8].validation_matches_expected,true
per_scenario[3].conditions[8].validation_seconds,0.327594
per_scenario[3].conditions[8].validation_totals.accepted,12
per_scenario[3].conditions[8].validation_totals.received,15
per_scenario[3].conditions[8].validation_totals.rejected,3
per_scenario[3].conditions[8].validation_warning_count,9
per_scenario[3].conditions[9].analysis_seconds,1.050964
per_scenario[3].conditions[9].finding_count,7
per_scenario[3].conditions[9].paired_delta_vs_control.family_set_changed,true
per_scenario[3].conditions[9].paired_delta_vs_control.finding_count_change,3
per_scenario[3].conditions[9].paired_delta_vs_control.risk_fields_changed.total_score.control,27.21
per_scenario[3].conditions[9].paired_delta_vs_control.risk_fields_changed.total_score.perturbed,33.58
per_scenario[3].conditions[9].parameters.rate,0.1
per_scenario[3].conditions[9].parameters.seed,1
per_scenario[3].conditions[9].perturbation_ground_truth.cascaded_investigation_steps_removed,3
per_scenario[3].conditions[9].perturbation_ground_truth.dangling_references_after_omission.escalations_or_dispositions,0
per_scenario[3].conditions[9].perturbation_ground_truth.dangling_references_after_omission.investigation_steps,0
per_scenario[3].conditions[9].perturbation_ground_truth.eligible_records,13
per_scenario[3].conditions[9].perturbation_ground_truth.removed[0].row_index,0
per_scenario[3].conditions[9].recommendation_count,0
per_scenario[3].conditions[9].risk.total_score,33.58
per_scenario[3].conditions[9].traceability.evidence_reference_coverage,1.0
per_scenario[3].conditions[9].traceability.evidence_references,12
per_scenario[3].conditions[9].traceability.findings,7
per_scenario[3].conditions[9].traceability.findings_with_all_evidence_references_resolved,4
per_scenario[3].conditions[9].traceability.resolved_evidence_references,12
per_scenario[3].conditions[9].validation_matches_expected,true
per_scenario[3].conditions[9].validation_seconds,0.276618
per_scenario[3].conditions[9].validation_totals.accepted,12
per_scenario[3].conditions[9].validation_totals.received,12
per_scenario[3].conditions[9].validation_totals.rejected,0
per_scenario[3].conditions[9].validation_warning_count,9
per_scenario[3].conditions[10].analysis_seconds,0.592111
per_scenario[3].conditions[10].finding_count,4
per_scenario[3].conditions[10].paired_delta_vs_control.family_set_changed,false
per_scenario[3].conditions[10].paired_delta_vs_control.finding_count_change,0
per_scenario[3].conditions[10].parameters.rate,0.1
per_scenario[3].conditions[10].parameters.seed,2
per_scenario[3].conditions[10].perturbation_ground_truth.dangling_references_after_omission.escalations_or_dispositions,0
per_scenario[3].conditions[10].perturbation_ground_truth.dangling_references_after_omission.investigation_steps,0
per_scenario[3].conditions[10].perturbation_ground_truth.eligible_records,13
per_scenario[3].conditions[10].perturbation_ground_truth.removed[0].row_index,2
per_scenario[3].conditions[10].recommendation_count,0
per_scenario[3].conditions[10].risk.total_score,27.21
per_scenario[3].conditions[10].traceability.evidence_reference_coverage,1.0
per_scenario[3].conditions[10].traceability.evidence_references,7
per_scenario[3].conditions[10].traceability.findings,4
per_scenario[3].conditions[10].traceability.findings_with_all_evidence_references_resolved,3
per_scenario[3].conditions[10].traceability.resolved_evidence_references,7
per_scenario[3].conditions[10].validation_matches_expected,true
per_scenario[3].conditions[10].validation_seconds,0.389629
per_scenario[3].conditions[10].validation_totals.accepted,15
per_scenario[3].conditions[10].validation_totals.received,15
per_scenario[3].conditions[10].validation_totals.rejected,0
per_scenario[3].conditions[10].validation_warning_count,0
per_scenario[3].conditions[11].analysis_seconds,1.219497
per_scenario[3].conditions[11].finding_count,4
per_scenario[3].conditions[11].paired_delta_vs_control.family_set_changed,false
per_scenario[3].conditions[11].paired_delta_vs_control.finding_count_change,0
per_scenario[3].conditions[11].parameters.rate,0.1
per_scenario[3].conditions[11].parameters.seed,2
per_scenario[3].conditions[11].perturbation_ground_truth.cascaded_investigation_steps_removed,0
per_scenario[3].conditions[11].perturbation_ground_truth.dangling_references_after_omission.escalations_or_dispositions,0
per_scenario[3].conditions[11].perturbation_ground_truth.dangling_references_after_omission.investigation_steps,0
per_scenario[3].conditions[11].perturbation_ground_truth.eligible_records,13
per_scenario[3].conditions[11].perturbation_ground_truth.removed[0].row_index,2
per_scenario[3].conditions[11].recommendation_count,0
per_scenario[3].conditions[11].risk.total_score,27.21
per_scenario[3].conditions[11].traceability.evidence_reference_coverage,1.0
per_scenario[3].conditions[11].traceability.evidence_references,7
per_scenario[3].conditions[11].traceability.findings,4
per_scenario[3].conditions[11].traceability.findings_with_all_evidence_references_resolved,3
per_scenario[3].conditions[11].traceability.resolved_evidence_references,7
per_scenario[3].conditions[11].validation_matches_expected,true
per_scenario[3].conditions[11].validation_seconds,0.374693
per_scenario[3].conditions[11].validation_totals.accepted,15
per_scenario[3].conditions[11].validation_totals.received,15
per_scenario[3].conditions[11].validation_totals.rejected,0
per_scenario[3].conditions[11].validation_warning_count,0
per_scenario[3].conditions[12].analysis_seconds,0.710413
per_scenario[3].conditions[12].finding_count,4
per_scenario[3].conditions[12].paired_delta_vs_control.family_set_changed,false
per_scenario[3].conditions[12].paired_delta_vs_control.finding_count_change,0
per_scenario[3].conditions[12].parameters.rate,0.1
per_scenario[3].conditions[12].parameters.seed,3
per_scenario[3].conditions[12].perturbation_ground_truth.dangling_references_after_omission.escalations_or_dispositions,0
per_scenario[3].conditions[12].perturbation_ground_truth.dangling_references_after_omission.investigation_steps,0
per_scenario[3].conditions[12].perturbation_ground_truth.eligible_records,13
per_scenario[3].conditions[12].perturbation_ground_truth.removed[0].row_index,0
per_scenario[3].conditions[12].recommendation_count,0
per_scenario[3].conditions[12].risk.total_score,27.21
per_scenario[3].conditions[12].traceability.evidence_reference_coverage,1.0
per_scenario[3].conditions[12].traceability.evidence_references,7
per_scenario[3].conditions[12].traceability.findings,4
per_scenario[3].conditions[12].traceability.findings_with_all_evidence_references_resolved,3
per_scenario[3].conditions[12].traceability.resolved_evidence_references,7
per_scenario[3].conditions[12].validation_matches_expected,true
per_scenario[3].conditions[12].validation_seconds,0.392804
per_scenario[3].conditions[12].validation_totals.accepted,15
per_scenario[3].conditions[12].validation_totals.received,15
per_scenario[3].conditions[12].validation_totals.rejected,0
per_scenario[3].conditions[12].validation_warning_count,0
per_scenario[3].conditions[13].analysis_seconds,0.984402
per_scenario[3].conditions[13].finding_count,4
per_scenario[3].conditions[13].paired_delta_vs_control.family_set_changed,false
per_scenario[3].conditions[13].paired_delta_vs_control.finding_count_change,0
per_scenario[3].conditions[13].parameters.rate,0.1
per_scenario[3].conditions[13].parameters.seed,3
per_scenario[3].conditions[13].perturbation_ground_truth.cascaded_investigation_steps_removed,0
per_scenario[3].conditions[13].perturbation_ground_truth.dangling_references_after_omission.escalations_or_dispositions,0
per_scenario[3].conditions[13].perturbation_ground_truth.dangling_references_after_omission.investigation_steps,0
per_scenario[3].conditions[13].perturbation_ground_truth.eligible_records,13
per_scenario[3].conditions[13].perturbation_ground_truth.removed[0].row_index,0
per_scenario[3].conditions[13].recommendation_count,0
per_scenario[3].conditions[13].risk.total_score,27.21
per_scenario[3].conditions[13].traceability.evidence_reference_coverage,1.0
per_scenario[3].conditions[13].traceability.evidence_references,7
per_scenario[3].conditions[13].traceability.findings,4
per_scenario[3].conditions[13].traceability.findings_with_all_evidence_references_resolved,3
per_scenario[3].conditions[13].traceability.resolved_evidence_references,7
per_scenario[3].conditions[13].validation_matches_expected,true
per_scenario[3].conditions[13].validation_seconds,0.397856
per_scenario[3].conditions[13].validation_totals.accepted,15
per_scenario[3].conditions[13].validation_totals.received,15
per_scenario[3].conditions[13].validation_totals.rejected,0
per_scenario[3].conditions[13].validation_warning_count,0
per_scenario[3].conditions[14].analysis_seconds,0.605557
per_scenario[3].conditions[14].finding_count,4
per_scenario[3].conditions[14].paired_delta_vs_control.family_set_changed,false
per_scenario[3].conditions[14].paired_delta_vs_control.finding_count_change,0
per_scenario[3].conditions[14].parameters.rate,0.1
per_scenario[3].conditions[14].parameters.seed,4
per_scenario[3].conditions[14].perturbation_ground_truth.dangling_references_after_omission.escalations_or_dispositions,0
per_scenario[3].conditions[14].perturbation_ground_truth.dangling_references_after_omission.investigation_steps,0
per_scenario[3].conditions[14].perturbation_ground_truth.eligible_records,13
per_scenario[3].conditions[14].perturbation_ground_truth.removed[0].row_index,1
per_scenario[3].conditions[14].recommendation_count,0
per_scenario[3].conditions[14].risk.total_score,27.21
per_scenario[3].conditions[14].traceability.evidence_reference_coverage,1.0
per_scenario[3].conditions[14].traceability.evidence_references,7
per_scenario[3].conditions[14].traceability.findings,4
per_scenario[3].conditions[14].traceability.findings_with_all_evidence_references_resolved,3
per_scenario[3].conditions[14].traceability.resolved_evidence_references,7
per_scenario[3].conditions[14].validation_matches_expected,true
per_scenario[3].conditions[14].validation_seconds,0.388194
per_scenario[3].conditions[14].validation_totals.accepted,15
per_scenario[3].conditions[14].validation_totals.received,15
per_scenario[3].conditions[14].validation_totals.rejected,0
per_scenario[3].conditions[14].validation_warning_count,0
per_scenario[3].conditions[15].analysis_seconds,0.793087
per_scenario[3].conditions[15].finding_count,4
per_scenario[3].conditions[15].paired_delta_vs_control.family_set_changed,false
per_scenario[3].conditions[15].paired_delta_vs_control.finding_count_change,0
per_scenario[3].conditions[15].parameters.rate,0.1
per_scenario[3].conditions[15].parameters.seed,4
per_scenario[3].conditions[15].perturbation_ground_truth.cascaded_investigation_steps_removed,0
per_scenario[3].conditions[15].perturbation_ground_truth.dangling_references_after_omission.escalations_or_dispositions,0
per_scenario[3].conditions[15].perturbation_ground_truth.dangling_references_after_omission.investigation_steps,0
per_scenario[3].conditions[15].perturbation_ground_truth.eligible_records,13
per_scenario[3].conditions[15].perturbation_ground_truth.removed[0].row_index,1
per_scenario[3].conditions[15].recommendation_count,0
per_scenario[3].conditions[15].risk.total_score,27.21
per_scenario[3].conditions[15].traceability.evidence_reference_coverage,1.0
per_scenario[3].conditions[15].traceability.evidence_references,7
per_scenario[3].conditions[15].traceability.findings,4
per_scenario[3].conditions[15].traceability.findings_with_all_evidence_references_resolved,3
per_scenario[3].conditions[15].traceability.resolved_evidence_references,7
per_scenario[3].conditions[15].validation_matches_expected,true
per_scenario[3].conditions[15].validation_seconds,0.405396
per_scenario[3].conditions[15].validation_totals.accepted,15
per_scenario[3].conditions[15].validation_totals.received,15
per_scenario[3].conditions[15].validation_totals.rejected,0
per_scenario[3].conditions[15].validation_warning_count,0
per_scenario[3].conditions[16].paired_delta_vs_control,null
per_scenario[3].conditions[16].parameters.rate,0.25
per_scenario[3].conditions[16].parameters.seed,0
per_scenario[3].conditions[16].perturbation_ground_truth.dangling_references_after_omission.escalations_or_dispositions,0
per_scenario[3].conditions[16].perturbation_ground_truth.dangling_references_after_omission.investigation_steps,3
per_scenario[3].conditions[16].perturbation_ground_truth.eligible_records,13
per_scenario[3].conditions[16].perturbation_ground_truth.removed[0].row_index,0
per_scenario[3].conditions[16].perturbation_ground_truth.removed[1].row_index,1
per_scenario[3].conditions[16].perturbation_ground_truth.removed[2].row_index,1
per_scenario[3].conditions[16].validation_matches_expected,true
per_scenario[3].conditions[16].validation_seconds,0.349541
per_scenario[3].conditions[16].validation_totals.accepted,10
per_scenario[3].conditions[16].validation_totals.received,13
per_scenario[3].conditions[16].validation_totals.rejected,3
per_scenario[3].conditions[16].validation_warning_count,7
per_scenario[3].conditions[17].analysis_seconds,1.034379
per_scenario[3].conditions[17].finding_count,10
per_scenario[3].conditions[17].paired_delta_vs_control.family_set_changed,true
per_scenario[3].conditions[17].paired_delta_vs_control.finding_count_change,6
per_scenario[3].conditions[17].paired_delta_vs_control.risk_fields_changed.total_score.control,27.21
per_scenario[3].conditions[17].paired_delta_vs_control.risk_fields_changed.total_score.perturbed,38.43
per_scenario[3].conditions[17].parameters.rate,0.25
per_scenario[3].conditions[17].parameters.seed,0
per_scenario[3].conditions[17].perturbation_ground_truth.cascaded_investigation_steps_removed,3
per_scenario[3].conditions[17].perturbation_ground_truth.dangling_references_after_omission.escalations_or_dispositions,0
per_scenario[3].conditions[17].perturbation_ground_truth.dangling_references_after_omission.investigation_steps,0
per_scenario[3].conditions[17].perturbation_ground_truth.eligible_records,13
per_scenario[3].conditions[17].perturbation_ground_truth.removed[0].row_index,0
per_scenario[3].conditions[17].perturbation_ground_truth.removed[1].row_index,1
per_scenario[3].conditions[17].perturbation_ground_truth.removed[2].row_index,1
per_scenario[3].conditions[17].recommendation_count,0
per_scenario[3].conditions[17].risk.total_score,38.43
per_scenario[3].conditions[17].traceability.evidence_reference_coverage,1.0
per_scenario[3].conditions[17].traceability.evidence_references,15
per_scenario[3].conditions[17].traceability.findings,10
per_scenario[3].conditions[17].traceability.findings_with_all_evidence_references_resolved,7
per_scenario[3].conditions[17].traceability.resolved_evidence_references,15
per_scenario[3].conditions[17].validation_matches_expected,true
per_scenario[3].conditions[17].validation_seconds,0.302258
per_scenario[3].conditions[17].validation_totals.accepted,10
per_scenario[3].conditions[17].validation_totals.received,10
per_scenario[3].conditions[17].validation_totals.rejected,0
per_scenario[3].conditions[17].validation_warning_count,7
per_scenario[3].conditions[18].paired_delta_vs_control,null
per_scenario[3].conditions[18].parameters.rate,0.25
per_scenario[3].conditions[18].parameters.seed,1
per_scenario[3].conditions[18].perturbation_ground_truth.dangling_references_after_omission.escalations_or_dispositions,0
per_scenario[3].conditions[18].perturbation_ground_truth.dangling_references_after_omission.investigation_steps,3
per_scenario[3].conditions[18].perturbation_ground_truth.eligible_records,13
per_scenario[3].conditions[18].perturbation_ground_truth.removed[0].row_index,0
per_scenario[3].conditions[18].perturbation_ground_truth.removed[1].row_index,0
per_scenario[3].conditions[18].perturbation_ground_truth.removed[2].row_index,1
per_scenario[3].conditions[18].validation_matches_expected,true
per_scenario[3].conditions[18].validation_seconds,0.343669
per_scenario[3].conditions[18].validation_totals.accepted,10
per_scenario[3].conditions[18].validation_totals.received,13
per_scenario[3].conditions[18].validation_totals.rejected,3
per_scenario[3].conditions[18].validation_warning_count,8
per_scenario[3].conditions[19].analysis_seconds,1.253236
per_scenario[3].conditions[19].finding_count,8
per_scenario[3].conditions[19].paired_delta_vs_control.family_set_changed,true
per_scenario[3].conditions[19].paired_delta_vs_control.finding_count_change,4
per_scenario[3].conditions[19].paired_delta_vs_control.risk_fields_changed.total_score.control,27.21
per_scenario[3].conditions[19].paired_delta_vs_control.risk_fields_changed.total_score.perturbed,35.33
per_scenario[3].conditions[19].parameters.rate,0.25
per_scenario[3].conditions[19].parameters.seed,1
per_scenario[3].conditions[19].perturbation_ground_truth.cascaded_investigation_steps_removed,3
per_scenario[3].conditions[19].perturbation_ground_truth.dangling_references_after_omission.escalations_or_dispositions,0
per_scenario[3].conditions[19].perturbation_ground_truth.dangling_references_after_omission.investigation_steps,0
per_scenario[3].conditions[19].perturbation_ground_truth.eligible_records,13
per_scenario[3].conditions[19].perturbation_ground_truth.removed[0].row_index,0
per_scenario[3].conditions[19].perturbation_ground_truth.removed[1].row_index,0
per_scenario[3].conditions[19].perturbation_ground_truth.removed[2].row_index,1
per_scenario[3].conditions[19].recommendation_count,0
per_scenario[3].conditions[19].risk.total_score,35.33
per_scenario[3].conditions[19].traceability.evidence_reference_coverage,1.0
per_scenario[3].conditions[19].traceability.evidence_references,13
per_scenario[3].conditions[19].traceability.findings,8
per_scenario[3].conditions[19].traceability.findings_with_all_evidence_references_resolved,5
per_scenario[3].conditions[19].traceability.resolved_evidence_references,13
per_scenario[3].conditions[19].validation_matches_expected,true
per_scenario[3].conditions[19].validation_seconds,0.281937
per_scenario[3].conditions[19].validation_totals.accepted,10
per_scenario[3].conditions[19].validation_totals.received,10
per_scenario[3].conditions[19].validation_totals.rejected,0
per_scenario[3].conditions[19].validation_warning_count,8
per_scenario[3].conditions[20].analysis_seconds,0.741176
per_scenario[3].conditions[20].finding_count,4
per_scenario[3].conditions[20].paired_delta_vs_control.family_set_changed,false
per_scenario[3].conditions[20].paired_delta_vs_control.finding_count_change,0
per_scenario[3].conditions[20].paired_delta_vs_control.risk_fields_changed.total_score.control,27.21
per_scenario[3].conditions[20].paired_delta_vs_control.risk_fields_changed.total_score.perturbed,26.72
per_scenario[3].conditions[20].parameters.rate,0.25
per_scenario[3].conditions[20].parameters.seed,2
per_scenario[3].conditions[20].perturbation_ground_truth.dangling_references_after_omission.escalations_or_dispositions,0
per_scenario[3].conditions[20].perturbation_ground_truth.dangling_references_after_omission.investigation_steps,0
per_scenario[3].conditions[20].perturbation_ground_truth.eligible_records,13
per_scenario[3].conditions[20].perturbation_ground_truth.removed[0].row_index,1
per_scenario[3].conditions[20].perturbation_ground_truth.removed[1].row_index,2
per_scenario[3].conditions[20].perturbation_ground_truth.removed[2].row_index,0
per_scenario[3].conditions[20].recommendation_count,0
per_scenario[3].conditions[20].risk.total_score,26.72
per_scenario[3].conditions[20].traceability.evidence_reference_coverage,1.0
per_scenario[3].conditions[20].traceability.evidence_references,7
per_scenario[3].conditions[20].traceability.findings,4
per_scenario[3].conditions[20].traceability.findings_with_all_evidence_references_resolved,3
per_scenario[3].conditions[20].traceability.resolved_evidence_references,7
per_scenario[3].conditions[20].validation_matches_expected,true
per_scenario[3].conditions[20].validation_seconds,0.413852
per_scenario[3].conditions[20].validation_totals.accepted,13
per_scenario[3].conditions[20].validation_totals.received,13
per_scenario[3].conditions[20].validation_totals.rejected,0
per_scenario[3].conditions[20].validation_warning_count,0
per_scenario[3].conditions[21].analysis_seconds,0.511895
per_scenario[3].conditions[21].finding_count,4
per_scenario[3].conditions[21].paired_delta_vs_control.family_set_changed,false
per_scenario[3].conditions[21].paired_delta_vs_control.finding_count_change,0
per_scenario[3].conditions[21].paired_delta_vs_control.risk_fields_changed.total_score.control,27.21
per_scenario[3].conditions[21].paired_delta_vs_control.risk_fields_changed.total_score.perturbed,26.72
per_scenario[3].conditions[21].parameters.rate,0.25
per_scenario[3].conditions[21].parameters.seed,2
per_scenario[3].conditions[21].perturbation_ground_truth.cascaded_investigation_steps_removed,0
per_scenario[3].conditions[21].perturbation_ground_truth.dangling_references_after_omission.escalations_or_dispositions,0
per_scenario[3].conditions[21].perturbation_ground_truth.dangling_references_after_omission.investigation_steps,0
per_scenario[3].conditions[21].perturbation_ground_truth.eligible_records,13
per_scenario[3].conditions[21].perturbation_ground_truth.removed[0].row_index,1
per_scenario[3].conditions[21].perturbation_ground_truth.removed[1].row_index,2
per_scenario[3].conditions[21].perturbation_ground_truth.removed[2].row_index,0
per_scenario[3].conditions[21].recommendation_count,0
per_scenario[3].conditions[21].risk.total_score,26.72
per_scenario[3].conditions[21].traceability.evidence_reference_coverage,1.0
per_scenario[3].conditions[21].traceability.evidence_references,7
per_scenario[3].conditions[21].traceability.findings,4
per_scenario[3].conditions[21].traceability.findings_with_all_evidence_references_resolved,3
per_scenario[3].conditions[21].traceability.resolved_evidence_references,7
per_scenario[3].conditions[21].validation_matches_expected,true
per_scenario[3].conditions[21].validation_seconds,0.367894
per_scenario[3].conditions[21].validation_totals.accepted,13
per_scenario[3].conditions[21].validation_totals.received,13
per_scenario[3].conditions[21].validation_totals.rejected,0
per_scenario[3].conditions[21].validation_warning_count,0
per_scenario[3].conditions[22].analysis_seconds,0.998046
per_scenario[3].conditions[22].finding_count,5
per_scenario[3].conditions[22].paired_delta_vs_control.family_set_changed,true
per_scenario[3].conditions[22].paired_delta_vs_control.finding_count_change,1
per_scenario[3].conditions[22].paired_delta_vs_control.risk_fields_changed.total_score.control,27.21
per_scenario[3].conditions[22].paired_delta_vs_control.risk_fields_changed.total_score.perturbed,29.89
per_scenario[3].conditions[22].parameters.rate,0.25
per_scenario[3].conditions[22].parameters.seed,3
per_scenario[3].conditions[22].perturbation_ground_truth.dangling_references_after_omission.escalations_or_dispositions,0
per_scenario[3].conditions[22].perturbation_ground_truth.dangling_references_after_omission.investigation_steps,0
per_scenario[3].conditions[22].perturbation_ground_truth.eligible_records,13
per_scenario[3].conditions[22].perturbation_ground_truth.removed[0].row_index,2
per_scenario[3].conditions[22].perturbation_ground_truth.removed[1].row_index,0
per_scenario[3].conditions[22].perturbation_ground_truth.removed[2].row_index,1
per_scenario[3].conditions[22].recommendation_count,0
per_scenario[3].conditions[22].risk.total_score,29.89
per_scenario[3].conditions[22].traceability.evidence_reference_coverage,1.0
per_scenario[3].conditions[22].traceability.evidence_references,10
per_scenario[3].conditions[22].traceability.findings,5
per_scenario[3].conditions[22].traceability.findings_with_all_evidence_references_resolved,4
per_scenario[3].conditions[22].traceability.resolved_evidence_references,10
per_scenario[3].conditions[22].validation_matches_expected,true
per_scenario[3].conditions[22].validation_seconds,0.361392
per_scenario[3].conditions[22].validation_totals.accepted,13
per_scenario[3].conditions[22].validation_totals.received,13
per_scenario[3].conditions[22].validation_totals.rejected,0
per_scenario[3].conditions[22].validation_warning_count,0
per_scenario[3].conditions[23].analysis_seconds,0.613482
per_scenario[3].conditions[23].finding_count,5
per_scenario[3].conditions[23].paired_delta_vs_control.family_set_changed,true
per_scenario[3].conditions[23].paired_delta_vs_control.finding_count_change,1
per_scenario[3].conditions[23].paired_delta_vs_control.risk_fields_changed.total_score.control,27.21
per_scenario[3].conditions[23].paired_delta_vs_control.risk_fields_changed.total_score.perturbed,29.89
per_scenario[3].conditions[23].parameters.rate,0.25
per_scenario[3].conditions[23].parameters.seed,3
per_scenario[3].conditions[23].perturbation_ground_truth.cascaded_investigation_steps_removed,0
per_scenario[3].conditions[23].perturbation_ground_truth.dangling_references_after_omission.escalations_or_dispositions,0
per_scenario[3].conditions[23].perturbation_ground_truth.dangling_references_after_omission.investigation_steps,0
per_scenario[3].conditions[23].perturbation_ground_truth.eligible_records,13
per_scenario[3].conditions[23].perturbation_ground_truth.removed[0].row_index,2
per_scenario[3].conditions[23].perturbation_ground_truth.removed[1].row_index,0
per_scenario[3].conditions[23].perturbation_ground_truth.removed[2].row_index,1
per_scenario[3].conditions[23].recommendation_count,0
per_scenario[3].conditions[23].risk.total_score,29.89
per_scenario[3].conditions[23].traceability.evidence_reference_coverage,1.0
per_scenario[3].conditions[23].traceability.evidence_references,10
per_scenario[3].conditions[23].traceability.findings,5
per_scenario[3].conditions[23].traceability.findings_with_all_evidence_references_resolved,4
per_scenario[3].conditions[23].traceability.resolved_evidence_references,10
per_scenario[3].conditions[23].validation_matches_expected,true
per_scenario[3].conditions[23].validation_seconds,0.37534
per_scenario[3].conditions[23].validation_totals.accepted,13
per_scenario[3].conditions[23].validation_totals.received,13
per_scenario[3].conditions[23].validation_totals.rejected,0
per_scenario[3].conditions[23].validation_warning_count,0
per_scenario[3].conditions[24].analysis_seconds,0.646126
per_scenario[3].conditions[24].finding_count,4
per_scenario[3].conditions[24].paired_delta_vs_control.family_set_changed,false
per_scenario[3].conditions[24].paired_delta_vs_control.finding_count_change,0
per_scenario[3].conditions[24].paired_delta_vs_control.risk_fields_changed.total_score.control,27.21
per_scenario[3].conditions[24].paired_delta_vs_control.risk_fields_changed.total_score.perturbed,26.72
per_scenario[3].conditions[24].parameters.rate,0.25
per_scenario[3].conditions[24].parameters.seed,4
per_scenario[3].conditions[24].perturbation_ground_truth.dangling_references_after_omission.escalations_or_dispositions,0
per_scenario[3].conditions[24].perturbation_ground_truth.dangling_references_after_omission.investigation_steps,0
per_scenario[3].conditions[24].perturbation_ground_truth.eligible_records,13
per_scenario[3].conditions[24].perturbation_ground_truth.removed[0].row_index,0
per_scenario[3].conditions[24].perturbation_ground_truth.removed[1].row_index,1
per_scenario[3].conditions[24].perturbation_ground_truth.removed[2].row_index,1
per_scenario[3].conditions[24].recommendation_count,0
per_scenario[3].conditions[24].risk.total_score,26.72
per_scenario[3].conditions[24].traceability.evidence_reference_coverage,1.0
per_scenario[3].conditions[24].traceability.evidence_references,7
per_scenario[3].conditions[24].traceability.findings,4
per_scenario[3].conditions[24].traceability.findings_with_all_evidence_references_resolved,3
per_scenario[3].conditions[24].traceability.resolved_evidence_references,7
per_scenario[3].conditions[24].validation_matches_expected,true
per_scenario[3].conditions[24].validation_seconds,0.39398
per_scenario[3].conditions[24].validation_totals.accepted,13
per_scenario[3].conditions[24].validation_totals.received,13
per_scenario[3].conditions[24].validation_totals.rejected,0
per_scenario[3].conditions[24].validation_warning_count,0
per_scenario[3].conditions[25].analysis_seconds,0.622058
per_scenario[3].conditions[25].finding_count,4
per_scenario[3].conditions[25].paired_delta_vs_control.family_set_changed,false
per_scenario[3].conditions[25].paired_delta_vs_control.finding_count_change,0
per_scenario[3].conditions[25].paired_delta_vs_control.risk_fields_changed.total_score.control,27.21
per_scenario[3].conditions[25].paired_delta_vs_control.risk_fields_changed.total_score.perturbed,26.72
per_scenario[3].conditions[25].parameters.rate,0.25
per_scenario[3].conditions[25].parameters.seed,4
per_scenario[3].conditions[25].perturbation_ground_truth.cascaded_investigation_steps_removed,0
per_scenario[3].conditions[25].perturbation_ground_truth.dangling_references_after_omission.escalations_or_dispositions,0
per_scenario[3].conditions[25].perturbation_ground_truth.dangling_references_after_omission.investigation_steps,0
per_scenario[3].conditions[25].perturbation_ground_truth.eligible_records,13
per_scenario[3].conditions[25].perturbation_ground_truth.removed[0].row_index,0
per_scenario[3].conditions[25].perturbation_ground_truth.removed[1].row_index,1
per_scenario[3].conditions[25].perturbation_ground_truth.removed[2].row_index,1
per_scenario[3].conditions[25].recommendation_count,0
per_scenario[3].conditions[25].risk.total_score,26.72
per_scenario[3].conditions[25].traceability.evidence_reference_coverage,1.0
per_scenario[3].conditions[25].traceability.evidence_references,7
per_scenario[3].conditions[25].traceability.findings,4
per_scenario[3].conditions[25].traceability.findings_with_all_evidence_references_resolved,3
per_scenario[3].conditions[25].traceability.resolved_evidence_references,7
per_scenario[3].conditions[25].validation_matches_expected,true
per_scenario[3].conditions[25].validation_seconds,0.384896
per_scenario[3].conditions[25].validation_totals.accepted,13
per_scenario[3].conditions[25].validation_totals.received,13
per_scenario[3].conditions[25].validation_totals.rejected,0
per_scenario[3].conditions[25].validation_warning_count,0
per_scenario[3].conditions[26].analysis_seconds,0.700528
per_scenario[3].conditions[26].finding_count,7
per_scenario[3].conditions[26].paired_delta_vs_control.family_set_changed,true
per_scenario[3].conditions[26].paired_delta_vs_control.finding_count_change,3
per_scenario[3].conditions[26].paired_delta_vs_control.risk_fields_changed.total_score.control,27.21
per_scenario[3].conditions[26].paired_delta_vs_control.risk_fields_changed.total_score.perturbed,29.18
per_scenario[3].conditions[26].parameters.rate,0.5
per_scenario[3].conditions[26].parameters.seed,0
per_scenario[3].conditions[26].perturbation_ground_truth.dangling_references_after_omission.escalations_or_dispositions,0
per_scenario[3].conditions[26].perturbation_ground_truth.dangling_references_after_omission.investigation_steps,0
per_scenario[3].conditions[26].perturbation_ground_truth.eligible_records,13
per_scenario[3].conditions[26].perturbation_ground_truth.removed[0].row_index,1
per_scenario[3].conditions[26].perturbation_ground_truth.removed[1].row_index,1
per_scenario[3].conditions[26].perturbation_ground_truth.removed[2].row_index,0
per_scenario[3].conditions[26].perturbation_ground_truth.removed[3].row_index,1
per_scenario[3].conditions[26].perturbation_ground_truth.removed[4].row_index,2
per_scenario[3].conditions[26].perturbation_ground_truth.removed[5].row_index,2
per_scenario[3].conditions[26].recommendation_count,0
per_scenario[3].conditions[26].risk.total_score,29.18
per_scenario[3].conditions[26].traceability.evidence_reference_coverage,1.0
per_scenario[3].conditions[26].traceability.evidence_references,13
per_scenario[3].conditions[26].traceability.findings,7
per_scenario[3].conditions[26].traceability.findings_with_all_evidence_references_resolved,5
per_scenario[3].conditions[26].traceability.resolved_evidence_references,13
per_scenario[3].conditions[26].validation_matches_expected,true
per_scenario[3].conditions[26].validation_seconds,0.364881
per_scenario[3].conditions[26].validation_totals.accepted,10
per_scenario[3].conditions[26].validation_totals.received,10
per_scenario[3].conditions[26].validation_totals.rejected,0
per_scenario[3].conditions[26].validation_warning_count,0
per_scenario[3].conditions[27].analysis_seconds,1.092281
per_scenario[3].conditions[27].finding_count,7
per_scenario[3].conditions[27].paired_delta_vs_control.family_set_changed,true
per_scenario[3].conditions[27].paired_delta_vs_control.finding_count_change,3
per_scenario[3].conditions[27].paired_delta_vs_control.risk_fields_changed.total_score.control,27.21
per_scenario[3].conditions[27].paired_delta_vs_control.risk_fields_changed.total_score.perturbed,29.18
per_scenario[3].conditions[27].parameters.rate,0.5
per_scenario[3].conditions[27].parameters.seed,0
per_scenario[3].conditions[27].perturbation_ground_truth.cascaded_investigation_steps_removed,0
per_scenario[3].conditions[27].perturbation_ground_truth.dangling_references_after_omission.escalations_or_dispositions,0
per_scenario[3].conditions[27].perturbation_ground_truth.dangling_references_after_omission.investigation_steps,0
per_scenario[3].conditions[27].perturbation_ground_truth.eligible_records,13
per_scenario[3].conditions[27].perturbation_ground_truth.removed[0].row_index,1
per_scenario[3].conditions[27].perturbation_ground_truth.removed[1].row_index,1
per_scenario[3].conditions[27].perturbation_ground_truth.removed[2].row_index,0
per_scenario[3].conditions[27].perturbation_ground_truth.removed[3].row_index,1
per_scenario[3].conditions[27].perturbation_ground_truth.removed[4].row_index,2
per_scenario[3].conditions[27].perturbation_ground_truth.removed[5].row_index,2
per_scenario[3].conditions[27].recommendation_count,0
per_scenario[3].conditions[27].risk.total_score,29.18
per_scenario[3].conditions[27].traceability.evidence_reference_coverage,1.0
per_scenario[3].conditions[27].traceability.evidence_references,13
per_scenario[3].conditions[27].traceability.findings,7
per_scenario[3].conditions[27].traceability.findings_with_all_evidence_references_resolved,5
per_scenario[3].conditions[27].traceability.resolved_evidence_references,13
per_scenario[3].conditions[27].validation_matches_expected,true
per_scenario[3].conditions[27].validation_seconds,0.330069
per_scenario[3].conditions[27].validation_totals.accepted,10
per_scenario[3].conditions[27].validation_totals.received,10
per_scenario[3].conditions[27].validation_totals.rejected,0
per_scenario[3].conditions[27].validation_warning_count,0
per_scenario[3].conditions[28].analysis_seconds,0.680761
per_scenario[3].conditions[28].finding_count,6
per_scenario[3].conditions[28].paired_delta_vs_control.family_set_changed,true
per_scenario[3].conditions[28].paired_delta_vs_control.finding_count_change,2
per_scenario[3].conditions[28].paired_delta_vs_control.risk_fields_changed.total_score.control,27.21
per_scenario[3].conditions[28].paired_delta_vs_control.risk_fields_changed.total_score.perturbed,29.89
per_scenario[3].conditions[28].parameters.rate,0.5
per_scenario[3].conditions[28].parameters.seed,1
per_scenario[3].conditions[28].perturbation_ground_truth.dangling_references_after_omission.escalations_or_dispositions,0
per_scenario[3].conditions[28].perturbation_ground_truth.dangling_references_after_omission.investigation_steps,0
per_scenario[3].conditions[28].perturbation_ground_truth.eligible_records,13
per_scenario[3].conditions[28].perturbation_ground_truth.removed[0].row_index,2
per_scenario[3].conditions[28].perturbation_ground_truth.removed[1].row_index,0
per_scenario[3].conditions[28].perturbation_ground_truth.removed[2].row_index,1
per_scenario[3].conditions[28].perturbation_ground_truth.removed[3].row_index,0
per_scenario[3].conditions[28].perturbation_ground_truth.removed[4].row_index,1
per_scenario[3].conditions[28].perturbation_ground_truth.removed[5].row_index,2
per_scenario[3].conditions[28].recommendation_count,0
per_scenario[3].conditions[28].risk.total_score,29.89
per_scenario[3].conditions[28].traceability.evidence_reference_coverage,1.0
per_scenario[3].conditions[28].traceability.evidence_references,10
per_scenario[3].conditions[28].traceability.findings,6
per_scenario[3].conditions[28].traceability.findings_with_all_evidence_references_resolved,4
per_scenario[3].conditions[28].traceability.resolved_evidence_references,10
per_scenario[3].conditions[28].validation_matches_expected,true
per_scenario[3].conditions[28].validation_seconds,0.331041
per_scenario[3].conditions[28].validation_totals.accepted,10
per_scenario[3].conditions[28].validation_totals.received,10
per_scenario[3].conditions[28].validation_totals.rejected,0
per_scenario[3].conditions[28].validation_warning_count,0
per_scenario[3].conditions[29].analysis_seconds,1.242105
per_scenario[3].conditions[29].finding_count,6
per_scenario[3].conditions[29].paired_delta_vs_control.family_set_changed,true
per_scenario[3].conditions[29].paired_delta_vs_control.finding_count_change,2
per_scenario[3].conditions[29].paired_delta_vs_control.risk_fields_changed.total_score.control,27.21
per_scenario[3].conditions[29].paired_delta_vs_control.risk_fields_changed.total_score.perturbed,29.89
per_scenario[3].conditions[29].parameters.rate,0.5
per_scenario[3].conditions[29].parameters.seed,1
per_scenario[3].conditions[29].perturbation_ground_truth.cascaded_investigation_steps_removed,0
per_scenario[3].conditions[29].perturbation_ground_truth.dangling_references_after_omission.escalations_or_dispositions,0
per_scenario[3].conditions[29].perturbation_ground_truth.dangling_references_after_omission.investigation_steps,0
per_scenario[3].conditions[29].perturbation_ground_truth.eligible_records,13
per_scenario[3].conditions[29].perturbation_ground_truth.removed[0].row_index,2
per_scenario[3].conditions[29].perturbation_ground_truth.removed[1].row_index,0
per_scenario[3].conditions[29].perturbation_ground_truth.removed[2].row_index,1
per_scenario[3].conditions[29].perturbation_ground_truth.removed[3].row_index,0
per_scenario[3].conditions[29].perturbation_ground_truth.removed[4].row_index,1
per_scenario[3].conditions[29].perturbation_ground_truth.removed[5].row_index,2
per_scenario[3].conditions[29].recommendation_count,0
per_scenario[3].conditions[29].risk.total_score,29.89
per_scenario[3].conditions[29].traceability.evidence_reference_coverage,1.0
per_scenario[3].conditions[29].traceability.evidence_references,10
per_scenario[3].conditions[29].traceability.findings,6
per_scenario[3].conditions[29].traceability.findings_with_all_evidence_references_resolved,4
per_scenario[3].conditions[29].traceability.resolved_evidence_references,10
per_scenario[3].conditions[29].validation_matches_expected,true
per_scenario[3].conditions[29].validation_seconds,0.321152
per_scenario[3].conditions[29].validation_totals.accepted,10
per_scenario[3].conditions[29].validation_totals.received,10
per_scenario[3].conditions[29].validation_totals.rejected,0
per_scenario[3].conditions[29].validation_warning_count,0
per_scenario[3].conditions[30].analysis_seconds,0.91194
per_scenario[3].conditions[30].finding_count,5
per_scenario[3].conditions[30].paired_delta_vs_control.family_set_changed,false
per_scenario[3].conditions[30].paired_delta_vs_control.finding_count_change,1
per_scenario[3].conditions[30].parameters.rate,0.5
per_scenario[3].conditions[30].parameters.seed,2
per_scenario[3].conditions[30].perturbation_ground_truth.dangling_references_after_omission.escalations_or_dispositions,0
per_scenario[3].conditions[30].perturbation_ground_truth.dangling_references_after_omission.investigation_steps,0
per_scenario[3].conditions[30].perturbation_ground_truth.eligible_records,13
per_scenario[3].conditions[30].perturbation_ground_truth.removed[0].row_index,0
per_scenario[3].conditions[30].perturbation_ground_truth.removed[1].row_index,1
per_scenario[3].conditions[30].perturbation_ground_truth.removed[2].row_index,2
per_scenario[3].conditions[30].perturbation_ground_truth.removed[3].row_index,0
per_scenario[3].conditions[30].perturbation_ground_truth.removed[4].row_index,1
per_scenario[3].conditions[30].perturbation_ground_truth.removed[5].row_index,1
per_scenario[3].conditions[30].recommendation_count,0
per_scenario[3].conditions[30].risk.total_score,27.21
per_scenario[3].conditions[30].traceability.evidence_reference_coverage,1.0
per_scenario[3].conditions[30].traceability.evidence_references,7
per_scenario[3].conditions[30].traceability.findings,5
per_scenario[3].conditions[30].traceability.findings_with_all_evidence_references_resolved,3
per_scenario[3].conditions[30].traceability.resolved_evidence_references,7
per_scenario[3].conditions[30].validation_matches_expected,true
per_scenario[3].conditions[30].validation_seconds,0.318111
per_scenario[3].conditions[30].validation_totals.accepted,10
per_scenario[3].conditions[30].validation_totals.received,10
per_scenario[3].conditions[30].validation_totals.rejected,0
per_scenario[3].conditions[30].validation_warning_count,0
per_scenario[3].conditions[31].analysis_seconds,1.053464
per_scenario[3].conditions[31].finding_count,5
per_scenario[3].conditions[31].paired_delta_vs_control.family_set_changed,false
per_scenario[3].conditions[31].paired_delta_vs_control.finding_count_change,1
per_scenario[3].conditions[31].parameters.rate,0.5
per_scenario[3].conditions[31].parameters.seed,2
per_scenario[3].conditions[31].perturbation_ground_truth.cascaded_investigation_steps_removed,0
per_scenario[3].conditions[31].perturbation_ground_truth.dangling_references_after_omission.escalations_or_dispositions,0
per_scenario[3].conditions[31].perturbation_ground_truth.dangling_references_after_omission.investigation_steps,0
per_scenario[3].conditions[31].perturbation_ground_truth.eligible_records,13
per_scenario[3].conditions[31].perturbation_ground_truth.removed[0].row_index,0
per_scenario[3].conditions[31].perturbation_ground_truth.removed[1].row_index,1
per_scenario[3].conditions[31].perturbation_ground_truth.removed[2].row_index,2
per_scenario[3].conditions[31].perturbation_ground_truth.removed[3].row_index,0
per_scenario[3].conditions[31].perturbation_ground_truth.removed[4].row_index,1
per_scenario[3].conditions[31].perturbation_ground_truth.removed[5].row_index,1
per_scenario[3].conditions[31].recommendation_count,0
per_scenario[3].conditions[31].risk.total_score,27.21
per_scenario[3].conditions[31].traceability.evidence_reference_coverage,1.0
per_scenario[3].conditions[31].traceability.evidence_references,7
per_scenario[3].conditions[31].traceability.findings,5
per_scenario[3].conditions[31].traceability.findings_with_all_evidence_references_resolved,3
per_scenario[3].conditions[31].traceability.resolved_evidence_references,7
per_scenario[3].conditions[31].validation_matches_expected,true
per_scenario[3].conditions[31].validation_seconds,0.335607
per_scenario[3].conditions[31].validation_totals.accepted,10
per_scenario[3].conditions[31].validation_totals.received,10
per_scenario[3].conditions[31].validation_totals.rejected,0
per_scenario[3].conditions[31].validation_warning_count,0
per_scenario[3].conditions[32].paired_delta_vs_control,null
per_scenario[3].conditions[32].parameters.rate,0.5
per_scenario[3].conditions[32].parameters.seed,3
per_scenario[3].conditions[32].perturbation_ground_truth.dangling_references_after_omission.escalations_or_dispositions,0
per_scenario[3].conditions[32].perturbation_ground_truth.dangling_references_after_omission.investigation_steps,1
per_scenario[3].conditions[32].perturbation_ground_truth.eligible_records,13
per_scenario[3].conditions[32].perturbation_ground_truth.removed[0].row_index,0
per_scenario[3].conditions[32].perturbation_ground_truth.removed[1].row_index,1
per_scenario[3].conditions[32].perturbation_ground_truth.removed[2].row_index,0
per_scenario[3].conditions[32].perturbation_ground_truth.removed[3].row_index,2
per_scenario[3].conditions[32].perturbation_ground_truth.removed[4].row_index,0
per_scenario[3].conditions[32].perturbation_ground_truth.removed[5].row_index,2
per_scenario[3].conditions[32].validation_matches_expected,true
per_scenario[3].conditions[32].validation_seconds,0.346554
per_scenario[3].conditions[32].validation_totals.accepted,9
per_scenario[3].conditions[32].validation_totals.received,10
per_scenario[3].conditions[32].validation_totals.rejected,1
per_scenario[3].conditions[32].validation_warning_count,6
per_scenario[3].conditions[33].analysis_seconds,1.243971
per_scenario[3].conditions[33].finding_count,10
per_scenario[3].conditions[33].paired_delta_vs_control.family_set_changed,true
per_scenario[3].conditions[33].paired_delta_vs_control.finding_count_change,6
per_scenario[3].conditions[33].paired_delta_vs_control.risk_fields_changed.total_score.control,27.21
per_scenario[3].conditions[33].paired_delta_vs_control.risk_fields_changed.total_score.perturbed,39.26
per_scenario[3].conditions[33].parameters.rate,0.5
per_scenario[3].conditions[33].parameters.seed,3
per_scenario[3].conditions[33].perturbation_ground_truth.cascaded_investigation_steps_removed,1
per_scenario[3].conditions[33].perturbation_ground_truth.dangling_references_after_omission.escalations_or_dispositions,0
per_scenario[3].conditions[33].perturbation_ground_truth.dangling_references_after_omission.investigation_steps,0
per_scenario[3].conditions[33].perturbation_ground_truth.eligible_records,13
per_scenario[3].conditions[33].perturbation_ground_truth.removed[0].row_index,0
per_scenario[3].conditions[33].perturbation_ground_truth.removed[1].row_index,1
per_scenario[3].conditions[33].perturbation_ground_truth.removed[2].row_index,0
per_scenario[3].conditions[33].perturbation_ground_truth.removed[3].row_index,2
per_scenario[3].conditions[33].perturbation_ground_truth.removed[4].row_index,0
per_scenario[3].conditions[33].perturbation_ground_truth.removed[5].row_index,2
per_scenario[3].conditions[33].recommendation_count,0
per_scenario[3].conditions[33].risk.total_score,39.26
per_scenario[3].conditions[33].traceability.evidence_reference_coverage,1.0
per_scenario[3].conditions[33].traceability.evidence_references,17
per_scenario[3].conditions[33].traceability.findings,10
per_scenario[3].conditions[33].traceability.findings_with_all_evidence_references_resolved,7
per_scenario[3].conditions[33].traceability.resolved_evidence_references,17
per_scenario[3].conditions[33].validation_matches_expected,true
per_scenario[3].conditions[33].validation_seconds,0.284491
per_scenario[3].conditions[33].validation_totals.accepted,9
per_scenario[3].conditions[33].validation_totals.received,9
per_scenario[3].conditions[33].validation_totals.rejected,0
per_scenario[3].conditions[33].validation_warning_count,6
per_scenario[3].conditions[34].paired_delta_vs_control,null
per_scenario[3].conditions[34].parameters.rate,0.5
per_scenario[3].conditions[34].parameters.seed,4
per_scenario[3].conditions[34].perturbation_ground_truth.dangling_references_after_omission.escalations_or_dispositions,0
per_scenario[3].conditions[34].perturbation_ground_truth.dangling_references_after_omission.investigation_steps,1
per_scenario[3].conditions[34].perturbation_ground_truth.eligible_records,13
per_scenario[3].conditions[34].perturbation_ground_truth.removed[0].row_index,2
per_scenario[3].conditions[34].perturbation_ground_truth.removed[1].row_index,0
per_scenario[3].conditions[34].perturbation_ground_truth.removed[2].row_index,0
per_scenario[3].conditions[34].perturbation_ground_truth.removed[3].row_index,0
per_scenario[3].conditions[34].perturbation_ground_truth.removed[4].row_index,1
per_scenario[3].conditions[34].perturbation_ground_truth.removed[5].row_index,2
per_scenario[3].conditions[34].validation_matches_expected,true
per_scenario[3].conditions[34].validation_seconds,0.352788
per_scenario[3].conditions[34].validation_totals.accepted,9
per_scenario[3].conditions[34].validation_totals.received,10
per_scenario[3].conditions[34].validation_totals.rejected,1
per_scenario[3].conditions[34].validation_warning_count,10
per_scenario[3].conditions[35].analysis_seconds,1.051346
per_scenario[3].conditions[35].finding_count,10
per_scenario[3].conditions[35].paired_delta_vs_control.family_set_changed,true
per_scenario[3].conditions[35].paired_delta_vs_control.finding_count_change,6
per_scenario[3].conditions[35].paired_delta_vs_control.risk_fields_changed.total_score.control,27.21
per_scenario[3].conditions[35].paired_delta_vs_control.risk_fields_changed.total_score.perturbed,36.05
per_scenario[3].conditions[35].parameters.rate,0.5
per_scenario[3].conditions[35].parameters.seed,4
per_scenario[3].conditions[35].perturbation_ground_truth.cascaded_investigation_steps_removed,1
per_scenario[3].conditions[35].perturbation_ground_truth.dangling_references_after_omission.escalations_or_dispositions,0
per_scenario[3].conditions[35].perturbation_ground_truth.dangling_references_after_omission.investigation_steps,0
per_scenario[3].conditions[35].perturbation_ground_truth.eligible_records,13
per_scenario[3].conditions[35].perturbation_ground_truth.removed[0].row_index,2
per_scenario[3].conditions[35].perturbation_ground_truth.removed[1].row_index,0
per_scenario[3].conditions[35].perturbation_ground_truth.removed[2].row_index,0
per_scenario[3].conditions[35].perturbation_ground_truth.removed[3].row_index,0
per_scenario[3].conditions[35].perturbation_ground_truth.removed[4].row_index,1
per_scenario[3].conditions[35].perturbation_ground_truth.removed[5].row_index,2
per_scenario[3].conditions[35].recommendation_count,0
per_scenario[3].conditions[35].risk.total_score,36.05
per_scenario[3].conditions[35].traceability.evidence_reference_coverage,1.0
per_scenario[3].conditions[35].traceability.evidence_references,15
per_scenario[3].conditions[35].traceability.findings,10
per_scenario[3].conditions[35].traceability.findings_with_all_evidence_references_resolved,7
per_scenario[3].conditions[35].traceability.resolved_evidence_references,15
per_scenario[3].conditions[35].validation_matches_expected,true
per_scenario[3].conditions[35].validation_seconds,0.272761
per_scenario[3].conditions[35].validation_totals.accepted,9
per_scenario[3].conditions[35].validation_totals.received,9
per_scenario[3].conditions[35].validation_totals.rejected,0
per_scenario[3].conditions[35].validation_warning_count,10
per_scenario[3].conditions[36].paired_delta_vs_control,null
per_scenario[3].conditions[36].perturbation_ground_truth.byte_identical,true
per_scenario[3].conditions[36].validation_matches_expected,true
per_scenario[3].conditions[36].validation_seconds,0.402666
per_scenario[3].conditions[36].validation_totals.accepted,0
per_scenario[3].conditions[36].validation_totals.received,17
per_scenario[3].conditions[36].validation_totals.rejected,1
per_scenario[3].conditions[36].validation_warning_count,0
per_scenario[3].conditions[37].paired_delta_vs_control,null
per_scenario[3].conditions[37].validation_matches_expected,true
per_scenario[3].conditions[37].validation_seconds,0.372507
per_scenario[3].conditions[37].validation_totals.accepted,16
per_scenario[3].conditions[37].validation_totals.received,17
per_scenario[3].conditions[37].validation_totals.rejected,1
per_scenario[3].conditions[37].validation_warning_count,0
per_scenario[3].conditions[38].paired_delta_vs_control,null
per_scenario[3].conditions[38].validation_matches_expected,true
per_scenario[3].conditions[38].validation_seconds,0.38377
per_scenario[3].conditions[38].validation_totals.accepted,15
per_scenario[3].conditions[38].validation_totals.received,16
per_scenario[3].conditions[38].validation_totals.rejected,1
per_scenario[3].conditions[38].validation_warning_count,3
per_scenario[3].conditions[39].paired_delta_vs_control,null
per_scenario[3].conditions[39].validation_matches_expected,true
per_scenario[3].conditions[39].validation_seconds,0.390869
per_scenario[3].conditions[39].validation_totals.accepted,15
per_scenario[3].conditions[39].validation_totals.received,16
per_scenario[3].conditions[39].validation_totals.rejected,1
per_scenario[3].conditions[39].validation_warning_count,3
per_scenario[3].conditions[40].paired_delta_vs_control,null
per_scenario[3].conditions[40].validation_matches_expected,true
per_scenario[3].conditions[40].validation_seconds,0.405423
per_scenario[3].conditions[40].validation_totals.accepted,0
per_scenario[3].conditions[40].validation_totals.received,13
per_scenario[3].conditions[40].validation_totals.rejected,0
per_scenario[3].conditions[40].validation_warning_count,0
per_scenario[3].conditions[41].analysis_seconds,0.643715
per_scenario[3].conditions[41].expected_validation,null
per_scenario[3].conditions[41].finding_count,4
per_scenario[3].conditions[41].paired_delta_vs_control.family_set_changed,false
per_scenario[3].conditions[41].paired_delta_vs_control.finding_count_change,0
per_scenario[3].conditions[41].perturbation_ground_truth.shift_seconds,-3456000
per_scenario[3].conditions[41].recommendation_count,0
per_scenario[3].conditions[41].risk.total_score,27.21
per_scenario[3].conditions[41].traceability.evidence_reference_coverage,1.0
per_scenario[3].conditions[41].traceability.evidence_references,7
per_scenario[3].conditions[41].traceability.findings,4
per_scenario[3].conditions[41].traceability.findings_with_all_evidence_references_resolved,3
per_scenario[3].conditions[41].traceability.resolved_evidence_references,7
per_scenario[3].conditions[41].validation_matches_expected,null
per_scenario[3].conditions[41].validation_seconds,0.395568
per_scenario[3].conditions[41].validation_totals.accepted,16
per_scenario[3].conditions[41].validation_totals.received,16
per_scenario[3].conditions[41].validation_totals.rejected,0
per_scenario[3].conditions[41].validation_warning_count,0
per_scenario[3].control_vs_catalog.f1,0.6667
per_scenario[3].control_vs_catalog.fn,0
per_scenario[3].control_vs_catalog.fp,2
per_scenario[3].control_vs_catalog.precision,0.5
per_scenario[3].control_vs_catalog.recall,1.0
per_scenario[3].control_vs_catalog.tp,2
per_scenario[4].conditions[0].analysis_seconds,0.682835
per_scenario[4].conditions[0].finding_count,3
per_scenario[4].conditions[0].recommendation_count,0
per_scenario[4].conditions[0].risk.total_score,5.62
per_scenario[4].conditions[0].traceability.evidence_reference_coverage,1.0
per_scenario[4].conditions[0].traceability.evidence_references,6
per_scenario[4].conditions[0].traceability.findings,3
per_scenario[4].conditions[0].traceability.findings_with_all_evidence_references_resolved,1
per_scenario[4].conditions[0].traceability.resolved_evidence_references,6
per_scenario[4].conditions[0].validation_matches_expected,true
per_scenario[4].conditions[0].validation_seconds,0.296636
per_scenario[4].conditions[0].validation_totals.accepted,15
per_scenario[4].conditions[0].validation_totals.received,15
per_scenario[4].conditions[0].validation_totals.rejected,0
per_scenario[4].conditions[0].validation_warning_count,0
per_scenario[4].conditions[1].paired_delta_vs_control,null
per_scenario[4].conditions[1].perturbation_ground_truth.dangling_references_after_omission.escalations_or_dispositions,0
per_scenario[4].conditions[1].perturbation_ground_truth.dangling_references_after_omission.investigation_steps,6
per_scenario[4].conditions[1].perturbation_ground_truth.omitted_records,2
per_scenario[4].conditions[1].validation_matches_expected,true
per_scenario[4].conditions[1].validation_seconds,0.222291
per_scenario[4].conditions[1].validation_totals.accepted,7
per_scenario[4].conditions[1].validation_totals.received,13
per_scenario[4].conditions[1].validation_totals.rejected,6
per_scenario[4].conditions[1].validation_warning_count,4
per_scenario[4].conditions[2].analysis_seconds,0.783708
per_scenario[4].conditions[2].finding_count,5
per_scenario[4].conditions[2].paired_delta_vs_control.family_set_changed,true
per_scenario[4].conditions[2].paired_delta_vs_control.finding_count_change,2
per_scenario[4].conditions[2].paired_delta_vs_control.risk_fields_changed.total_score.control,5.62
per_scenario[4].conditions[2].paired_delta_vs_control.risk_fields_changed.total_score.perturbed,8.18
per_scenario[4].conditions[2].perturbation_ground_truth.dangling_references_after_omission.escalations_or_dispositions,0
per_scenario[4].conditions[2].perturbation_ground_truth.dangling_references_after_omission.investigation_steps,0
per_scenario[4].conditions[2].perturbation_ground_truth.omitted_records,6
per_scenario[4].conditions[2].recommendation_count,0
per_scenario[4].conditions[2].risk.total_score,8.18
per_scenario[4].conditions[2].traceability.evidence_reference_coverage,1.0
per_scenario[4].conditions[2].traceability.evidence_references,8
per_scenario[4].conditions[2].traceability.findings,5
per_scenario[4].conditions[2].traceability.findings_with_all_evidence_references_resolved,2
per_scenario[4].conditions[2].traceability.resolved_evidence_references,8
per_scenario[4].conditions[2].validation_matches_expected,true
per_scenario[4].conditions[2].validation_seconds,0.238238
per_scenario[4].conditions[2].validation_totals.accepted,9
per_scenario[4].conditions[2].validation_totals.received,9
per_scenario[4].conditions[2].validation_totals.rejected,0
per_scenario[4].conditions[2].validation_warning_count,0
per_scenario[4].conditions[3].analysis_seconds,0.439412
per_scenario[4].conditions[3].finding_count,4
per_scenario[4].conditions[3].paired_delta_vs_control.family_set_changed,false
per_scenario[4].conditions[3].paired_delta_vs_control.finding_count_change,1
per_scenario[4].conditions[3].paired_delta_vs_control.risk_fields_changed.total_score.control,5.62
per_scenario[4].conditions[3].paired_delta_vs_control.risk_fields_changed.total_score.perturbed,5.0
per_scenario[4].conditions[3].perturbation_ground_truth.dangling_references_after_omission.escalations_or_dispositions,0
per_scenario[4].conditions[3].perturbation_ground_truth.dangling_references_after_omission.investigation_steps,0
per_scenario[4].conditions[3].perturbation_ground_truth.omitted_records,3
per_scenario[4].conditions[3].recommendation_count,0
per_scenario[4].conditions[3].risk.total_score,5.0
per_scenario[4].conditions[3].traceability.evidence_reference_coverage,1.0
per_scenario[4].conditions[3].traceability.evidence_references,6
per_scenario[4].conditions[3].traceability.findings,4
per_scenario[4].conditions[3].traceability.findings_with_all_evidence_references_resolved,1
per_scenario[4].conditions[3].traceability.resolved_evidence_references,6
per_scenario[4].conditions[3].validation_matches_expected,true
per_scenario[4].conditions[3].validation_seconds,0.231532
per_scenario[4].conditions[3].validation_totals.accepted,12
per_scenario[4].conditions[3].validation_totals.received,12
per_scenario[4].conditions[3].validation_totals.rejected,0
per_scenario[4].conditions[3].validation_warning_count,4
per_scenario[4].conditions[4].analysis_seconds,0.590012
per_scenario[4].conditions[4].finding_count,3
per_scenario[4].conditions[4].paired_delta_vs_control.family_set_changed,false
per_scenario[4].conditions[4].paired_delta_vs_control.finding_count_change,0
per_scenario[4].conditions[4].parameters.rate,0.1
per_scenario[4].conditions[4].parameters.seed,0
per_scenario[4].conditions[4].perturbation_ground_truth.dangling_references_after_omission.escalations_or_dispositions,0
per_scenario[4].conditions[4].perturbation_ground_truth.dangling_references_after_omission.investigation_steps,0
per_scenario[4].conditions[4].perturbation_ground_truth.eligible_records,11
per_scenario[4].conditions[4].perturbation_ground_truth.removed[0].row_index,0
per_scenario[4].conditions[4].recommendation_count,0
per_scenario[4].conditions[4].risk.total_score,5.62
per_scenario[4].conditions[4].traceability.evidence_reference_coverage,1.0
per_scenario[4].conditions[4].traceability.evidence_references,6
per_scenario[4].conditions[4].traceability.findings,3
per_scenario[4].conditions[4].traceability.findings_with_all_evidence_references_resolved,1
per_scenario[4].conditions[4].traceability.resolved_evidence_references,6
per_scenario[4].conditions[4].validation_matches_expected,true
per_scenario[4].conditions[4].validation_seconds,0.280944
per_scenario[4].conditions[4].validation_totals.accepted,14
per_scenario[4].conditions[4].validation_totals.received,14
per_scenario[4].conditions[4].validation_totals.rejected,0
per_scenario[4].conditions[4].validation_warning_count,2
per_scenario[4].conditions[5].analysis_seconds,0.655543
per_scenario[4].conditions[5].finding_count,3
per_scenario[4].conditions[5].paired_delta_vs_control.family_set_changed,false
per_scenario[4].conditions[5].paired_delta_vs_control.finding_count_change,0
per_scenario[4].conditions[5].parameters.rate,0.1
per_scenario[4].conditions[5].parameters.seed,0
per_scenario[4].conditions[5].perturbation_ground_truth.cascaded_investigation_steps_removed,0
per_scenario[4].conditions[5].perturbation_ground_truth.dangling_references_after_omission.escalations_or_dispositions,0
per_scenario[4].conditions[5].perturbation_ground_truth.dangling_references_after_omission.investigation_steps,0
per_scenario[4].conditions[5].perturbation_ground_truth.eligible_records,11
per_scenario[4].conditions[5].perturbation_ground_truth.removed[0].row_index,0
per_scenario[4].conditions[5].recommendation_count,0
per_scenario[4].conditions[5].risk.total_score,5.62
per_scenario[4].conditions[5].traceability.evidence_reference_coverage,1.0
per_scenario[4].conditions[5].traceability.evidence_references,6
per_scenario[4].conditions[5].traceability.findings,3
per_scenario[4].conditions[5].traceability.findings_with_all_evidence_references_resolved,1
per_scenario[4].conditions[5].traceability.resolved_evidence_references,6
per_scenario[4].conditions[5].validation_matches_expected,true
per_scenario[4].conditions[5].validation_seconds,0.295536
per_scenario[4].conditions[5].validation_totals.accepted,14
per_scenario[4].conditions[5].validation_totals.received,14
per_scenario[4].conditions[5].validation_totals.rejected,0
per_scenario[4].conditions[5].validation_warning_count,2
per_scenario[4].conditions[6].paired_delta_vs_control,null
per_scenario[4].conditions[6].parameters.rate,0.1
per_scenario[4].conditions[6].parameters.seed,1
per_scenario[4].conditions[6].perturbation_ground_truth.dangling_references_after_omission.escalations_or_dispositions,0
per_scenario[4].conditions[6].perturbation_ground_truth.dangling_references_after_omission.investigation_steps,3
per_scenario[4].conditions[6].perturbation_ground_truth.eligible_records,11
per_scenario[4].conditions[6].perturbation_ground_truth.removed[0].row_index,1
per_scenario[4].conditions[6].validation_matches_expected,true
per_scenario[4].conditions[6].validation_seconds,0.289162
per_scenario[4].conditions[6].validation_totals.accepted,11
per_scenario[4].conditions[6].validation_totals.received,14
per_scenario[4].conditions[6].validation_totals.rejected,3
per_scenario[4].conditions[6].validation_warning_count,2
per_scenario[4].conditions[7].analysis_seconds,0.530047
per_scenario[4].conditions[7].finding_count,3
per_scenario[4].conditions[7].paired_delta_vs_control.family_set_changed,false
per_scenario[4].conditions[7].paired_delta_vs_control.finding_count_change,0
per_scenario[4].conditions[7].parameters.rate,0.1
per_scenario[4].conditions[7].parameters.seed,1
per_scenario[4].conditions[7].perturbation_ground_truth.cascaded_investigation_steps_removed,3
per_scenario[4].conditions[7].perturbation_ground_truth.dangling_references_after_omission.escalations_or_dispositions,0
per_scenario[4].conditions[7].perturbation_ground_truth.dangling_references_after_omission.investigation_steps,0
per_scenario[4].conditions[7].perturbation_ground_truth.eligible_records,11
per_scenario[4].conditions[7].perturbation_ground_truth.removed[0].row_index,1
per_scenario[4].conditions[7].recommendation_count,0
per_scenario[4].conditions[7].risk.total_score,5.62
per_scenario[4].conditions[7].traceability.evidence_reference_coverage,1.0
per_scenario[4].conditions[7].traceability.evidence_references,5
per_scenario[4].conditions[7].traceability.findings,3
per_scenario[4].conditions[7].traceability.findings_with_all_evidence_references_resolved,1
per_scenario[4].conditions[7].traceability.resolved_evidence_references,5
per_scenario[4].conditions[7].validation_matches_expected,true
per_scenario[4].conditions[7].validation_seconds,0.300563
per_scenario[4].conditions[7].validation_totals.accepted,11
per_scenario[4].conditions[7].validation_totals.received,11
per_scenario[4].conditions[7].validation_totals.rejected,0
per_scenario[4].conditions[7].validation_warning_count,2
per_scenario[4].conditions[8].analysis_seconds,0.433777
per_scenario[4].conditions[8].finding_count,3
per_scenario[4].conditions[8].paired_delta_vs_control.family_set_changed,false
per_scenario[4].conditions[8].paired_delta_vs_control.finding_count_change,0
per_scenario[4].conditions[8].parameters.rate,0.1
per_scenario[4].conditions[8].parameters.seed,2
per_scenario[4].conditions[8].perturbation_ground_truth.dangling_references_after_omission.escalations_or_dispositions,0
per_scenario[4].conditions[8].perturbation_ground_truth.dangling_references_after_omission.investigation_steps,0
per_scenario[4].conditions[8].perturbation_ground_truth.eligible_records,11
per_scenario[4].conditions[8].perturbation_ground_truth.removed[0].row_index,3
per_scenario[4].conditions[8].recommendation_count,0
per_scenario[4].conditions[8].risk.total_score,5.62
per_scenario[4].conditions[8].traceability.evidence_reference_coverage,1.0
per_scenario[4].conditions[8].traceability.evidence_references,6
per_scenario[4].conditions[8].traceability.findings,3
per_scenario[4].conditions[8].traceability.findings_with_all_evidence_references_resolved,1
per_scenario[4].conditions[8].traceability.resolved_evidence_references,6
per_scenario[4].conditions[8].validation_matches_expected,true
per_scenario[4].conditions[8].validation_seconds,0.299656
per_scenario[4].conditions[8].validation_totals.accepted,14
per_scenario[4].conditions[8].validation_totals.received,14
per_scenario[4].conditions[8].validation_totals.rejected,0
per_scenario[4].conditions[8].validation_warning_count,0
per_scenario[4].conditions[9].analysis_seconds,0.694155
per_scenario[4].conditions[9].finding_count,3
per_scenario[4].conditions[9].paired_delta_vs_control.family_set_changed,false
per_scenario[4].conditions[9].paired_delta_vs_control.finding_count_change,0
per_scenario[4].conditions[9].parameters.rate,0.1
per_scenario[4].conditions[9].parameters.seed,2
per_scenario[4].conditions[9].perturbation_ground_truth.cascaded_investigation_steps_removed,0
per_scenario[4].conditions[9].perturbation_ground_truth.dangling_references_after_omission.escalations_or_dispositions,0
per_scenario[4].conditions[9].perturbation_ground_truth.dangling_references_after_omission.investigation_steps,0
per_scenario[4].conditions[9].perturbation_ground_truth.eligible_records,11
per_scenario[4].conditions[9].perturbation_ground_truth.removed[0].row_index,3
per_scenario[4].conditions[9].recommendation_count,0
per_scenario[4].conditions[9].risk.total_score,5.62
per_scenario[4].conditions[9].traceability.evidence_reference_coverage,1.0
per_scenario[4].conditions[9].traceability.evidence_references,6
per_scenario[4].conditions[9].traceability.findings,3
per_scenario[4].conditions[9].traceability.findings_with_all_evidence_references_resolved,1
per_scenario[4].conditions[9].traceability.resolved_evidence_references,6
per_scenario[4].conditions[9].validation_matches_expected,true
per_scenario[4].conditions[9].validation_seconds,0.293021
per_scenario[4].conditions[9].validation_totals.accepted,14
per_scenario[4].conditions[9].validation_totals.received,14
per_scenario[4].conditions[9].validation_totals.rejected,0
per_scenario[4].conditions[9].validation_warning_count,0
per_scenario[4].conditions[10].analysis_seconds,0.695123
per_scenario[4].conditions[10].finding_count,3
per_scenario[4].conditions[10].paired_delta_vs_control.family_set_changed,false
per_scenario[4].conditions[10].paired_delta_vs_control.finding_count_change,0
per_scenario[4].conditions[10].parameters.rate,0.1
per_scenario[4].conditions[10].parameters.seed,3
per_scenario[4].conditions[10].perturbation_ground_truth.dangling_references_after_omission.escalations_or_dispositions,0
per_scenario[4].conditions[10].perturbation_ground_truth.dangling_references_after_omission.investigation_steps,0
per_scenario[4].conditions[10].perturbation_ground_truth.eligible_records,11
per_scenario[4].conditions[10].perturbation_ground_truth.removed[0].row_index,1
per_scenario[4].conditions[10].recommendation_count,0
per_scenario[4].conditions[10].risk.total_score,5.62
per_scenario[4].conditions[10].traceability.evidence_reference_coverage,1.0
per_scenario[4].conditions[10].traceability.evidence_references,6
per_scenario[4].conditions[10].traceability.findings,3
per_scenario[4].conditions[10].traceability.findings_with_all_evidence_references_resolved,1
per_scenario[4].conditions[10].traceability.resolved_evidence_references,6
per_scenario[4].conditions[10].validation_matches_expected,true
per_scenario[4].conditions[10].validation_seconds,0.29858
per_scenario[4].conditions[10].validation_totals.accepted,14
per_scenario[4].conditions[10].validation_totals.received,14
per_scenario[4].conditions[10].validation_totals.rejected,0
per_scenario[4].conditions[10].validation_warning_count,0
per_scenario[4].conditions[11].analysis_seconds,0.596297
per_scenario[4].conditions[11].finding_count,3
per_scenario[4].conditions[11].paired_delta_vs_control.family_set_changed,false
per_scenario[4].conditions[11].paired_delta_vs_control.finding_count_change,0
per_scenario[4].conditions[11].parameters.rate,0.1
per_scenario[4].conditions[11].parameters.seed,3
per_scenario[4].conditions[11].perturbation_ground_truth.cascaded_investigation_steps_removed,0
per_scenario[4].conditions[11].perturbation_ground_truth.dangling_references_after_omission.escalations_or_dispositions,0
per_scenario[4].conditions[11].perturbation_ground_truth.dangling_references_after_omission.investigation_steps,0
per_scenario[4].conditions[11].perturbation_ground_truth.eligible_records,11
per_scenario[4].conditions[11].perturbation_ground_truth.removed[0].row_index,1
per_scenario[4].conditions[11].recommendation_count,0
per_scenario[4].conditions[11].risk.total_score,5.62
per_scenario[4].conditions[11].traceability.evidence_reference_coverage,1.0
per_scenario[4].conditions[11].traceability.evidence_references,6
per_scenario[4].conditions[11].traceability.findings,3
per_scenario[4].conditions[11].traceability.findings_with_all_evidence_references_resolved,1
per_scenario[4].conditions[11].traceability.resolved_evidence_references,6
per_scenario[4].conditions[11].validation_matches_expected,true
per_scenario[4].conditions[11].validation_seconds,0.279743
per_scenario[4].conditions[11].validation_totals.accepted,14
per_scenario[4].conditions[11].validation_totals.received,14
per_scenario[4].conditions[11].validation_totals.rejected,0
per_scenario[4].conditions[11].validation_warning_count,0
per_scenario[4].conditions[12].analysis_seconds,0.459663
per_scenario[4].conditions[12].finding_count,3
per_scenario[4].conditions[12].paired_delta_vs_control.family_set_changed,false
per_scenario[4].conditions[12].paired_delta_vs_control.finding_count_change,0
per_scenario[4].conditions[12].parameters.rate,0.1
per_scenario[4].conditions[12].parameters.seed,4
per_scenario[4].conditions[12].perturbation_ground_truth.dangling_references_after_omission.escalations_or_dispositions,0
per_scenario[4].conditions[12].perturbation_ground_truth.dangling_references_after_omission.investigation_steps,0
per_scenario[4].conditions[12].perturbation_ground_truth.eligible_records,11
per_scenario[4].conditions[12].perturbation_ground_truth.removed[0].row_index,0
per_scenario[4].conditions[12].recommendation_count,0
per_scenario[4].conditions[12].risk.total_score,5.62
per_scenario[4].conditions[12].traceability.evidence_reference_coverage,1.0
per_scenario[4].conditions[12].traceability.evidence_references,6
per_scenario[4].conditions[12].traceability.findings,3
per_scenario[4].conditions[12].traceability.findings_with_all_evidence_references_resolved,1
per_scenario[4].conditions[12].traceability.resolved_evidence_references,6
per_scenario[4].conditions[12].validation_matches_expected,true
per_scenario[4].conditions[12].validation_seconds,0.293308
per_scenario[4].conditions[12].validation_totals.accepted,14
per_scenario[4].conditions[12].validation_totals.received,14
per_scenario[4].conditions[12].validation_totals.rejected,0
per_scenario[4].conditions[12].validation_warning_count,0
per_scenario[4].conditions[13].analysis_seconds,0.708051
per_scenario[4].conditions[13].finding_count,3
per_scenario[4].conditions[13].paired_delta_vs_control.family_set_changed,false
per_scenario[4].conditions[13].paired_delta_vs_control.finding_count_change,0
per_scenario[4].conditions[13].parameters.rate,0.1
per_scenario[4].conditions[13].parameters.seed,4
per_scenario[4].conditions[13].perturbation_ground_truth.cascaded_investigation_steps_removed,0
per_scenario[4].conditions[13].perturbation_ground_truth.dangling_references_after_omission.escalations_or_dispositions,0
per_scenario[4].conditions[13].perturbation_ground_truth.dangling_references_after_omission.investigation_steps,0
per_scenario[4].conditions[13].perturbation_ground_truth.eligible_records,11
per_scenario[4].conditions[13].perturbation_ground_truth.removed[0].row_index,0
per_scenario[4].conditions[13].recommendation_count,0
per_scenario[4].conditions[13].risk.total_score,5.62
per_scenario[4].conditions[13].traceability.evidence_reference_coverage,1.0
per_scenario[4].conditions[13].traceability.evidence_references,6
per_scenario[4].conditions[13].traceability.findings,3
per_scenario[4].conditions[13].traceability.findings_with_all_evidence_references_resolved,1
per_scenario[4].conditions[13].traceability.resolved_evidence_references,6
per_scenario[4].conditions[13].validation_matches_expected,true
per_scenario[4].conditions[13].validation_seconds,0.271434
per_scenario[4].conditions[13].validation_totals.accepted,14
per_scenario[4].conditions[13].validation_totals.received,14
per_scenario[4].conditions[13].validation_totals.rejected,0
per_scenario[4].conditions[13].validation_warning_count,0
per_scenario[4].conditions[14].paired_delta_vs_control,null
per_scenario[4].conditions[14].parameters.rate,0.25
per_scenario[4].conditions[14].parameters.seed,0
per_scenario[4].conditions[14].perturbation_ground_truth.dangling_references_after_omission.escalations_or_dispositions,0
per_scenario[4].conditions[14].perturbation_ground_truth.dangling_references_after_omission.investigation_steps,2
per_scenario[4].conditions[14].perturbation_ground_truth.eligible_records,11
per_scenario[4].conditions[14].perturbation_ground_truth.removed[0].row_index,0
per_scenario[4].conditions[14].perturbation_ground_truth.removed[1].row_index,2
per_scenario[4].conditions[14].perturbation_ground_truth.removed[2].row_index,5
per_scenario[4].conditions[14].validation_matches_expected,true
per_scenario[4].conditions[14].validation_seconds,0.278148
per_scenario[4].conditions[14].validation_totals.accepted,10
per_scenario[4].conditions[14].validation_totals.received,12
per_scenario[4].conditions[14].validation_totals.rejected,2
per_scenario[4].conditions[14].validation_warning_count,2
per_scenario[4].conditions[15].analysis_seconds,0.905044
per_scenario[4].conditions[15].finding_count,3
per_scenario[4].conditions[15].paired_delta_vs_control.family_set_changed,false
per_scenario[4].conditions[15].paired_delta_vs_control.finding_count_change,0
per_scenario[4].conditions[15].parameters.rate,0.25
per_scenario[4].conditions[15].parameters.seed,0
per_scenario[4].conditions[15].perturbation_ground_truth.cascaded_investigation_steps_removed,2
per_scenario[4].conditions[15].perturbation_ground_truth.dangling_references_after_omission.escalations_or_dispositions,0
per_scenario[4].conditions[15].perturbation_ground_truth.dangling_references_after_omission.investigation_steps,0
per_scenario[4].conditions[15].perturbation_ground_truth.eligible_records,11
per_scenario[4].conditions[15].perturbation_ground_truth.removed[0].row_index,0
per_scenario[4].conditions[15].perturbation_ground_truth.removed[1].row_index,2
per_scenario[4].conditions[15].perturbation_ground_truth.removed[2].row_index,5
per_scenario[4].conditions[15].recommendation_count,0
per_scenario[4].conditions[15].risk.total_score,5.62
per_scenario[4].conditions[15].traceability.evidence_reference_coverage,1.0
per_scenario[4].conditions[15].traceability.evidence_references,5
per_scenario[4].conditions[15].traceability.findings,3
per_scenario[4].conditions[15].traceability.findings_with_all_evidence_references_resolved,1
per_scenario[4].conditions[15].traceability.resolved_evidence_references,5
per_scenario[4].conditions[15].validation_matches_expected,true
per_scenario[4].conditions[15].validation_seconds,0.282666
per_scenario[4].conditions[15].validation_totals.accepted,10
per_scenario[4].conditions[15].validation_totals.received,10
per_scenario[4].conditions[15].validation_totals.rejected,0
per_scenario[4].conditions[15].validation_warning_count,2
per_scenario[4].conditions[16].analysis_seconds,0.490007
per_scenario[4].conditions[16].finding_count,3
per_scenario[4].conditions[16].paired_delta_vs_control.family_set_changed,false
per_scenario[4].conditions[16].paired_delta_vs_control.finding_count_change,0
per_scenario[4].conditions[16].parameters.rate,0.25
per_scenario[4].conditions[16].parameters.seed,1
per_scenario[4].conditions[16].perturbation_ground_truth.dangling_references_after_omission.escalations_or_dispositions,0
per_scenario[4].conditions[16].perturbation_ground_truth.dangling_references_after_omission.investigation_steps,0
per_scenario[4].conditions[16].perturbation_ground_truth.eligible_records,11
per_scenario[4].conditions[16].perturbation_ground_truth.removed[0].row_index,0
per_scenario[4].conditions[16].perturbation_ground_truth.removed[1].row_index,2
per_scenario[4].conditions[16].perturbation_ground_truth.removed[2].row_index,2
per_scenario[4].conditions[16].recommendation_count,0
per_scenario[4].conditions[16].risk.total_score,5.62
per_scenario[4].conditions[16].traceability.evidence_reference_coverage,1.0
per_scenario[4].conditions[16].traceability.evidence_references,6
per_scenario[4].conditions[16].traceability.findings,3
per_scenario[4].conditions[16].traceability.findings_with_all_evidence_references_resolved,1
per_scenario[4].conditions[16].traceability.resolved_evidence_references,6
per_scenario[4].conditions[16].validation_matches_expected,true
per_scenario[4].conditions[16].validation_seconds,0.29127
per_scenario[4].conditions[16].validation_totals.accepted,12
per_scenario[4].conditions[16].validation_totals.received,12
per_scenario[4].conditions[16].validation_totals.rejected,0
per_scenario[4].conditions[16].validation_warning_count,3
per_scenario[4].conditions[17].analysis_seconds,0.803943
per_scenario[4].conditions[17].finding_count,3
per_scenario[4].conditions[17].paired_delta_vs_control.family_set_changed,false
per_scenario[4].conditions[17].paired_delta_vs_control.finding_count_change,0
per_scenario[4].conditions[17].parameters.rate,0.25
per_scenario[4].conditions[17].parameters.seed,1
per_scenario[4].conditions[17].perturbation_ground_truth.cascaded_investigation_steps_removed,0
per_scenario[4].conditions[17].perturbation_ground_truth.dangling_references_after_omission.escalations_or_dispositions,0
per_scenario[4].conditions[17].perturbation_ground_truth.dangling_references_after_omission.investigation_steps,0
per_scenario[4].conditions[17].perturbation_ground_truth.eligible_records,11
per_scenario[4].conditions[17].perturbation_ground_truth.removed[0].row_index,0
per_scenario[4].conditions[17].perturbation_ground_truth.removed[1].row_index,2
per_scenario[4].conditions[17].perturbation_ground_truth.removed[2].row_index,2
per_scenario[4].conditions[17].recommendation_count,0
per_scenario[4].conditions[17].risk.total_score,5.62
per_scenario[4].conditions[17].traceability.evidence_reference_coverage,1.0
per_scenario[4].conditions[17].traceability.evidence_references,6
per_scenario[4].conditions[17].traceability.findings,3
per_scenario[4].conditions[17].traceability.findings_with_all_evidence_references_resolved,1
per_scenario[4].conditions[17].traceability.resolved_evidence_references,6
per_scenario[4].conditions[17].validation_matches_expected,true
per_scenario[4].conditions[17].validation_seconds,0.286049
per_scenario[4].conditions[17].validation_totals.accepted,12
per_scenario[4].conditions[17].validation_totals.received,12
per_scenario[4].conditions[17].validation_totals.rejected,0
per_scenario[4].conditions[17].validation_warning_count,3
per_scenario[4].conditions[18].paired_delta_vs_control,null
per_scenario[4].conditions[18].parameters.rate,0.25
per_scenario[4].conditions[18].parameters.seed,2
per_scenario[4].conditions[18].perturbation_ground_truth.dangling_references_after_omission.escalations_or_dispositions,0
per_scenario[4].conditions[18].perturbation_ground_truth.dangling_references_after_omission.investigation_steps,3
per_scenario[4].conditions[18].perturbation_ground_truth.eligible_records,11
per_scenario[4].conditions[18].perturbation_ground_truth.removed[0].row_index,0
per_scenario[4].conditions[18].perturbation_ground_truth.removed[1].row_index,0
per_scenario[4].conditions[18].perturbation_ground_truth.removed[2].row_index,4
per_scenario[4].conditions[18].validation_matches_expected,true
per_scenario[4].conditions[18].validation_seconds,0.277813
per_scenario[4].conditions[18].validation_totals.accepted,9
per_scenario[4].conditions[18].validation_totals.received,12
per_scenario[4].conditions[18].validation_totals.rejected,3
per_scenario[4].conditions[18].validation_warning_count,4
per_scenario[4].conditions[19].analysis_seconds,0.466126
per_scenario[4].conditions[19].finding_count,3
per_scenario[4].conditions[19].paired_delta_vs_control.family_set_changed,false
per_scenario[4].conditions[19].paired_delta_vs_control.finding_count_change,0
per_scenario[4].conditions[19].parameters.rate,0.25
per_scenario[4].conditions[19].parameters.seed,2
per_scenario[4].conditions[19].perturbation_ground_truth.cascaded_investigation_steps_removed,3
per_scenario[4].conditions[19].perturbation_ground_truth.dangling_references_after_omission.escalations_or_dispositions,0
per_scenario[4].conditions[19].perturbation_ground_truth.dangling_references_after_omission.investigation_steps,0
per_scenario[4].conditions[19].perturbation_ground_truth.eligible_records,11
per_scenario[4].conditions[19].perturbation_ground_truth.removed[0].row_index,0
per_scenario[4].conditions[19].perturbation_ground_truth.removed[1].row_index,0
per_scenario[4].conditions[19].perturbation_ground_truth.removed[2].row_index,4
per_scenario[4].conditions[19].recommendation_count,0
per_scenario[4].conditions[19].risk.total_score,5.62
per_scenario[4].conditions[19].traceability.evidence_reference_coverage,1.0
per_scenario[4].conditions[19].traceability.evidence_references,5
per_scenario[4].conditions[19].traceability.findings,3
per_scenario[4].conditions[19].traceability.findings_with_all_evidence_references_resolved,1
per_scenario[4].conditions[19].traceability.resolved_evidence_references,5
per_scenario[4].conditions[19].validation_matches_expected,true
per_scenario[4].conditions[19].validation_seconds,0.292411
per_scenario[4].conditions[19].validation_totals.accepted,9
per_scenario[4].conditions[19].validation_totals.received,9
per_scenario[4].conditions[19].validation_totals.rejected,0
per_scenario[4].conditions[19].validation_warning_count,4
per_scenario[4].conditions[20].paired_delta_vs_control,null
per_scenario[4].conditions[20].parameters.rate,0.25
per_scenario[4].conditions[20].parameters.seed,3
per_scenario[4].conditions[20].perturbation_ground_truth.dangling_references_after_omission.escalations_or_dispositions,0
per_scenario[4].conditions[20].perturbation_ground_truth.dangling_references_after_omission.investigation_steps,3
per_scenario[4].conditions[20].perturbation_ground_truth.eligible_records,11
per_scenario[4].conditions[20].perturbation_ground_truth.removed[0].row_index,0
per_scenario[4].conditions[20].perturbation_ground_truth.removed[1].row_index,1
per_scenario[4].conditions[20].perturbation_ground_truth.removed[2].row_index,1
per_scenario[4].conditions[20].validation_matches_expected,true
per_scenario[4].conditions[20].validation_seconds,0.285862
per_scenario[4].conditions[20].validation_totals.accepted,9
per_scenario[4].conditions[20].validation_totals.received,12
per_scenario[4].conditions[20].validation_totals.rejected,3
per_scenario[4].conditions[20].validation_warning_count,5
per_scenario[4].conditions[21].analysis_seconds,0.60816
per_scenario[4].conditions[21].finding_count,3
per_scenario[4].conditions[21].paired_delta_vs_control.family_set_changed,false
per_scenario[4].conditions[21].paired_delta_vs_control.finding_count_change,0
per_scenario[4].conditions[21].parameters.rate,0.25
per_scenario[4].conditions[21].parameters.seed,3
per_scenario[4].conditions[21].perturbation_ground_truth.cascaded_investigation_steps_removed,3
per_scenario[4].conditions[21].perturbation_ground_truth.dangling_references_after_omission.escalations_or_dispositions,0
per_scenario[4].conditions[21].perturbation_ground_truth.dangling_references_after_omission.investigation_steps,0
per_scenario[4].conditions[21].perturbation_ground_truth.eligible_records,11
per_scenario[4].conditions[21].perturbation_ground_truth.removed[0].row_index,0
per_scenario[4].conditions[21].perturbation_ground_truth.removed[1].row_index,1
per_scenario[4].conditions[21].perturbation_ground_truth.removed[2].row_index,1
per_scenario[4].conditions[21].recommendation_count,0
per_scenario[4].conditions[21].risk.total_score,5.62
per_scenario[4].conditions[21].traceability.evidence_reference_coverage,1.0
per_scenario[4].conditions[21].traceability.evidence_references,5
per_scenario[4].conditions[21].traceability.findings,3
per_scenario[4].conditions[21].traceability.findings_with_all_evidence_references_resolved,1
per_scenario[4].conditions[21].traceability.resolved_evidence_references,5
per_scenario[4].conditions[21].validation_matches_expected,true
per_scenario[4].conditions[21].validation_seconds,0.289492
per_scenario[4].conditions[21].validation_totals.accepted,9
per_scenario[4].conditions[21].validation_totals.received,9
per_scenario[4].conditions[21].validation_totals.rejected,0
per_scenario[4].conditions[21].validation_warning_count,5
per_scenario[4].conditions[22].analysis_seconds,0.50734
per_scenario[4].conditions[22].finding_count,3
per_scenario[4].conditions[22].paired_delta_vs_control.family_set_changed,false
per_scenario[4].conditions[22].paired_delta_vs_control.finding_count_change,0
per_scenario[4].conditions[22].parameters.rate,0.25
per_scenario[4].conditions[22].parameters.seed,4
per_scenario[4].conditions[22].perturbation_ground_truth.dangling_references_after_omission.escalations_or_dispositions,0
per_scenario[4].conditions[22].perturbation_ground_truth.dangling_references_after_omission.investigation_steps,0
per_scenario[4].conditions[22].perturbation_ground_truth.eligible_records,11
per_scenario[4].conditions[22].perturbation_ground_truth.removed[0].row_index,0
per_scenario[4].conditions[22].perturbation_ground_truth.removed[1].row_index,2
per_scenario[4].conditions[22].perturbation_ground_truth.removed[2].row_index,5
per_scenario[4].conditions[22].recommendation_count,0
per_scenario[4].conditions[22].risk.total_score,5.62
per_scenario[4].conditions[22].traceability.evidence_reference_coverage,1.0
per_scenario[4].conditions[22].traceability.evidence_references,6
per_scenario[4].conditions[22].traceability.findings,3
per_scenario[4].conditions[22].traceability.findings_with_all_evidence_references_resolved,1
per_scenario[4].conditions[22].traceability.resolved_evidence_references,6
per_scenario[4].conditions[22].validation_matches_expected,true
per_scenario[4].conditions[22].validation_seconds,0.272046
per_scenario[4].conditions[22].validation_totals.accepted,12
per_scenario[4].conditions[22].validation_totals.received,12
per_scenario[4].conditions[22].validation_totals.rejected,0
per_scenario[4].conditions[22].validation_warning_count,3
per_scenario[4].conditions[23].analysis_seconds,0.383196
per_scenario[4].conditions[23].finding_count,3
per_scenario[4].conditions[23].paired_delta_vs_control.family_set_changed,false
per_scenario[4].conditions[23].paired_delta_vs_control.finding_count_change,0
per_scenario[4].conditions[23].parameters.rate,0.25
per_scenario[4].conditions[23].parameters.seed,4
per_scenario[4].conditions[23].perturbation_ground_truth.cascaded_investigation_steps_removed,0
per_scenario[4].conditions[23].perturbation_ground_truth.dangling_references_after_omission.escalations_or_dispositions,0
per_scenario[4].conditions[23].perturbation_ground_truth.dangling_references_after_omission.investigation_steps,0
per_scenario[4].conditions[23].perturbation_ground_truth.eligible_records,11
per_scenario[4].conditions[23].perturbation_ground_truth.removed[0].row_index,0
per_scenario[4].conditions[23].perturbation_ground_truth.removed[1].row_index,2
per_scenario[4].conditions[23].perturbation_ground_truth.removed[2].row_index,5
per_scenario[4].conditions[23].recommendation_count,0
per_scenario[4].conditions[23].risk.total_score,5.62
per_scenario[4].conditions[23].traceability.evidence_reference_coverage,1.0
per_scenario[4].conditions[23].traceability.evidence_references,6
per_scenario[4].conditions[23].traceability.findings,3
per_scenario[4].conditions[23].traceability.findings_with_all_evidence_references_resolved,1
per_scenario[4].conditions[23].traceability.resolved_evidence_references,6
per_scenario[4].conditions[23].validation_matches_expected,true
per_scenario[4].conditions[23].validation_seconds,0.274707
per_scenario[4].conditions[23].validation_totals.accepted,12
per_scenario[4].conditions[23].validation_totals.received,12
per_scenario[4].conditions[23].validation_totals.rejected,0
per_scenario[4].conditions[23].validation_warning_count,3
per_scenario[4].conditions[24].paired_delta_vs_control,null
per_scenario[4].conditions[24].parameters.rate,0.5
per_scenario[4].conditions[24].parameters.seed,0
per_scenario[4].conditions[24].perturbation_ground_truth.dangling_references_after_omission.escalations_or_dispositions,0
per_scenario[4].conditions[24].perturbation_ground_truth.dangling_references_after_omission.investigation_steps,3
per_scenario[4].conditions[24].perturbation_ground_truth.eligible_records,11
per_scenario[4].conditions[24].perturbation_ground_truth.removed[0].row_index,1
per_scenario[4].conditions[24].perturbation_ground_truth.removed[1].row_index,0
per_scenario[4].conditions[24].perturbation_ground_truth.removed[2].row_index,1
per_scenario[4].conditions[24].perturbation_ground_truth.removed[3].row_index,0
per_scenario[4].conditions[24].perturbation_ground_truth.removed[4].row_index,1
per_scenario[4].conditions[24].perturbation_ground_truth.removed[5].row_index,4
per_scenario[4].conditions[24].validation_matches_expected,true
per_scenario[4].conditions[24].validation_seconds,0.2669
per_scenario[4].conditions[24].validation_totals.accepted,6
per_scenario[4].conditions[24].validation_totals.received,9
per_scenario[4].conditions[24].validation_totals.rejected,3
per_scenario[4].conditions[24].validation_warning_count,5
per_scenario[4].conditions[25].analysis_seconds,0.938123
per_scenario[4].conditions[25].finding_count,5
per_scenario[4].conditions[25].paired_delta_vs_control.family_set_changed,false
per_scenario[4].conditions[25].paired_delta_vs_control.finding_count_change,2
per_scenario[4].conditions[25].paired_delta_vs_control.risk_fields_changed.total_score.control,5.62
per_scenario[4].conditions[25].paired_delta_vs_control.risk_fields_changed.total_score.perturbed,3.75
per_scenario[4].conditions[25].parameters.rate,0.5
per_scenario[4].conditions[25].parameters.seed,0
per_scenario[4].conditions[25].perturbation_ground_truth.cascaded_investigation_steps_removed,3
per_scenario[4].conditions[25].perturbation_ground_truth.dangling_references_after_omission.escalations_or_dispositions,0
per_scenario[4].conditions[25].perturbation_ground_truth.dangling_references_after_omission.investigation_steps,0
per_scenario[4].conditions[25].perturbation_ground_truth.eligible_records,11
per_scenario[4].conditions[25].perturbation_ground_truth.removed[0].row_index,1
per_scenario[4].conditions[25].perturbation_ground_truth.removed[1].row_index,0
per_scenario[4].conditions[25].perturbation_ground_truth.removed[2].row_index,1
per_scenario[4].conditions[25].perturbation_ground_truth.removed[3].row_index,0
per_scenario[4].conditions[25].perturbation_ground_truth.removed[4].row_index,1
per_scenario[4].conditions[25].perturbation_ground_truth.removed[5].row_index,4
per_scenario[4].conditions[25].recommendation_count,0
per_scenario[4].conditions[25].risk.total_score,3.75
per_scenario[4].conditions[25].traceability.evidence_reference_coverage,1.0
per_scenario[4].conditions[25].traceability.evidence_references,4
per_scenario[4].conditions[25].traceability.findings,5
per_scenario[4].conditions[25].traceability.findings_with_all_evidence_references_resolved,1
per_scenario[4].conditions[25].traceability.resolved_evidence_references,4
per_scenario[4].conditions[25].validation_matches_expected,true
per_scenario[4].conditions[25].validation_seconds,0.181405
per_scenario[4].conditions[25].validation_totals.accepted,6
per_scenario[4].conditions[25].validation_totals.received,6
per_scenario[4].conditions[25].validation_totals.rejected,0
per_scenario[4].conditions[25].validation_warning_count,5
per_scenario[4].conditions[26].paired_delta_vs_control,null
per_scenario[4].conditions[26].parameters.rate,0.5
per_scenario[4].conditions[26].parameters.seed,1
per_scenario[4].conditions[26].perturbation_ground_truth.dangling_references_after_omission.escalations_or_dispositions,0
per_scenario[4].conditions[26].perturbation_ground_truth.dangling_references_after_omission.investigation_steps,2
per_scenario[4].conditions[26].perturbation_ground_truth.eligible_records,11
per_scenario[4].conditions[26].perturbation_ground_truth.removed[0].row_index,0
per_scenario[4].conditions[26].perturbation_ground_truth.removed[1].row_index,1
per_scenario[4].conditions[26].perturbation_ground_truth.removed[2].row_index,2
per_scenario[4].conditions[26].perturbation_ground_truth.removed[3].row_index,1
per_scenario[4].conditions[26].perturbation_ground_truth.removed[4].row_index,2
per_scenario[4].conditions[26].perturbation_ground_truth.removed[5].row_index,5
per_scenario[4].conditions[26].validation_matches_expected,true
per_scenario[4].conditions[26].validation_seconds,0.242713
per_scenario[4].conditions[26].validation_totals.accepted,7
per_scenario[4].conditions[26].validation_totals.received,9
per_scenario[4].conditions[26].validation_totals.rejected,2
per_scenario[4].conditions[26].validation_warning_count,6
per_scenario[4].conditions[27].analysis_seconds,0.831023
per_scenario[4].conditions[27].finding_count,4
per_scenario[4].conditions[27].paired_delta_vs_control.family_set_changed,false
per_scenario[4].conditions[27].paired_delta_vs_control.finding_count_change,1
per_scenario[4].conditions[27].paired_delta_vs_control.risk_fields_changed.total_score.control,5.62
per_scenario[4].conditions[27].paired_delta_vs_control.risk_fields_changed.total_score.perturbed,5.0
per_scenario[4].conditions[27].parameters.rate,0.5
per_scenario[4].conditions[27].parameters.seed,1
per_scenario[4].conditions[27].perturbation_ground_truth.cascaded_investigation_steps_removed,2
per_scenario[4].conditions[27].perturbation_ground_truth.dangling_references_after_omission.escalations_or_dispositions,0
per_scenario[4].conditions[27].perturbation_ground_truth.dangling_references_after_omission.investigation_steps,0
per_scenario[4].conditions[27].perturbation_ground_truth.eligible_records,11
per_scenario[4].conditions[27].perturbation_ground_truth.removed[0].row_index,0
per_scenario[4].conditions[27].perturbation_ground_truth.removed[1].row_index,1
per_scenario[4].conditions[27].perturbation_ground_truth.removed[2].row_index,2
per_scenario[4].conditions[27].perturbation_ground_truth.removed[3].row_index,1
per_scenario[4].conditions[27].perturbation_ground_truth.removed[4].row_index,2
per_scenario[4].conditions[27].perturbation_ground_truth.removed[5].row_index,5
per_scenario[4].conditions[27].recommendation_count,0
per_scenario[4].conditions[27].risk.total_score,5.0
per_scenario[4].conditions[27].traceability.evidence_reference_coverage,1.0
per_scenario[4].conditions[27].traceability.evidence_references,5
per_scenario[4].conditions[27].traceability.findings,4
per_scenario[4].conditions[27].traceability.findings_with_all_evidence_references_resolved,1
per_scenario[4].conditions[27].traceability.resolved_evidence_references,5
per_scenario[4].conditions[27].validation_matches_expected,true
per_scenario[4].conditions[27].validation_seconds,0.254252
per_scenario[4].conditions[27].validation_totals.accepted,7
per_scenario[4].conditions[27].validation_totals.received,7
per_scenario[4].conditions[27].validation_totals.rejected,0
per_scenario[4].conditions[27].validation_warning_count,6
per_scenario[4].conditions[28].analysis_seconds,0.791244
per_scenario[4].conditions[28].finding_count,3
per_scenario[4].conditions[28].paired_delta_vs_control.family_set_changed,false
per_scenario[4].conditions[28].paired_delta_vs_control.finding_count_change,0
per_scenario[4].conditions[28].parameters.rate,0.5
per_scenario[4].conditions[28].parameters.seed,2
per_scenario[4].conditions[28].perturbation_ground_truth.dangling_references_after_omission.escalations_or_dispositions,0
per_scenario[4].conditions[28].perturbation_ground_truth.dangling_references_after_omission.investigation_steps,0
per_scenario[4].conditions[28].perturbation_ground_truth.eligible_records,11
per_scenario[4].conditions[28].perturbation_ground_truth.removed[0].row_index,0
per_scenario[4].conditions[28].perturbation_ground_truth.removed[1].row_index,1
per_scenario[4].conditions[28].perturbation_ground_truth.removed[2].row_index,0
per_scenario[4].conditions[28].perturbation_ground_truth.removed[3].row_index,2
per_scenario[4].conditions[28].perturbation_ground_truth.removed[4].row_index,3
per_scenario[4].conditions[28].perturbation_ground_truth.removed[5].row_index,4
per_scenario[4].conditions[28].recommendation_count,0
per_scenario[4].conditions[28].risk.total_score,5.62
per_scenario[4].conditions[28].traceability.evidence_reference_coverage,1.0
per_scenario[4].conditions[28].traceability.evidence_references,6
per_scenario[4].conditions[28].traceability.findings,3
per_scenario[4].conditions[28].traceability.findings_with_all_evidence_references_resolved,1
per_scenario[4].conditions[28].traceability.resolved_evidence_references,6
per_scenario[4].conditions[28].validation_matches_expected,true
per_scenario[4].conditions[28].validation_seconds,0.303102
per_scenario[4].conditions[28].validation_totals.accepted,9
per_scenario[4].conditions[28].validation_totals.received,9
per_scenario[4].conditions[28].validation_totals.rejected,0
per_scenario[4].conditions[28].validation_warning_count,3
per_scenario[4].conditions[29].analysis_seconds,0.360066
per_scenario[4].conditions[29].finding_count,3
per_scenario[4].conditions[29].paired_delta_vs_control.family_set_changed,false
per_scenario[4].conditions[29].paired_delta_vs_control.finding_count_change,0
per_scenario[4].conditions[29].parameters.rate,0.5
per_scenario[4].conditions[29].parameters.seed,2
per_scenario[4].conditions[29].perturbation_ground_truth.cascaded_investigation_steps_removed,0
per_scenario[4].conditions[29].perturbation_ground_truth.dangling_references_after_omission.escalations_or_dispositions,0
per_scenario[4].conditions[29].perturbation_ground_truth.dangling_references_after_omission.investigation_steps,0
per_scenario[4].conditions[29].perturbation_ground_truth.eligible_records,11
per_scenario[4].conditions[29].perturbation_ground_truth.removed[0].row_index,0
per_scenario[4].conditions[29].perturbation_ground_truth.removed[1].row_index,1
per_scenario[4].conditions[29].perturbation_ground_truth.removed[2].row_index,0
per_scenario[4].conditions[29].perturbation_ground_truth.removed[3].row_index,2
per_scenario[4].conditions[29].perturbation_ground_truth.removed[4].row_index,3
per_scenario[4].conditions[29].perturbation_ground_truth.removed[5].row_index,4
per_scenario[4].conditions[29].recommendation_count,0
per_scenario[4].conditions[29].risk.total_score,5.62
per_scenario[4].conditions[29].traceability.evidence_reference_coverage,1.0
per_scenario[4].conditions[29].traceability.evidence_references,6
per_scenario[4].conditions[29].traceability.findings,3
per_scenario[4].conditions[29].traceability.findings_with_all_evidence_references_resolved,1
per_scenario[4].conditions[29].traceability.resolved_evidence_references,6
per_scenario[4].conditions[29].validation_matches_expected,true
per_scenario[4].conditions[29].validation_seconds,0.294462
per_scenario[4].conditions[29].validation_totals.accepted,9
per_scenario[4].conditions[29].validation_totals.received,9
per_scenario[4].conditions[29].validation_totals.rejected,0
per_scenario[4].conditions[29].validation_warning_count,3
per_scenario[4].conditions[30].paired_delta_vs_control,null
per_scenario[4].conditions[30].parameters.rate,0.5
per_scenario[4].conditions[30].parameters.seed,3
per_scenario[4].conditions[30].perturbation_ground_truth.dangling_references_after_omission.escalations_or_dispositions,0
per_scenario[4].conditions[30].perturbation_ground_truth.dangling_references_after_omission.investigation_steps,2
per_scenario[4].conditions[30].perturbation_ground_truth.eligible_records,11
per_scenario[4].conditions[30].perturbation_ground_truth.removed[0].row_index,0
per_scenario[4].conditions[30].perturbation_ground_truth.removed[1].row_index,1
per_scenario[4].conditions[30].perturbation_ground_truth.removed[2].row_index,0
per_scenario[4].conditions[30].perturbation_ground_truth.removed[3].row_index,1
per_scenario[4].conditions[30].perturbation_ground_truth.removed[4].row_index,3
per_scenario[4].conditions[30].perturbation_ground_truth.removed[5].row_index,5
per_scenario[4].conditions[30].validation_matches_expected,true
per_scenario[4].conditions[30].validation_seconds,0.303541
per_scenario[4].conditions[30].validation_totals.accepted,7
per_scenario[4].conditions[30].validation_totals.received,9
per_scenario[4].conditions[30].validation_totals.rejected,2
per_scenario[4].conditions[30].validation_warning_count,5
per_scenario[4].conditions[31].analysis_seconds,0.517278
per_scenario[4].conditions[31].finding_count,3
per_scenario[4].conditions[31].paired_delta_vs_control.family_set_changed,false
per_scenario[4].conditions[31].paired_delta_vs_control.finding_count_change,0
per_scenario[4].conditions[31].parameters.rate,0.5
per_scenario[4].conditions[31].parameters.seed,3
per_scenario[4].conditions[31].perturbation_ground_truth.cascaded_investigation_steps_removed,2
per_scenario[4].conditions[31].perturbation_ground_truth.dangling_references_after_omission.escalations_or_dispositions,0
per_scenario[4].conditions[31].perturbation_ground_truth.dangling_references_after_omission.investigation_steps,0
per_scenario[4].conditions[31].perturbation_ground_truth.eligible_records,11
per_scenario[4].conditions[31].perturbation_ground_truth.removed[0].row_index,0
per_scenario[4].conditions[31].perturbation_ground_truth.removed[1].row_index,1
per_scenario[4].conditions[31].perturbation_ground_truth.removed[2].row_index,0
per_scenario[4].conditions[31].perturbation_ground_truth.removed[3].row_index,1
per_scenario[4].conditions[31].perturbation_ground_truth.removed[4].row_index,3
per_scenario[4].conditions[31].perturbation_ground_truth.removed[5].row_index,5
per_scenario[4].conditions[31].recommendation_count,0
per_scenario[4].conditions[31].risk.total_score,5.62
per_scenario[4].conditions[31].traceability.evidence_reference_coverage,1.0
per_scenario[4].conditions[31].traceability.evidence_references,5
per_scenario[4].conditions[31].traceability.findings,3
per_scenario[4].conditions[31].traceability.findings_with_all_evidence_references_resolved,1
per_scenario[4].conditions[31].traceability.resolved_evidence_references,5
per_scenario[4].conditions[31].validation_matches_expected,true
per_scenario[4].conditions[31].validation_seconds,0.273762
per_scenario[4].conditions[31].validation_totals.accepted,7
per_scenario[4].conditions[31].validation_totals.received,7
per_scenario[4].conditions[31].validation_totals.rejected,0
per_scenario[4].conditions[31].validation_warning_count,5
per_scenario[4].conditions[32].analysis_seconds,0.705646
per_scenario[4].conditions[32].finding_count,3
per_scenario[4].conditions[32].paired_delta_vs_control.family_set_changed,false
per_scenario[4].conditions[32].paired_delta_vs_control.finding_count_change,0
per_scenario[4].conditions[32].parameters.rate,0.5
per_scenario[4].conditions[32].parameters.seed,4
per_scenario[4].conditions[32].perturbation_ground_truth.dangling_references_after_omission.escalations_or_dispositions,0
per_scenario[4].conditions[32].perturbation_ground_truth.dangling_references_after_omission.investigation_steps,0
per_scenario[4].conditions[32].perturbation_ground_truth.eligible_records,11
per_scenario[4].conditions[32].perturbation_ground_truth.removed[0].row_index,0
per_scenario[4].conditions[32].perturbation_ground_truth.removed[1].row_index,1
per_scenario[4].conditions[32].perturbation_ground_truth.removed[2].row_index,0
per_scenario[4].conditions[32].perturbation_ground_truth.removed[3].row_index,2
per_scenario[4].conditions[32].perturbation_ground_truth.removed[4].row_index,3
per_scenario[4].conditions[32].perturbation_ground_truth.removed[5].row_index,5
per_scenario[4].conditions[32].recommendation_count,0
per_scenario[4].conditions[32].risk.total_score,5.62
per_scenario[4].conditions[32].traceability.evidence_reference_coverage,1.0
per_scenario[4].conditions[32].traceability.evidence_references,6
per_scenario[4].conditions[32].traceability.findings,3
per_scenario[4].conditions[32].traceability.findings_with_all_evidence_references_resolved,1
per_scenario[4].conditions[32].traceability.resolved_evidence_references,6
per_scenario[4].conditions[32].validation_matches_expected,true
per_scenario[4].conditions[32].validation_seconds,0.288971
per_scenario[4].conditions[32].validation_totals.accepted,9
per_scenario[4].conditions[32].validation_totals.received,9
per_scenario[4].conditions[32].validation_totals.rejected,0
per_scenario[4].conditions[32].validation_warning_count,3
per_scenario[4].conditions[33].analysis_seconds,0.46806
per_scenario[4].conditions[33].finding_count,3
per_scenario[4].conditions[33].paired_delta_vs_control.family_set_changed,false
per_scenario[4].conditions[33].paired_delta_vs_control.finding_count_change,0
per_scenario[4].conditions[33].parameters.rate,0.5
per_scenario[4].conditions[33].parameters.seed,4
per_scenario[4].conditions[33].perturbation_ground_truth.cascaded_investigation_steps_removed,0
per_scenario[4].conditions[33].perturbation_ground_truth.dangling_references_after_omission.escalations_or_dispositions,0
per_scenario[4].conditions[33].perturbation_ground_truth.dangling_references_after_omission.investigation_steps,0
per_scenario[4].conditions[33].perturbation_ground_truth.eligible_records,11
per_scenario[4].conditions[33].perturbation_ground_truth.removed[0].row_index,0
per_scenario[4].conditions[33].perturbation_ground_truth.removed[1].row_index,1
per_scenario[4].conditions[33].perturbation_ground_truth.removed[2].row_index,0
per_scenario[4].conditions[33].perturbation_ground_truth.removed[3].row_index,2
per_scenario[4].conditions[33].perturbation_ground_truth.removed[4].row_index,3
per_scenario[4].conditions[33].perturbation_ground_truth.removed[5].row_index,5
per_scenario[4].conditions[33].recommendation_count,0
per_scenario[4].conditions[33].risk.total_score,5.62
per_scenario[4].conditions[33].traceability.evidence_reference_coverage,1.0
per_scenario[4].conditions[33].traceability.evidence_references,6
per_scenario[4].conditions[33].traceability.findings,3
per_scenario[4].conditions[33].traceability.findings_with_all_evidence_references_resolved,1
per_scenario[4].conditions[33].traceability.resolved_evidence_references,6
per_scenario[4].conditions[33].validation_matches_expected,true
per_scenario[4].conditions[33].validation_seconds,0.266289
per_scenario[4].conditions[33].validation_totals.accepted,9
per_scenario[4].conditions[33].validation_totals.received,9
per_scenario[4].conditions[33].validation_totals.rejected,0
per_scenario[4].conditions[33].validation_warning_count,3
per_scenario[4].conditions[34].paired_delta_vs_control,null
per_scenario[4].conditions[34].perturbation_ground_truth.byte_identical,true
per_scenario[4].conditions[34].validation_matches_expected,true
per_scenario[4].conditions[34].validation_seconds,0.302159
per_scenario[4].conditions[34].validation_totals.accepted,0
per_scenario[4].conditions[34].validation_totals.received,16
per_scenario[4].conditions[34].validation_totals.rejected,1
per_scenario[4].conditions[34].validation_warning_count,0
per_scenario[4].conditions[35].paired_delta_vs_control,null
per_scenario[4].conditions[35].validation_matches_expected,true
per_scenario[4].conditions[35].validation_seconds,0.28977
per_scenario[4].conditions[35].validation_totals.accepted,15
per_scenario[4].conditions[35].validation_totals.received,16
per_scenario[4].conditions[35].validation_totals.rejected,1
per_scenario[4].conditions[35].validation_warning_count,0
per_scenario[4].conditions[36].paired_delta_vs_control,null
per_scenario[4].conditions[36].validation_matches_expected,true
per_scenario[4].conditions[36].validation_seconds,0.283116
per_scenario[4].conditions[36].validation_totals.accepted,14
per_scenario[4].conditions[36].validation_totals.received,15
per_scenario[4].conditions[36].validation_totals.rejected,1
per_scenario[4].conditions[36].validation_warning_count,1
per_scenario[4].conditions[37].paired_delta_vs_control,null
per_scenario[4].conditions[37].validation_matches_expected,true
per_scenario[4].conditions[37].validation_seconds,0.275804
per_scenario[4].conditions[37].validation_totals.accepted,14
per_scenario[4].conditions[37].validation_totals.received,15
per_scenario[4].conditions[37].validation_totals.rejected,1
per_scenario[4].conditions[37].validation_warning_count,1
per_scenario[4].conditions[38].paired_delta_vs_control,null
per_scenario[4].conditions[38].validation_matches_expected,true
per_scenario[4].conditions[38].validation_seconds,0.277759
per_scenario[4].conditions[38].validation_totals.accepted,0
per_scenario[4].conditions[38].validation_totals.received,11
per_scenario[4].conditions[38].validation_totals.rejected,0
per_scenario[4].conditions[38].validation_warning_count,0
per_scenario[4].conditions[39].analysis_seconds,0.420116
per_scenario[4].conditions[39].expected_validation,null
per_scenario[4].conditions[39].finding_count,3
per_scenario[4].conditions[39].paired_delta_vs_control.family_set_changed,false
per_scenario[4].conditions[39].paired_delta_vs_control.finding_count_change,0
per_scenario[4].conditions[39].perturbation_ground_truth.shift_seconds,-3456000
per_scenario[4].conditions[39].recommendation_count,0
per_scenario[4].conditions[39].risk.total_score,5.62
per_scenario[4].conditions[39].traceability.evidence_reference_coverage,1.0
per_scenario[4].conditions[39].traceability.evidence_references,6
per_scenario[4].conditions[39].traceability.findings,3
per_scenario[4].conditions[39].traceability.findings_with_all_evidence_references_resolved,1
per_scenario[4].conditions[39].traceability.resolved_evidence_references,6
per_scenario[4].conditions[39].validation_matches_expected,null
per_scenario[4].conditions[39].validation_seconds,0.284416
per_scenario[4].conditions[39].validation_totals.accepted,15
per_scenario[4].conditions[39].validation_totals.received,15
per_scenario[4].conditions[39].validation_totals.rejected,0
per_scenario[4].conditions[39].validation_warning_count,0
per_scenario[4].control_vs_catalog.f1,1.0
per_scenario[4].control_vs_catalog.fn,0
per_scenario[4].control_vs_catalog.fp,0
per_scenario[4].control_vs_catalog.precision,1.0
per_scenario[4].control_vs_catalog.recall,1.0
per_scenario[4].control_vs_catalog.tp,1
performance.total_elapsed_seconds,186.532876
record_omission_by_rate.omit_records:0.10.completed_analyses,22
record_omission_by_rate.omit_records:0.10.families_added_per_run.max,0
record_omission_by_rate.omit_records:0.10.families_added_per_run.mean,0.0
record_omission_by_rate.omit_records:0.10.families_added_per_run.min,0
record_omission_by_rate.omit_records:0.10.families_added_per_run.n,22
record_omission_by_rate.omit_records:0.10.families_removed_per_run.max,0
record_omission_by_rate.omit_records:0.10.families_removed_per_run.mean,0.0
record_omission_by_rate.omit_records:0.10.families_removed_per_run.min,0
record_omission_by_rate.omit_records:0.10.families_removed_per_run.n,22
record_omission_by_rate.omit_records:0.10.family_set_changed,0
record_omission_by_rate.omit_records:0.10.rejected_by_validation,3
record_omission_by_rate.omit_records:0.10.replicates,25
record_omission_by_rate.omit_records:0.25.completed_analyses,14
record_omission_by_rate.omit_records:0.25.families_added_per_run.max,1
record_omission_by_rate.omit_records:0.25.families_added_per_run.mean,0.2143
record_omission_by_rate.omit_records:0.25.families_added_per_run.min,0
record_omission_by_rate.omit_records:0.25.families_added_per_run.n,14
record_omission_by_rate.omit_records:0.25.families_removed_per_run.max,1
record_omission_by_rate.omit_records:0.25.families_removed_per_run.mean,0.1429
record_omission_by_rate.omit_records:0.25.families_removed_per_run.min,0
record_omission_by_rate.omit_records:0.25.families_removed_per_run.n,14
record_omission_by_rate.omit_records:0.25.family_set_changed,4
record_omission_by_rate.omit_records:0.25.rejected_by_validation,11
record_omission_by_rate.omit_records:0.25.replicates,25
record_omission_by_rate.omit_records:0.50.completed_analyses,11
record_omission_by_rate.omit_records:0.50.families_added_per_run.max,2
record_omission_by_rate.omit_records:0.50.families_added_per_run.mean,0.4545
record_omission_by_rate.omit_records:0.50.families_added_per_run.min,0
record_omission_by_rate.omit_records:0.50.families_added_per_run.n,11
record_omission_by_rate.omit_records:0.50.families_removed_per_run.max,1
record_omission_by_rate.omit_records:0.50.families_removed_per_run.mean,0.0909
record_omission_by_rate.omit_records:0.50.families_removed_per_run.min,0
record_omission_by_rate.omit_records:0.50.families_removed_per_run.n,11
record_omission_by_rate.omit_records:0.50.family_set_changed,4
record_omission_by_rate.omit_records:0.50.rejected_by_validation,14
record_omission_by_rate.omit_records:0.50.replicates,25
record_omission_by_rate.omit_records_cascade:0.10.completed_analyses,25
record_omission_by_rate.omit_records_cascade:0.10.families_added_per_run.max,2
record_omission_by_rate.omit_records_cascade:0.10.families_added_per_run.mean,0.08
record_omission_by_rate.omit_records_cascade:0.10.families_added_per_run.min,0
record_omission_by_rate.omit_records_cascade:0.10.families_added_per_run.n,25
record_omission_by_rate.omit_records_cascade:0.10.families_removed_per_run.max,1
record_omission_by_rate.omit_records_cascade:0.10.families_removed_per_run.mean,0.04
record_omission_by_rate.omit_records_cascade:0.10.families_removed_per_run.min,0
record_omission_by_rate.omit_records_cascade:0.10.families_removed_per_run.n,25
record_omission_by_rate.omit_records_cascade:0.10.family_set_changed,1
record_omission_by_rate.omit_records_cascade:0.10.rejected_by_validation,0
record_omission_by_rate.omit_records_cascade:0.10.replicates,25
record_omission_by_rate.omit_records_cascade:0.25.completed_analyses,25
record_omission_by_rate.omit_records_cascade:0.25.families_added_per_run.max,5
record_omission_by_rate.omit_records_cascade:0.25.families_added_per_run.mean,0.76
record_omission_by_rate.omit_records_cascade:0.25.families_added_per_run.min,0
record_omission_by_rate.omit_records_cascade:0.25.families_added_per_run.n,25
record_omission_by_rate.omit_records_cascade:0.25.families_removed_per_run.max,1
record_omission_by_rate.omit_records_cascade:0.25.families_removed_per_run.mean,0.32
record_omission_by_rate.omit_records_cascade:0.25.families_removed_per_run.min,0
record_omission_by_rate.omit_records_cascade:0.25.families_removed_per_run.n,25
record_omission_by_rate.omit_records_cascade:0.25.family_set_changed,11
record_omission_by_rate.omit_records_cascade:0.25.rejected_by_validation,0
record_omission_by_rate.omit_records_cascade:0.25.replicates,25
record_omission_by_rate.omit_records_cascade:0.50.completed_analyses,25
record_omission_by_rate.omit_records_cascade:0.50.families_added_per_run.max,5
record_omission_by_rate.omit_records_cascade:0.50.families_added_per_run.mean,1.56
record_omission_by_rate.omit_records_cascade:0.50.families_added_per_run.min,0
record_omission_by_rate.omit_records_cascade:0.50.families_added_per_run.n,25
record_omission_by_rate.omit_records_cascade:0.50.families_removed_per_run.max,1
record_omission_by_rate.omit_records_cascade:0.50.families_removed_per_run.mean,0.32
record_omission_by_rate.omit_records_cascade:0.50.families_removed_per_run.min,0
record_omission_by_rate.omit_records_cascade:0.50.families_removed_per_run.n,25
record_omission_by_rate.omit_records_cascade:0.50.family_set_changed,15
record_omission_by_rate.omit_records_cascade:0.50.rejected_by_validation,0
record_omission_by_rate.omit_records_cascade:0.50.replicates,25
validation_contract_conformance.by_kind.chronology_violation.completed_analyses,0
validation_contract_conformance.by_kind.chronology_violation.conditions,5
validation_contract_conformance.by_kind.chronology_violation.matches_expected,5
validation_contract_conformance.by_kind.chronology_violation.mismatches_expected,0
validation_contract_conformance.by_kind.chronology_violation.no_declared_expectation,0
validation_contract_conformance.by_kind.chronology_violation.validation_status_counts.invalid,5
validation_contract_conformance.by_kind.control.completed_analyses,5
validation_contract_conformance.by_kind.control.conditions,5
validation_contract_conformance.by_kind.control.matches_expected,5
validation_contract_conformance.by_kind.control.mismatches_expected,0
validation_contract_conformance.by_kind.control.no_declared_expectation,0
validation_contract_conformance.by_kind.control.validation_status_counts.valid,5
validation_contract_conformance.by_kind.duplicate_conflicting.completed_analyses,0
validation_contract_conformance.by_kind.duplicate_conflicting.conditions,5
validation_contract_conformance.by_kind.duplicate_conflicting.matches_expected,5
validation_contract_conformance.by_kind.duplicate_conflicting.mismatches_expected,0
validation_contract_conformance.by_kind.duplicate_conflicting.no_declared_expectation,0
validation_contract_conformance.by_kind.duplicate_conflicting.validation_status_counts.invalid,5
validation_contract_conformance.by_kind.duplicate_exact.completed_analyses,0
validation_contract_conformance.by_kind.duplicate_exact.conditions,5
validation_contract_conformance.by_kind.duplicate_exact.matches_expected,5
validation_contract_conformance.by_kind.duplicate_exact.mismatches_expected,0
validation_contract_conformance.by_kind.duplicate_exact.no_declared_expectation,0
validation_contract_conformance.by_kind.duplicate_exact.validation_status_counts.invalid,5
validation_contract_conformance.by_kind.malformed_timestamp.completed_analyses,0
validation_contract_conformance.by_kind.malformed_timestamp.conditions,5
validation_contract_conformance.by_kind.malformed_timestamp.matches_expected,5
validation_contract_conformance.by_kind.malformed_timestamp.mismatches_expected,0
validation_contract_conformance.by_kind.malformed_timestamp.no_declared_expectation,0
validation_contract_conformance.by_kind.malformed_timestamp.validation_status_counts.invalid,5
validation_contract_conformance.by_kind.missing_required_column.completed_analyses,0
validation_contract_conformance.by_kind.missing_required_column.conditions,5
validation_contract_conformance.by_kind.missing_required_column.matches_expected,5
validation_contract_conformance.by_kind.missing_required_column.mismatches_expected,0
validation_contract_conformance.by_kind.missing_required_column.no_declared_expectation,0
validation_contract_conformance.by_kind.missing_required_column.validation_status_counts.invalid,5
validation_contract_conformance.by_kind.omit_category.completed_analyses,18
validation_contract_conformance.by_kind.omit_category.conditions,23
validation_contract_conformance.by_kind.omit_category.matches_expected,23
validation_contract_conformance.by_kind.omit_category.mismatches_expected,0
validation_contract_conformance.by_kind.omit_category.no_declared_expectation,0
validation_contract_conformance.by_kind.omit_category.validation_status_counts.invalid,5
validation_contract_conformance.by_kind.omit_category.validation_status_counts.valid,18
validation_contract_conformance.by_kind.omit_records.completed_analyses,47
validation_contract_conformance.by_kind.omit_records.conditions,75
validation_contract_conformance.by_kind.omit_records.matches_expected,75
validation_contract_conformance.by_kind.omit_records.mismatches_expected,0
validation_contract_conformance.by_kind.omit_records.no_declared_expectation,0
validation_contract_conformance.by_kind.omit_records.validation_status_counts.invalid,28
validation_contract_conformance.by_kind.omit_records.validation_status_counts.valid,47
validation_contract_conformance.by_kind.omit_records_cascade.completed_analyses,75
validation_contract_conformance.by_kind.omit_records_cascade.conditions,75
validation_contract_conformance.by_kind.omit_records_cascade.matches_expected,75
validation_contract_conformance.by_kind.omit_records_cascade.mismatches_expected,0
validation_contract_conformance.by_kind.omit_records_cascade.no_declared_expectation,0
validation_contract_conformance.by_kind.omit_records_cascade.validation_status_counts.valid,75
validation_contract_conformance.by_kind.out_of_period.completed_analyses,5
validation_contract_conformance.by_kind.out_of_period.conditions,5
validation_contract_conformance.by_kind.out_of_period.matches_expected,0
validation_contract_conformance.by_kind.out_of_period.mismatches_expected,0
validation_contract_conformance.by_kind.out_of_period.no_declared_expectation,5
validation_contract_conformance.by_kind.out_of_period.validation_status_counts.valid,5
validation_contract_conformance.conditions_with_expectation,203
validation_contract_conformance.matches,203
