metric,value
cells[0].cohort_entities_ranked,3
cells[0].cohort_size,2
cells[0].deviation_mad_units,null
cells[0].entities_tied_at_top_priority,1
cells[0].finding_emitted,false
cells[0].peer_closure_seconds[0],540
cells[0].peer_closure_seconds[1],660
cells[0].peer_count,2
cells[0].peer_distribution.max,660
cells[0].peer_distribution.min,540
cells[0].peer_distribution.values_seconds[0],540
cells[0].peer_distribution.values_seconds[1],660
cells[0].peer_mad_seconds,0.0
cells[0].peer_median_seconds,0.0
cells[0].subject_closure_seconds,30
cells[0].subject_priority_rank,1
cells[0].subject_risk_total_score,26.03
cells[0].subject_value,30
cells[1].cohort_entities_ranked,3
cells[1].cohort_size,2
cells[1].deviation_mad_units,null
cells[1].entities_tied_at_top_priority,1
cells[1].finding_emitted,false
cells[1].peer_closure_seconds[0],540
cells[1].peer_closure_seconds[1],660
cells[1].peer_count,2
cells[1].peer_distribution.max,660
cells[1].peer_distribution.min,540
cells[1].peer_distribution.values_seconds[0],540
cells[1].peer_distribution.values_seconds[1],660
cells[1].peer_mad_seconds,0.0
cells[1].peer_median_seconds,0.0
cells[1].subject_closure_seconds,150
cells[1].subject_priority_rank,1
cells[1].subject_risk_total_score,25.8
cells[1].subject_value,150
cells[2].cohort_entities_ranked,3
cells[2].cohort_size,2
cells[2].deviation_mad_units,null
cells[2].entities_tied_at_top_priority,1
cells[2].finding_emitted,false
cells[2].peer_closure_seconds[0],540
cells[2].peer_closure_seconds[1],660
cells[2].peer_count,2
cells[2].peer_distribution.max,660
cells[2].peer_distribution.min,540
cells[2].peer_distribution.values_seconds[0],540
cells[2].peer_distribution.values_seconds[1],660
cells[2].peer_mad_seconds,0.0
cells[2].peer_median_seconds,0.0
cells[2].subject_closure_seconds,300
cells[2].subject_priority_rank,1
cells[2].subject_risk_total_score,25.49
cells[2].subject_value,300
cells[3].cohort_entities_ranked,3
cells[3].cohort_size,2
cells[3].deviation_mad_units,null
cells[3].entities_tied_at_top_priority,1
cells[3].finding_emitted,false
cells[3].peer_closure_seconds[0],540
cells[3].peer_closure_seconds[1],660
cells[3].peer_count,2
cells[3].peer_distribution.max,660
cells[3].peer_distribution.min,540
cells[3].peer_distribution.values_seconds[0],540
cells[3].peer_distribution.values_seconds[1],660
cells[3].peer_mad_seconds,0.0
cells[3].peer_median_seconds,0.0
cells[3].subject_closure_seconds,450
cells[3].subject_priority_rank,1
cells[3].subject_risk_total_score,25.14
cells[3].subject_value,450
cells[4].cohort_entities_ranked,3
cells[4].cohort_size,2
cells[4].deviation_mad_units,null
cells[4].entities_tied_at_top_priority,1
cells[4].finding_emitted,false
cells[4].peer_closure_seconds[0],540
cells[4].peer_closure_seconds[1],660
cells[4].peer_count,2
cells[4].peer_distribution.max,660
cells[4].peer_distribution.min,540
cells[4].peer_distribution.values_seconds[0],540
cells[4].peer_distribution.values_seconds[1],660
cells[4].peer_mad_seconds,0.0
cells[4].peer_median_seconds,0.0
cells[4].subject_closure_seconds,600
cells[4].subject_priority_rank,2
cells[4].subject_risk_total_score,23.6
cells[4].subject_value,600
cells[5].cohort_entities_ranked,3
cells[5].cohort_size,2
cells[5].deviation_mad_units,null
cells[5].entities_tied_at_top_priority,1
cells[5].finding_emitted,false
cells[5].peer_closure_seconds[0],540
cells[5].peer_closure_seconds[1],660
cells[5].peer_count,2
cells[5].peer_distribution.max,660
cells[5].peer_distribution.min,540
cells[5].peer_distribution.values_seconds[0],540
cells[5].peer_distribution.values_seconds[1],660
cells[5].peer_mad_seconds,0.0
cells[5].peer_median_seconds,0.0
cells[5].subject_closure_seconds,900
cells[5].subject_priority_rank,2
cells[5].subject_risk_total_score,23.6
cells[5].subject_value,900
cells[6].cohort_entities_ranked,3
cells[6].cohort_size,2
cells[6].deviation_mad_units,null
cells[6].entities_tied_at_top_priority,1
cells[6].finding_emitted,false
cells[6].peer_closure_seconds[0],540
cells[6].peer_closure_seconds[1],660
cells[6].peer_count,2
cells[6].peer_distribution.max,660
cells[6].peer_distribution.min,540
cells[6].peer_distribution.values_seconds[0],540
cells[6].peer_distribution.values_seconds[1],660
cells[6].peer_mad_seconds,0.0
cells[6].peer_median_seconds,0.0
cells[6].subject_closure_seconds,1500
cells[6].subject_priority_rank,2
cells[6].subject_risk_total_score,23.6
cells[6].subject_value,1500
cells[7].cohort_entities_ranked,3
cells[7].cohort_size,2
cells[7].deviation_mad_units,null
cells[7].entities_tied_at_top_priority,1
cells[7].finding_emitted,false
cells[7].peer_closure_seconds[0],540
cells[7].peer_closure_seconds[1],660
cells[7].peer_count,2
cells[7].peer_distribution.max,660
cells[7].peer_distribution.min,540
cells[7].peer_distribution.values_seconds[0],540
cells[7].peer_distribution.values_seconds[1],660
cells[7].peer_mad_seconds,0.0
cells[7].peer_median_seconds,0.0
cells[7].subject_closure_seconds,3000
cells[7].subject_priority_rank,2
cells[7].subject_risk_total_score,23.6
cells[7].subject_value,3000
cells[8].cohort_entities_ranked,4
cells[8].cohort_size,3
cells[8].deviation_mad_units,-9.5
cells[8].entities_tied_at_top_priority,1
cells[8].finding_emitted,true
cells[8].findings[0].effect,-9.5
cells[8].findings[0].statistic,40.0
cells[8].findings[0].threshold,610.0
cells[8].peer_closure_seconds[0],540
cells[8].peer_closure_seconds[1],600
cells[8].peer_closure_seconds[2],660
cells[8].peer_count,3
cells[8].peer_distribution.max,660
cells[8].peer_distribution.min,540
cells[8].peer_distribution.values_seconds[0],540
cells[8].peer_distribution.values_seconds[1],600
cells[8].peer_distribution.values_seconds[2],660
cells[8].peer_mad_seconds,60.0
cells[8].peer_median_seconds,610.0
cells[8].subject_closure_seconds,30
cells[8].subject_priority_rank,1
cells[8].subject_risk_total_score,30.65
cells[8].subject_value,30
cells[9].cohort_entities_ranked,4
cells[9].cohort_size,3
cells[9].deviation_mad_units,-7.5
cells[9].entities_tied_at_top_priority,1
cells[9].finding_emitted,true
cells[9].findings[0].effect,-7.5
cells[9].findings[0].statistic,160.0
cells[9].findings[0].threshold,610.0
cells[9].peer_closure_seconds[0],540
cells[9].peer_closure_seconds[1],600
cells[9].peer_closure_seconds[2],660
cells[9].peer_count,3
cells[9].peer_distribution.max,660
cells[9].peer_distribution.min,540
cells[9].peer_distribution.values_seconds[0],540
cells[9].peer_distribution.values_seconds[1],600
cells[9].peer_distribution.values_seconds[2],660
cells[9].peer_mad_seconds,60.0
cells[9].peer_median_seconds,610.0
cells[9].subject_closure_seconds,150
cells[9].subject_priority_rank,1
cells[9].subject_risk_total_score,30.42
cells[9].subject_value,150
cells[10].cohort_entities_ranked,4
cells[10].cohort_size,3
cells[10].deviation_mad_units,-5.0
cells[10].entities_tied_at_top_priority,1
cells[10].finding_emitted,true
cells[10].findings[0].effect,-5.0
cells[10].findings[0].statistic,310.0
cells[10].findings[0].threshold,610.0
cells[10].peer_closure_seconds[0],540
cells[10].peer_closure_seconds[1],600
cells[10].peer_closure_seconds[2],660
cells[10].peer_count,3
cells[10].peer_distribution.max,660
cells[10].peer_distribution.min,540
cells[10].peer_distribution.values_seconds[0],540
cells[10].peer_distribution.values_seconds[1],600
cells[10].peer_distribution.values_seconds[2],660
cells[10].peer_mad_seconds,60.0
cells[10].peer_median_seconds,610.0
cells[10].subject_closure_seconds,300
cells[10].subject_priority_rank,1
cells[10].subject_risk_total_score,30.11
cells[10].subject_value,300
cells[11].cohort_entities_ranked,4
cells[11].cohort_size,3
cells[11].deviation_mad_units,-2.5
cells[11].entities_tied_at_top_priority,1
cells[11].finding_emitted,true
cells[11].findings[0].effect,-2.5
cells[11].findings[0].statistic,460.0
cells[11].findings[0].threshold,610.0
cells[11].peer_closure_seconds[0],540
cells[11].peer_closure_seconds[1],600
cells[11].peer_closure_seconds[2],660
cells[11].peer_count,3
cells[11].peer_distribution.max,660
cells[11].peer_distribution.min,540
cells[11].peer_distribution.values_seconds[0],540
cells[11].peer_distribution.values_seconds[1],600
cells[11].peer_distribution.values_seconds[2],660
cells[11].peer_mad_seconds,60.0
cells[11].peer_median_seconds,610.0
cells[11].subject_closure_seconds,450
cells[11].subject_priority_rank,1
cells[11].subject_risk_total_score,29.76
cells[11].subject_value,450
cells[12].cohort_entities_ranked,4
cells[12].cohort_size,3
cells[12].deviation_mad_units,null
cells[12].entities_tied_at_top_priority,1
cells[12].finding_emitted,false
cells[12].peer_closure_seconds[0],540
cells[12].peer_closure_seconds[1],600
cells[12].peer_closure_seconds[2],660
cells[12].peer_count,3
cells[12].peer_distribution.max,660
cells[12].peer_distribution.min,540
cells[12].peer_distribution.values_seconds[0],540
cells[12].peer_distribution.values_seconds[1],600
cells[12].peer_distribution.values_seconds[2],660
cells[12].peer_mad_seconds,60.0
cells[12].peer_median_seconds,610.0
cells[12].subject_closure_seconds,600
cells[12].subject_priority_rank,2
cells[12].subject_risk_total_score,23.6
cells[12].subject_value,600
cells[13].cohort_entities_ranked,4
cells[13].cohort_size,3
cells[13].deviation_mad_units,5.0
cells[13].entities_tied_at_top_priority,1
cells[13].finding_emitted,true
cells[13].findings[0].effect,5.0
cells[13].findings[0].statistic,910.0
cells[13].findings[0].threshold,610.0
cells[13].peer_closure_seconds[0],540
cells[13].peer_closure_seconds[1],600
cells[13].peer_closure_seconds[2],660
cells[13].peer_count,3
cells[13].peer_distribution.max,660
cells[13].peer_distribution.min,540
cells[13].peer_distribution.values_seconds[0],540
cells[13].peer_distribution.values_seconds[1],600
cells[13].peer_distribution.values_seconds[2],660
cells[13].peer_mad_seconds,60.0
cells[13].peer_median_seconds,610.0
cells[13].subject_closure_seconds,900
cells[13].subject_priority_rank,1
cells[13].subject_risk_total_score,28.22
cells[13].subject_value,900
cells[14].cohort_entities_ranked,4
cells[14].cohort_size,3
cells[14].deviation_mad_units,15.0
cells[14].entities_tied_at_top_priority,1
cells[14].finding_emitted,true
cells[14].findings[0].effect,15.0
cells[14].findings[0].statistic,1510.0
cells[14].findings[0].threshold,610.0
cells[14].peer_closure_seconds[0],540
cells[14].peer_closure_seconds[1],600
cells[14].peer_closure_seconds[2],660
cells[14].peer_count,3
cells[14].peer_distribution.max,660
cells[14].peer_distribution.min,540
cells[14].peer_distribution.values_seconds[0],540
cells[14].peer_distribution.values_seconds[1],600
cells[14].peer_distribution.values_seconds[2],660
cells[14].peer_mad_seconds,60.0
cells[14].peer_median_seconds,610.0
cells[14].subject_closure_seconds,1500
cells[14].subject_priority_rank,1
cells[14].subject_risk_total_score,28.22
cells[14].subject_value,1500
cells[15].cohort_entities_ranked,4
cells[15].cohort_size,3
cells[15].deviation_mad_units,40.0
cells[15].entities_tied_at_top_priority,1
cells[15].finding_emitted,true
cells[15].findings[0].effect,40.0
cells[15].findings[0].statistic,3010.0
cells[15].findings[0].threshold,610.0
cells[15].peer_closure_seconds[0],540
cells[15].peer_closure_seconds[1],600
cells[15].peer_closure_seconds[2],660
cells[15].peer_count,3
cells[15].peer_distribution.max,660
cells[15].peer_distribution.min,540
cells[15].peer_distribution.values_seconds[0],540
cells[15].peer_distribution.values_seconds[1],600
cells[15].peer_distribution.values_seconds[2],660
cells[15].peer_mad_seconds,60.0
cells[15].peer_median_seconds,610.0
cells[15].subject_closure_seconds,3000
cells[15].subject_priority_rank,1
cells[15].subject_risk_total_score,28.22
cells[15].subject_value,3000
cells[16].cohort_entities_ranked,5
cells[16].cohort_size,4
cells[16].deviation_mad_units,-14.25
cells[16].entities_tied_at_top_priority,1
cells[16].finding_emitted,true
cells[16].findings[0].effect,-14.25
cells[16].findings[0].statistic,40.0
cells[16].findings[0].threshold,610.0
cells[16].peer_closure_seconds[0],540
cells[16].peer_closure_seconds[1],580
cells[16].peer_closure_seconds[2],620
cells[16].peer_closure_seconds[3],660
cells[16].peer_count,4
cells[16].peer_distribution.max,660
cells[16].peer_distribution.min,540
cells[16].peer_distribution.values_seconds[0],540
cells[16].peer_distribution.values_seconds[1],580
cells[16].peer_distribution.values_seconds[2],620
cells[16].peer_distribution.values_seconds[3],660
cells[16].peer_mad_seconds,40.0
cells[16].peer_median_seconds,610.0
cells[16].subject_closure_seconds,30
cells[16].subject_priority_rank,1
cells[16].subject_risk_total_score,31.74
cells[16].subject_value,30
cells[17].cohort_entities_ranked,5
cells[17].cohort_size,4
cells[17].deviation_mad_units,-11.25
cells[17].entities_tied_at_top_priority,1
cells[17].finding_emitted,true
cells[17].findings[0].effect,-11.25
cells[17].findings[0].statistic,160.0
cells[17].findings[0].threshold,610.0
cells[17].peer_closure_seconds[0],540
cells[17].peer_closure_seconds[1],580
cells[17].peer_closure_seconds[2],620
cells[17].peer_closure_seconds[3],660
cells[17].peer_count,4
cells[17].peer_distribution.max,660
cells[17].peer_distribution.min,540
cells[17].peer_distribution.values_seconds[0],540
cells[17].peer_distribution.values_seconds[1],580
cells[17].peer_distribution.values_seconds[2],620
cells[17].peer_distribution.values_seconds[3],660
cells[17].peer_mad_seconds,40.0
cells[17].peer_median_seconds,610.0
cells[17].subject_closure_seconds,150
cells[17].subject_priority_rank,1
cells[17].subject_risk_total_score,31.51
cells[17].subject_value,150
cells[18].cohort_entities_ranked,5
cells[18].cohort_size,4
cells[18].deviation_mad_units,-7.5
cells[18].entities_tied_at_top_priority,1
cells[18].finding_emitted,true
cells[18].findings[0].effect,-7.5
cells[18].findings[0].statistic,310.0
cells[18].findings[0].threshold,610.0
cells[18].peer_closure_seconds[0],540
cells[18].peer_closure_seconds[1],580
cells[18].peer_closure_seconds[2],620
cells[18].peer_closure_seconds[3],660
cells[18].peer_count,4
cells[18].peer_distribution.max,660
cells[18].peer_distribution.min,540
cells[18].peer_distribution.values_seconds[0],540
cells[18].peer_distribution.values_seconds[1],580
cells[18].peer_distribution.values_seconds[2],620
cells[18].peer_distribution.values_seconds[3],660
cells[18].peer_mad_seconds,40.0
cells[18].peer_median_seconds,610.0
cells[18].subject_closure_seconds,300
cells[18].subject_priority_rank,1
cells[18].subject_risk_total_score,31.2
cells[18].subject_value,300
cells[19].cohort_entities_ranked,5
cells[19].cohort_size,4
cells[19].deviation_mad_units,-3.75
cells[19].entities_tied_at_top_priority,1
cells[19].finding_emitted,true
cells[19].findings[0].effect,-3.75
cells[19].findings[0].statistic,460.0
cells[19].findings[0].threshold,610.0
cells[19].peer_closure_seconds[0],540
cells[19].peer_closure_seconds[1],580
cells[19].peer_closure_seconds[2],620
cells[19].peer_closure_seconds[3],660
cells[19].peer_count,4
cells[19].peer_distribution.max,660
cells[19].peer_distribution.min,540
cells[19].peer_distribution.values_seconds[0],540
cells[19].peer_distribution.values_seconds[1],580
cells[19].peer_distribution.values_seconds[2],620
cells[19].peer_distribution.values_seconds[3],660
cells[19].peer_mad_seconds,40.0
cells[19].peer_median_seconds,610.0
cells[19].subject_closure_seconds,450
cells[19].subject_priority_rank,1
cells[19].subject_risk_total_score,30.85
cells[19].subject_value,450
cells[20].cohort_entities_ranked,5
cells[20].cohort_size,4
cells[20].deviation_mad_units,null
cells[20].entities_tied_at_top_priority,1
cells[20].finding_emitted,false
cells[20].peer_closure_seconds[0],540
cells[20].peer_closure_seconds[1],580
cells[20].peer_closure_seconds[2],620
cells[20].peer_closure_seconds[3],660
cells[20].peer_count,4
cells[20].peer_distribution.max,660
cells[20].peer_distribution.min,540
cells[20].peer_distribution.values_seconds[0],540
cells[20].peer_distribution.values_seconds[1],580
cells[20].peer_distribution.values_seconds[2],620
cells[20].peer_distribution.values_seconds[3],660
cells[20].peer_mad_seconds,40.0
cells[20].peer_median_seconds,610.0
cells[20].subject_closure_seconds,600
cells[20].subject_priority_rank,4
cells[20].subject_risk_total_score,23.6
cells[20].subject_value,600
cells[21].cohort_entities_ranked,5
cells[21].cohort_size,4
cells[21].deviation_mad_units,7.5
cells[21].entities_tied_at_top_priority,1
cells[21].finding_emitted,true
cells[21].findings[0].effect,7.5
cells[21].findings[0].statistic,910.0
cells[21].findings[0].threshold,610.0
cells[21].peer_closure_seconds[0],540
cells[21].peer_closure_seconds[1],580
cells[21].peer_closure_seconds[2],620
cells[21].peer_closure_seconds[3],660
cells[21].peer_count,4
cells[21].peer_distribution.max,660
cells[21].peer_distribution.min,540
cells[21].peer_distribution.values_seconds[0],540
cells[21].peer_distribution.values_seconds[1],580
cells[21].peer_distribution.values_seconds[2],620
cells[21].peer_distribution.values_seconds[3],660
cells[21].peer_mad_seconds,40.0
cells[21].peer_median_seconds,610.0
cells[21].subject_closure_seconds,900
cells[21].subject_priority_rank,1
cells[21].subject_risk_total_score,29.31
cells[21].subject_value,900
cells[22].cohort_entities_ranked,5
cells[22].cohort_size,4
cells[22].deviation_mad_units,22.5
cells[22].entities_tied_at_top_priority,1
cells[22].finding_emitted,true
cells[22].findings[0].effect,22.5
cells[22].findings[0].statistic,1510.0
cells[22].findings[0].threshold,610.0
cells[22].peer_closure_seconds[0],540
cells[22].peer_closure_seconds[1],580
cells[22].peer_closure_seconds[2],620
cells[22].peer_closure_seconds[3],660
cells[22].peer_count,4
cells[22].peer_distribution.max,660
cells[22].peer_distribution.min,540
cells[22].peer_distribution.values_seconds[0],540
cells[22].peer_distribution.values_seconds[1],580
cells[22].peer_distribution.values_seconds[2],620
cells[22].peer_distribution.values_seconds[3],660
cells[22].peer_mad_seconds,40.0
cells[22].peer_median_seconds,610.0
cells[22].subject_closure_seconds,1500
cells[22].subject_priority_rank,1
cells[22].subject_risk_total_score,29.31
cells[22].subject_value,1500
cells[23].cohort_entities_ranked,5
cells[23].cohort_size,4
cells[23].deviation_mad_units,60.0
cells[23].entities_tied_at_top_priority,1
cells[23].finding_emitted,true
cells[23].findings[0].effect,60.0
cells[23].findings[0].statistic,3010.0
cells[23].findings[0].threshold,610.0
cells[23].peer_closure_seconds[0],540
cells[23].peer_closure_seconds[1],580
cells[23].peer_closure_seconds[2],620
cells[23].peer_closure_seconds[3],660
cells[23].peer_count,4
cells[23].peer_distribution.max,660
cells[23].peer_distribution.min,540
cells[23].peer_distribution.values_seconds[0],540
cells[23].peer_distribution.values_seconds[1],580
cells[23].peer_distribution.values_seconds[2],620
cells[23].peer_distribution.values_seconds[3],660
cells[23].peer_mad_seconds,40.0
cells[23].peer_median_seconds,610.0
cells[23].subject_closure_seconds,3000
cells[23].subject_priority_rank,1
cells[23].subject_risk_total_score,29.31
cells[23].subject_value,3000
cells[24].cohort_entities_ranked,6
cells[24].cohort_size,5
cells[24].deviation_mad_units,-19.0
cells[24].entities_tied_at_top_priority,1
cells[24].finding_emitted,true
cells[24].findings[0].effect,-19.0
cells[24].findings[0].statistic,40.0
cells[24].findings[0].threshold,610.0
cells[24].peer_closure_seconds[0],540
cells[24].peer_closure_seconds[1],570
cells[24].peer_closure_seconds[2],600
cells[24].peer_closure_seconds[3],630
cells[24].peer_closure_seconds[4],660
cells[24].peer_count,5
cells[24].peer_distribution.max,660
cells[24].peer_distribution.min,540
cells[24].peer_distribution.values_seconds[0],540
cells[24].peer_distribution.values_seconds[1],570
cells[24].peer_distribution.values_seconds[2],600
cells[24].peer_distribution.values_seconds[3],630
cells[24].peer_distribution.values_seconds[4],660
cells[24].peer_mad_seconds,30.0
cells[24].peer_median_seconds,610.0
cells[24].subject_closure_seconds,30
cells[24].subject_priority_rank,1
cells[24].subject_risk_total_score,32.7
cells[24].subject_value,30
cells[25].cohort_entities_ranked,6
cells[25].cohort_size,5
cells[25].deviation_mad_units,-15.0
cells[25].entities_tied_at_top_priority,1
cells[25].finding_emitted,true
cells[25].findings[0].effect,-15.0
cells[25].findings[0].statistic,160.0
cells[25].findings[0].threshold,610.0
cells[25].peer_closure_seconds[0],540
cells[25].peer_closure_seconds[1],570
cells[25].peer_closure_seconds[2],600
cells[25].peer_closure_seconds[3],630
cells[25].peer_closure_seconds[4],660
cells[25].peer_count,5
cells[25].peer_distribution.max,660
cells[25].peer_distribution.min,540
cells[25].peer_distribution.values_seconds[0],540
cells[25].peer_distribution.values_seconds[1],570
cells[25].peer_distribution.values_seconds[2],600
cells[25].peer_distribution.values_seconds[3],630
cells[25].peer_distribution.values_seconds[4],660
cells[25].peer_mad_seconds,30.0
cells[25].peer_median_seconds,610.0
cells[25].subject_closure_seconds,150
cells[25].subject_priority_rank,1
cells[25].subject_risk_total_score,32.47
cells[25].subject_value,150
cells[26].cohort_entities_ranked,6
cells[26].cohort_size,5
cells[26].deviation_mad_units,-10.0
cells[26].entities_tied_at_top_priority,1
cells[26].finding_emitted,true
cells[26].findings[0].effect,-10.0
cells[26].findings[0].statistic,310.0
cells[26].findings[0].threshold,610.0
cells[26].peer_closure_seconds[0],540
cells[26].peer_closure_seconds[1],570
cells[26].peer_closure_seconds[2],600
cells[26].peer_closure_seconds[3],630
cells[26].peer_closure_seconds[4],660
cells[26].peer_count,5
cells[26].peer_distribution.max,660
cells[26].peer_distribution.min,540
cells[26].peer_distribution.values_seconds[0],540
cells[26].peer_distribution.values_seconds[1],570
cells[26].peer_distribution.values_seconds[2],600
cells[26].peer_distribution.values_seconds[3],630
cells[26].peer_distribution.values_seconds[4],660
cells[26].peer_mad_seconds,30.0
cells[26].peer_median_seconds,610.0
cells[26].subject_closure_seconds,300
cells[26].subject_priority_rank,1
cells[26].subject_risk_total_score,32.16
cells[26].subject_value,300
cells[27].cohort_entities_ranked,6
cells[27].cohort_size,5
cells[27].deviation_mad_units,-5.0
cells[27].entities_tied_at_top_priority,1
cells[27].finding_emitted,true
cells[27].findings[0].effect,-5.0
cells[27].findings[0].statistic,460.0
cells[27].findings[0].threshold,610.0
cells[27].peer_closure_seconds[0],540
cells[27].peer_closure_seconds[1],570
cells[27].peer_closure_seconds[2],600
cells[27].peer_closure_seconds[3],630
cells[27].peer_closure_seconds[4],660
cells[27].peer_count,5
cells[27].peer_distribution.max,660
cells[27].peer_distribution.min,540
cells[27].peer_distribution.values_seconds[0],540
cells[27].peer_distribution.values_seconds[1],570
cells[27].peer_distribution.values_seconds[2],600
cells[27].peer_distribution.values_seconds[3],630
cells[27].peer_distribution.values_seconds[4],660
cells[27].peer_mad_seconds,30.0
cells[27].peer_median_seconds,610.0
cells[27].subject_closure_seconds,450
cells[27].subject_priority_rank,1
cells[27].subject_risk_total_score,31.81
cells[27].subject_value,450
cells[28].cohort_entities_ranked,6
cells[28].cohort_size,5
cells[28].deviation_mad_units,null
cells[28].entities_tied_at_top_priority,1
cells[28].finding_emitted,false
cells[28].peer_closure_seconds[0],540
cells[28].peer_closure_seconds[1],570
cells[28].peer_closure_seconds[2],600
cells[28].peer_closure_seconds[3],630
cells[28].peer_closure_seconds[4],660
cells[28].peer_count,5
cells[28].peer_distribution.max,660
cells[28].peer_distribution.min,540
cells[28].peer_distribution.values_seconds[0],540
cells[28].peer_distribution.values_seconds[1],570
cells[28].peer_distribution.values_seconds[2],600
cells[28].peer_distribution.values_seconds[3],630
cells[28].peer_distribution.values_seconds[4],660
cells[28].peer_mad_seconds,30.0
cells[28].peer_median_seconds,610.0
cells[28].subject_closure_seconds,600
cells[28].subject_priority_rank,5
cells[28].subject_risk_total_score,23.6
cells[28].subject_value,600
cells[29].cohort_entities_ranked,6
cells[29].cohort_size,5
cells[29].deviation_mad_units,10.0
cells[29].entities_tied_at_top_priority,1
cells[29].finding_emitted,true
cells[29].findings[0].effect,10.0
cells[29].findings[0].statistic,910.0
cells[29].findings[0].threshold,610.0
cells[29].peer_closure_seconds[0],540
cells[29].peer_closure_seconds[1],570
cells[29].peer_closure_seconds[2],600
cells[29].peer_closure_seconds[3],630
cells[29].peer_closure_seconds[4],660
cells[29].peer_count,5
cells[29].peer_distribution.max,660
cells[29].peer_distribution.min,540
cells[29].peer_distribution.values_seconds[0],540
cells[29].peer_distribution.values_seconds[1],570
cells[29].peer_distribution.values_seconds[2],600
cells[29].peer_distribution.values_seconds[3],630
cells[29].peer_distribution.values_seconds[4],660
cells[29].peer_mad_seconds,30.0
cells[29].peer_median_seconds,610.0
cells[29].subject_closure_seconds,900
cells[29].subject_priority_rank,1
cells[29].subject_risk_total_score,30.27
cells[29].subject_value,900
cells[30].cohort_entities_ranked,6
cells[30].cohort_size,5
cells[30].deviation_mad_units,30.0
cells[30].entities_tied_at_top_priority,1
cells[30].finding_emitted,true
cells[30].findings[0].effect,30.0
cells[30].findings[0].statistic,1510.0
cells[30].findings[0].threshold,610.0
cells[30].peer_closure_seconds[0],540
cells[30].peer_closure_seconds[1],570
cells[30].peer_closure_seconds[2],600
cells[30].peer_closure_seconds[3],630
cells[30].peer_closure_seconds[4],660
cells[30].peer_count,5
cells[30].peer_distribution.max,660
cells[30].peer_distribution.min,540
cells[30].peer_distribution.values_seconds[0],540
cells[30].peer_distribution.values_seconds[1],570
cells[30].peer_distribution.values_seconds[2],600
cells[30].peer_distribution.values_seconds[3],630
cells[30].peer_distribution.values_seconds[4],660
cells[30].peer_mad_seconds,30.0
cells[30].peer_median_seconds,610.0
cells[30].subject_closure_seconds,1500
cells[30].subject_priority_rank,1
cells[30].subject_risk_total_score,30.27
cells[30].subject_value,1500
cells[31].cohort_entities_ranked,6
cells[31].cohort_size,5
cells[31].deviation_mad_units,80.0
cells[31].entities_tied_at_top_priority,1
cells[31].finding_emitted,true
cells[31].findings[0].effect,80.0
cells[31].findings[0].statistic,3010.0
cells[31].findings[0].threshold,610.0
cells[31].peer_closure_seconds[0],540
cells[31].peer_closure_seconds[1],570
cells[31].peer_closure_seconds[2],600
cells[31].peer_closure_seconds[3],630
cells[31].peer_closure_seconds[4],660
cells[31].peer_count,5
cells[31].peer_distribution.max,660
cells[31].peer_distribution.min,540
cells[31].peer_distribution.values_seconds[0],540
cells[31].peer_distribution.values_seconds[1],570
cells[31].peer_distribution.values_seconds[2],600
cells[31].peer_distribution.values_seconds[3],630
cells[31].peer_distribution.values_seconds[4],660
cells[31].peer_mad_seconds,30.0
cells[31].peer_median_seconds,610.0
cells[31].subject_closure_seconds,3000
cells[31].subject_priority_rank,1
cells[31].subject_risk_total_score,30.27
cells[31].subject_value,3000
cells[32].cohort_entities_ranked,7
cells[32].cohort_size,6
cells[32].deviation_mad_units,-15.833333333333334
cells[32].entities_tied_at_top_priority,1
cells[32].finding_emitted,true
cells[32].findings[0].effect,-15.833333333333334
cells[32].findings[0].statistic,40.0
cells[32].findings[0].threshold,610.0
cells[32].peer_closure_seconds[0],540
cells[32].peer_closure_seconds[1],564
cells[32].peer_closure_seconds[2],588
cells[32].peer_closure_seconds[3],612
cells[32].peer_closure_seconds[4],636
cells[32].peer_closure_seconds[5],660
cells[32].peer_count,6
cells[32].peer_distribution.max,660
cells[32].peer_distribution.min,540
cells[32].peer_distribution.values_seconds[0],540
cells[32].peer_distribution.values_seconds[1],564
cells[32].peer_distribution.values_seconds[2],588
cells[32].peer_distribution.values_seconds[3],612
cells[32].peer_distribution.values_seconds[4],636
cells[32].peer_distribution.values_seconds[5],660
cells[32].peer_mad_seconds,36.0
cells[32].peer_median_seconds,610.0
cells[32].subject_closure_seconds,30
cells[32].subject_priority_rank,1
cells[32].subject_risk_total_score,32.7
cells[32].subject_value,30
cells[33].cohort_entities_ranked,7
cells[33].cohort_size,6
cells[33].deviation_mad_units,-12.5
cells[33].entities_tied_at_top_priority,1
cells[33].finding_emitted,true
cells[33].findings[0].effect,-12.5
cells[33].findings[0].statistic,160.0
cells[33].findings[0].threshold,610.0
cells[33].peer_closure_seconds[0],540
cells[33].peer_closure_seconds[1],564
cells[33].peer_closure_seconds[2],588
cells[33].peer_closure_seconds[3],612
cells[33].peer_closure_seconds[4],636
cells[33].peer_closure_seconds[5],660
cells[33].peer_count,6
cells[33].peer_distribution.max,660
cells[33].peer_distribution.min,540
cells[33].peer_distribution.values_seconds[0],540
cells[33].peer_distribution.values_seconds[1],564
cells[33].peer_distribution.values_seconds[2],588
cells[33].peer_distribution.values_seconds[3],612
cells[33].peer_distribution.values_seconds[4],636
cells[33].peer_distribution.values_seconds[5],660
cells[33].peer_mad_seconds,36.0
cells[33].peer_median_seconds,610.0
cells[33].subject_closure_seconds,150
cells[33].subject_priority_rank,1
cells[33].subject_risk_total_score,32.47
cells[33].subject_value,150
cells[34].cohort_entities_ranked,7
cells[34].cohort_size,6
cells[34].deviation_mad_units,-8.333333333333334
cells[34].entities_tied_at_top_priority,1
cells[34].finding_emitted,true
cells[34].findings[0].effect,-8.333333333333334
cells[34].findings[0].statistic,310.0
cells[34].findings[0].threshold,610.0
cells[34].peer_closure_seconds[0],540
cells[34].peer_closure_seconds[1],564
cells[34].peer_closure_seconds[2],588
cells[34].peer_closure_seconds[3],612
cells[34].peer_closure_seconds[4],636
cells[34].peer_closure_seconds[5],660
cells[34].peer_count,6
cells[34].peer_distribution.max,660
cells[34].peer_distribution.min,540
cells[34].peer_distribution.values_seconds[0],540
cells[34].peer_distribution.values_seconds[1],564
cells[34].peer_distribution.values_seconds[2],588
cells[34].peer_distribution.values_seconds[3],612
cells[34].peer_distribution.values_seconds[4],636
cells[34].peer_distribution.values_seconds[5],660
cells[34].peer_mad_seconds,36.0
cells[34].peer_median_seconds,610.0
cells[34].subject_closure_seconds,300
cells[34].subject_priority_rank,1
cells[34].subject_risk_total_score,32.16
cells[34].subject_value,300
cells[35].cohort_entities_ranked,7
cells[35].cohort_size,6
cells[35].deviation_mad_units,-4.166666666666667
cells[35].entities_tied_at_top_priority,1
cells[35].finding_emitted,true
cells[35].findings[0].effect,-4.166666666666667
cells[35].findings[0].statistic,460.0
cells[35].findings[0].threshold,610.0
cells[35].peer_closure_seconds[0],540
cells[35].peer_closure_seconds[1],564
cells[35].peer_closure_seconds[2],588
cells[35].peer_closure_seconds[3],612
cells[35].peer_closure_seconds[4],636
cells[35].peer_closure_seconds[5],660
cells[35].peer_count,6
cells[35].peer_distribution.max,660
cells[35].peer_distribution.min,540
cells[35].peer_distribution.values_seconds[0],540
cells[35].peer_distribution.values_seconds[1],564
cells[35].peer_distribution.values_seconds[2],588
cells[35].peer_distribution.values_seconds[3],612
cells[35].peer_distribution.values_seconds[4],636
cells[35].peer_distribution.values_seconds[5],660
cells[35].peer_mad_seconds,36.0
cells[35].peer_median_seconds,610.0
cells[35].subject_closure_seconds,450
cells[35].subject_priority_rank,1
cells[35].subject_risk_total_score,31.81
cells[35].subject_value,450
cells[36].cohort_entities_ranked,7
cells[36].cohort_size,6
cells[36].deviation_mad_units,null
cells[36].entities_tied_at_top_priority,1
cells[36].finding_emitted,false
cells[36].peer_closure_seconds[0],540
cells[36].peer_closure_seconds[1],564
cells[36].peer_closure_seconds[2],588
cells[36].peer_closure_seconds[3],612
cells[36].peer_closure_seconds[4],636
cells[36].peer_closure_seconds[5],660
cells[36].peer_count,6
cells[36].peer_distribution.max,660
cells[36].peer_distribution.min,540
cells[36].peer_distribution.values_seconds[0],540
cells[36].peer_distribution.values_seconds[1],564
cells[36].peer_distribution.values_seconds[2],588
cells[36].peer_distribution.values_seconds[3],612
cells[36].peer_distribution.values_seconds[4],636
cells[36].peer_distribution.values_seconds[5],660
cells[36].peer_mad_seconds,36.0
cells[36].peer_median_seconds,610.0
cells[36].subject_closure_seconds,600
cells[36].subject_priority_rank,7
cells[36].subject_risk_total_score,23.6
cells[36].subject_value,600
cells[37].cohort_entities_ranked,7
cells[37].cohort_size,6
cells[37].deviation_mad_units,8.333333333333334
cells[37].entities_tied_at_top_priority,1
cells[37].finding_emitted,true
cells[37].findings[0].effect,8.333333333333334
cells[37].findings[0].statistic,910.0
cells[37].findings[0].threshold,610.0
cells[37].peer_closure_seconds[0],540
cells[37].peer_closure_seconds[1],564
cells[37].peer_closure_seconds[2],588
cells[37].peer_closure_seconds[3],612
cells[37].peer_closure_seconds[4],636
cells[37].peer_closure_seconds[5],660
cells[37].peer_count,6
cells[37].peer_distribution.max,660
cells[37].peer_distribution.min,540
cells[37].peer_distribution.values_seconds[0],540
cells[37].peer_distribution.values_seconds[1],564
cells[37].peer_distribution.values_seconds[2],588
cells[37].peer_distribution.values_seconds[3],612
cells[37].peer_distribution.values_seconds[4],636
cells[37].peer_distribution.values_seconds[5],660
cells[37].peer_mad_seconds,36.0
cells[37].peer_median_seconds,610.0
cells[37].subject_closure_seconds,900
cells[37].subject_priority_rank,1
cells[37].subject_risk_total_score,30.27
cells[37].subject_value,900
cells[38].cohort_entities_ranked,7
cells[38].cohort_size,6
cells[38].deviation_mad_units,25.0
cells[38].entities_tied_at_top_priority,1
cells[38].finding_emitted,true
cells[38].findings[0].effect,25.0
cells[38].findings[0].statistic,1510.0
cells[38].findings[0].threshold,610.0
cells[38].peer_closure_seconds[0],540
cells[38].peer_closure_seconds[1],564
cells[38].peer_closure_seconds[2],588
cells[38].peer_closure_seconds[3],612
cells[38].peer_closure_seconds[4],636
cells[38].peer_closure_seconds[5],660
cells[38].peer_count,6
cells[38].peer_distribution.max,660
cells[38].peer_distribution.min,540
cells[38].peer_distribution.values_seconds[0],540
cells[38].peer_distribution.values_seconds[1],564
cells[38].peer_distribution.values_seconds[2],588
cells[38].peer_distribution.values_seconds[3],612
cells[38].peer_distribution.values_seconds[4],636
cells[38].peer_distribution.values_seconds[5],660
cells[38].peer_mad_seconds,36.0
cells[38].peer_median_seconds,610.0
cells[38].subject_closure_seconds,1500
cells[38].subject_priority_rank,1
cells[38].subject_risk_total_score,30.27
cells[38].subject_value,1500
cells[39].cohort_entities_ranked,7
cells[39].cohort_size,6
cells[39].deviation_mad_units,66.66666666666667
cells[39].entities_tied_at_top_priority,1
cells[39].finding_emitted,true
cells[39].findings[0].effect,66.66666666666667
cells[39].findings[0].statistic,3010.0
cells[39].findings[0].threshold,610.0
cells[39].peer_closure_seconds[0],540
cells[39].peer_closure_seconds[1],564
cells[39].peer_closure_seconds[2],588
cells[39].peer_closure_seconds[3],612
cells[39].peer_closure_seconds[4],636
cells[39].peer_closure_seconds[5],660
cells[39].peer_count,6
cells[39].peer_distribution.max,660
cells[39].peer_distribution.min,540
cells[39].peer_distribution.values_seconds[0],540
cells[39].peer_distribution.values_seconds[1],564
cells[39].peer_distribution.values_seconds[2],588
cells[39].peer_distribution.values_seconds[3],612
cells[39].peer_distribution.values_seconds[4],636
cells[39].peer_distribution.values_seconds[5],660
cells[39].peer_mad_seconds,36.0
cells[39].peer_median_seconds,610.0
cells[39].subject_closure_seconds,3000
cells[39].subject_priority_rank,1
cells[39].subject_risk_total_score,30.27
cells[39].subject_value,3000
cells[40].cohort_entities_ranked,9
cells[40].cohort_size,8
cells[40].deviation_mad_units,-16.52173913043478
cells[40].entities_tied_at_top_priority,1
cells[40].finding_emitted,true
cells[40].findings[0].effect,-16.52173913043478
cells[40].findings[0].statistic,40.0
cells[40].findings[0].threshold,610.0
cells[40].peer_closure_seconds[0],540
cells[40].peer_closure_seconds[1],557
cells[40].peer_closure_seconds[2],574
cells[40].peer_closure_seconds[3],591
cells[40].peer_closure_seconds[4],609
cells[40].peer_closure_seconds[5],626
cells[40].peer_closure_seconds[6],643
cells[40].peer_closure_seconds[7],660
cells[40].peer_count,8
cells[40].peer_distribution.max,660
cells[40].peer_distribution.min,540
cells[40].peer_distribution.values_seconds[0],540
cells[40].peer_distribution.values_seconds[1],557
cells[40].peer_distribution.values_seconds[2],574
cells[40].peer_distribution.values_seconds[3],591
cells[40].peer_distribution.values_seconds[4],609
cells[40].peer_distribution.values_seconds[5],626
cells[40].peer_distribution.values_seconds[6],643
cells[40].peer_distribution.values_seconds[7],660
cells[40].peer_mad_seconds,34.5
cells[40].peer_median_seconds,610.0
cells[40].subject_closure_seconds,30
cells[40].subject_priority_rank,1
cells[40].subject_risk_total_score,32.7
cells[40].subject_value,30
cells[41].cohort_entities_ranked,9
cells[41].cohort_size,8
cells[41].deviation_mad_units,-13.043478260869565
cells[41].entities_tied_at_top_priority,1
cells[41].finding_emitted,true
cells[41].findings[0].effect,-13.043478260869565
cells[41].findings[0].statistic,160.0
cells[41].findings[0].threshold,610.0
cells[41].peer_closure_seconds[0],540
cells[41].peer_closure_seconds[1],557
cells[41].peer_closure_seconds[2],574
cells[41].peer_closure_seconds[3],591
cells[41].peer_closure_seconds[4],609
cells[41].peer_closure_seconds[5],626
cells[41].peer_closure_seconds[6],643
cells[41].peer_closure_seconds[7],660
cells[41].peer_count,8
cells[41].peer_distribution.max,660
cells[41].peer_distribution.min,540
cells[41].peer_distribution.values_seconds[0],540
cells[41].peer_distribution.values_seconds[1],557
cells[41].peer_distribution.values_seconds[2],574
cells[41].peer_distribution.values_seconds[3],591
cells[41].peer_distribution.values_seconds[4],609
cells[41].peer_distribution.values_seconds[5],626
cells[41].peer_distribution.values_seconds[6],643
cells[41].peer_distribution.values_seconds[7],660
cells[41].peer_mad_seconds,34.5
cells[41].peer_median_seconds,610.0
cells[41].subject_closure_seconds,150
cells[41].subject_priority_rank,1
cells[41].subject_risk_total_score,32.47
cells[41].subject_value,150
cells[42].cohort_entities_ranked,9
cells[42].cohort_size,8
cells[42].deviation_mad_units,-8.695652173913043
cells[42].entities_tied_at_top_priority,1
cells[42].finding_emitted,true
cells[42].findings[0].effect,-8.695652173913043
cells[42].findings[0].statistic,310.0
cells[42].findings[0].threshold,610.0
cells[42].peer_closure_seconds[0],540
cells[42].peer_closure_seconds[1],557
cells[42].peer_closure_seconds[2],574
cells[42].peer_closure_seconds[3],591
cells[42].peer_closure_seconds[4],609
cells[42].peer_closure_seconds[5],626
cells[42].peer_closure_seconds[6],643
cells[42].peer_closure_seconds[7],660
cells[42].peer_count,8
cells[42].peer_distribution.max,660
cells[42].peer_distribution.min,540
cells[42].peer_distribution.values_seconds[0],540
cells[42].peer_distribution.values_seconds[1],557
cells[42].peer_distribution.values_seconds[2],574
cells[42].peer_distribution.values_seconds[3],591
cells[42].peer_distribution.values_seconds[4],609
cells[42].peer_distribution.values_seconds[5],626
cells[42].peer_distribution.values_seconds[6],643
cells[42].peer_distribution.values_seconds[7],660
cells[42].peer_mad_seconds,34.5
cells[42].peer_median_seconds,610.0
cells[42].subject_closure_seconds,300
cells[42].subject_priority_rank,1
cells[42].subject_risk_total_score,32.16
cells[42].subject_value,300
cells[43].cohort_entities_ranked,9
cells[43].cohort_size,8
cells[43].deviation_mad_units,-4.3478260869565215
cells[43].entities_tied_at_top_priority,1
cells[43].finding_emitted,true
cells[43].findings[0].effect,-4.3478260869565215
cells[43].findings[0].statistic,460.0
cells[43].findings[0].threshold,610.0
cells[43].peer_closure_seconds[0],540
cells[43].peer_closure_seconds[1],557
cells[43].peer_closure_seconds[2],574
cells[43].peer_closure_seconds[3],591
cells[43].peer_closure_seconds[4],609
cells[43].peer_closure_seconds[5],626
cells[43].peer_closure_seconds[6],643
cells[43].peer_closure_seconds[7],660
cells[43].peer_count,8
cells[43].peer_distribution.max,660
cells[43].peer_distribution.min,540
cells[43].peer_distribution.values_seconds[0],540
cells[43].peer_distribution.values_seconds[1],557
cells[43].peer_distribution.values_seconds[2],574
cells[43].peer_distribution.values_seconds[3],591
cells[43].peer_distribution.values_seconds[4],609
cells[43].peer_distribution.values_seconds[5],626
cells[43].peer_distribution.values_seconds[6],643
cells[43].peer_distribution.values_seconds[7],660
cells[43].peer_mad_seconds,34.5
cells[43].peer_median_seconds,610.0
cells[43].subject_closure_seconds,450
cells[43].subject_priority_rank,1
cells[43].subject_risk_total_score,31.81
cells[43].subject_value,450
cells[44].cohort_entities_ranked,9
cells[44].cohort_size,8
cells[44].deviation_mad_units,null
cells[44].entities_tied_at_top_priority,1
cells[44].finding_emitted,false
cells[44].peer_closure_seconds[0],540
cells[44].peer_closure_seconds[1],557
cells[44].peer_closure_seconds[2],574
cells[44].peer_closure_seconds[3],591
cells[44].peer_closure_seconds[4],609
cells[44].peer_closure_seconds[5],626
cells[44].peer_closure_seconds[6],643
cells[44].peer_closure_seconds[7],660
cells[44].peer_count,8
cells[44].peer_distribution.max,660
cells[44].peer_distribution.min,540
cells[44].peer_distribution.values_seconds[0],540
cells[44].peer_distribution.values_seconds[1],557
cells[44].peer_distribution.values_seconds[2],574
cells[44].peer_distribution.values_seconds[3],591
cells[44].peer_distribution.values_seconds[4],609
cells[44].peer_distribution.values_seconds[5],626
cells[44].peer_distribution.values_seconds[6],643
cells[44].peer_distribution.values_seconds[7],660
cells[44].peer_mad_seconds,34.5
cells[44].peer_median_seconds,610.0
cells[44].subject_closure_seconds,600
cells[44].subject_priority_rank,9
cells[44].subject_risk_total_score,23.6
cells[44].subject_value,600
cells[45].cohort_entities_ranked,9
cells[45].cohort_size,8
cells[45].deviation_mad_units,8.695652173913043
cells[45].entities_tied_at_top_priority,1
cells[45].finding_emitted,true
cells[45].findings[0].effect,8.695652173913043
cells[45].findings[0].statistic,910.0
cells[45].findings[0].threshold,610.0
cells[45].peer_closure_seconds[0],540
cells[45].peer_closure_seconds[1],557
cells[45].peer_closure_seconds[2],574
cells[45].peer_closure_seconds[3],591
cells[45].peer_closure_seconds[4],609
cells[45].peer_closure_seconds[5],626
cells[45].peer_closure_seconds[6],643
cells[45].peer_closure_seconds[7],660
cells[45].peer_count,8
cells[45].peer_distribution.max,660
cells[45].peer_distribution.min,540
cells[45].peer_distribution.values_seconds[0],540
cells[45].peer_distribution.values_seconds[1],557
cells[45].peer_distribution.values_seconds[2],574
cells[45].peer_distribution.values_seconds[3],591
cells[45].peer_distribution.values_seconds[4],609
cells[45].peer_distribution.values_seconds[5],626
cells[45].peer_distribution.values_seconds[6],643
cells[45].peer_distribution.values_seconds[7],660
cells[45].peer_mad_seconds,34.5
cells[45].peer_median_seconds,610.0
cells[45].subject_closure_seconds,900
cells[45].subject_priority_rank,1
cells[45].subject_risk_total_score,30.27
cells[45].subject_value,900
cells[46].cohort_entities_ranked,9
cells[46].cohort_size,8
cells[46].deviation_mad_units,26.08695652173913
cells[46].entities_tied_at_top_priority,1
cells[46].finding_emitted,true
cells[46].findings[0].effect,26.08695652173913
cells[46].findings[0].statistic,1510.0
cells[46].findings[0].threshold,610.0
cells[46].peer_closure_seconds[0],540
cells[46].peer_closure_seconds[1],557
cells[46].peer_closure_seconds[2],574
cells[46].peer_closure_seconds[3],591
cells[46].peer_closure_seconds[4],609
cells[46].peer_closure_seconds[5],626
cells[46].peer_closure_seconds[6],643
cells[46].peer_closure_seconds[7],660
cells[46].peer_count,8
cells[46].peer_distribution.max,660
cells[46].peer_distribution.min,540
cells[46].peer_distribution.values_seconds[0],540
cells[46].peer_distribution.values_seconds[1],557
cells[46].peer_distribution.values_seconds[2],574
cells[46].peer_distribution.values_seconds[3],591
cells[46].peer_distribution.values_seconds[4],609
cells[46].peer_distribution.values_seconds[5],626
cells[46].peer_distribution.values_seconds[6],643
cells[46].peer_distribution.values_seconds[7],660
cells[46].peer_mad_seconds,34.5
cells[46].peer_median_seconds,610.0
cells[46].subject_closure_seconds,1500
cells[46].subject_priority_rank,1
cells[46].subject_risk_total_score,30.27
cells[46].subject_value,1500
cells[47].cohort_entities_ranked,9
cells[47].cohort_size,8
cells[47].deviation_mad_units,69.56521739130434
cells[47].entities_tied_at_top_priority,1
cells[47].finding_emitted,true
cells[47].findings[0].effect,69.56521739130434
cells[47].findings[0].statistic,3010.0
cells[47].findings[0].threshold,610.0
cells[47].peer_closure_seconds[0],540
cells[47].peer_closure_seconds[1],557
cells[47].peer_closure_seconds[2],574
cells[47].peer_closure_seconds[3],591
cells[47].peer_closure_seconds[4],609
cells[47].peer_closure_seconds[5],626
cells[47].peer_closure_seconds[6],643
cells[47].peer_closure_seconds[7],660
cells[47].peer_count,8
cells[47].peer_distribution.max,660
cells[47].peer_distribution.min,540
cells[47].peer_distribution.values_seconds[0],540
cells[47].peer_distribution.values_seconds[1],557
cells[47].peer_distribution.values_seconds[2],574
cells[47].peer_distribution.values_seconds[3],591
cells[47].peer_distribution.values_seconds[4],609
cells[47].peer_distribution.values_seconds[5],626
cells[47].peer_distribution.values_seconds[6],643
cells[47].peer_distribution.values_seconds[7],660
cells[47].peer_mad_seconds,34.5
cells[47].peer_median_seconds,610.0
cells[47].subject_closure_seconds,3000
cells[47].subject_priority_rank,1
cells[47].subject_risk_total_score,30.27
cells[47].subject_value,3000
cells[48].cohort_entities_ranked,3
cells[48].cohort_size,2
cells[48].deviation_mad_units,null
cells[48].entities_tied_at_top_priority,1
cells[48].finding_emitted,false
cells[48].peer_closure_seconds[0],150
cells[48].peer_closure_seconds[1],1050
cells[48].peer_count,2
cells[48].peer_distribution.max,1050
cells[48].peer_distribution.min,150
cells[48].peer_distribution.values_seconds[0],150
cells[48].peer_distribution.values_seconds[1],1050
cells[48].peer_mad_seconds,0.0
cells[48].peer_median_seconds,0.0
cells[48].subject_closure_seconds,30
cells[48].subject_priority_rank,1
cells[48].subject_risk_total_score,26.03
cells[48].subject_value,30
cells[49].cohort_entities_ranked,3
cells[49].cohort_size,2
cells[49].deviation_mad_units,null
cells[49].entities_tied_at_top_priority,1
cells[49].finding_emitted,false
cells[49].peer_closure_seconds[0],150
cells[49].peer_closure_seconds[1],1050
cells[49].peer_count,2
cells[49].peer_distribution.max,1050
cells[49].peer_distribution.min,150
cells[49].peer_distribution.values_seconds[0],150
cells[49].peer_distribution.values_seconds[1],1050
cells[49].peer_mad_seconds,0.0
cells[49].peer_median_seconds,0.0
cells[49].subject_closure_seconds,150
cells[49].subject_priority_rank,1
cells[49].subject_risk_total_score,25.8
cells[49].subject_value,150
cells[50].cohort_entities_ranked,3
cells[50].cohort_size,2
cells[50].deviation_mad_units,null
cells[50].entities_tied_at_top_priority,1
cells[50].finding_emitted,false
cells[50].peer_closure_seconds[0],150
cells[50].peer_closure_seconds[1],1050
cells[50].peer_count,2
cells[50].peer_distribution.max,1050
cells[50].peer_distribution.min,150
cells[50].peer_distribution.values_seconds[0],150
cells[50].peer_distribution.values_seconds[1],1050
cells[50].peer_mad_seconds,0.0
cells[50].peer_median_seconds,0.0
cells[50].subject_closure_seconds,300
cells[50].subject_priority_rank,2
cells[50].subject_risk_total_score,25.49
cells[50].subject_value,300
cells[51].cohort_entities_ranked,3
cells[51].cohort_size,2
cells[51].deviation_mad_units,null
cells[51].entities_tied_at_top_priority,1
cells[51].finding_emitted,false
cells[51].peer_closure_seconds[0],150
cells[51].peer_closure_seconds[1],1050
cells[51].peer_count,2
cells[51].peer_distribution.max,1050
cells[51].peer_distribution.min,150
cells[51].peer_distribution.values_seconds[0],150
cells[51].peer_distribution.values_seconds[1],1050
cells[51].peer_mad_seconds,0.0
cells[51].peer_median_seconds,0.0
cells[51].subject_closure_seconds,450
cells[51].subject_priority_rank,2
cells[51].subject_risk_total_score,25.14
cells[51].subject_value,450
cells[52].cohort_entities_ranked,3
cells[52].cohort_size,2
cells[52].deviation_mad_units,null
cells[52].entities_tied_at_top_priority,1
cells[52].finding_emitted,false
cells[52].peer_closure_seconds[0],150
cells[52].peer_closure_seconds[1],1050
cells[52].peer_count,2
cells[52].peer_distribution.max,1050
cells[52].peer_distribution.min,150
cells[52].peer_distribution.values_seconds[0],150
cells[52].peer_distribution.values_seconds[1],1050
cells[52].peer_mad_seconds,0.0
cells[52].peer_median_seconds,0.0
cells[52].subject_closure_seconds,600
cells[52].subject_priority_rank,2
cells[52].subject_risk_total_score,23.6
cells[52].subject_value,600
cells[53].cohort_entities_ranked,3
cells[53].cohort_size,2
cells[53].deviation_mad_units,null
cells[53].entities_tied_at_top_priority,1
cells[53].finding_emitted,false
cells[53].peer_closure_seconds[0],150
cells[53].peer_closure_seconds[1],1050
cells[53].peer_count,2
cells[53].peer_distribution.max,1050
cells[53].peer_distribution.min,150
cells[53].peer_distribution.values_seconds[0],150
cells[53].peer_distribution.values_seconds[1],1050
cells[53].peer_mad_seconds,0.0
cells[53].peer_median_seconds,0.0
cells[53].subject_closure_seconds,900
cells[53].subject_priority_rank,2
cells[53].subject_risk_total_score,23.6
cells[53].subject_value,900
cells[54].cohort_entities_ranked,3
cells[54].cohort_size,2
cells[54].deviation_mad_units,null
cells[54].entities_tied_at_top_priority,1
cells[54].finding_emitted,false
cells[54].peer_closure_seconds[0],150
cells[54].peer_closure_seconds[1],1050
cells[54].peer_count,2
cells[54].peer_distribution.max,1050
cells[54].peer_distribution.min,150
cells[54].peer_distribution.values_seconds[0],150
cells[54].peer_distribution.values_seconds[1],1050
cells[54].peer_mad_seconds,0.0
cells[54].peer_median_seconds,0.0
cells[54].subject_closure_seconds,1500
cells[54].subject_priority_rank,2
cells[54].subject_risk_total_score,23.6
cells[54].subject_value,1500
cells[55].cohort_entities_ranked,3
cells[55].cohort_size,2
cells[55].deviation_mad_units,null
cells[55].entities_tied_at_top_priority,1
cells[55].finding_emitted,false
cells[55].peer_closure_seconds[0],150
cells[55].peer_closure_seconds[1],1050
cells[55].peer_count,2
cells[55].peer_distribution.max,1050
cells[55].peer_distribution.min,150
cells[55].peer_distribution.values_seconds[0],150
cells[55].peer_distribution.values_seconds[1],1050
cells[55].peer_mad_seconds,0.0
cells[55].peer_median_seconds,0.0
cells[55].subject_closure_seconds,3000
cells[55].subject_priority_rank,2
cells[55].subject_risk_total_score,23.6
cells[55].subject_value,3000
cells[56].cohort_entities_ranked,4
cells[56].cohort_size,3
cells[56].deviation_mad_units,null
cells[56].entities_tied_at_top_priority,1
cells[56].finding_emitted,false
cells[56].peer_closure_seconds[0],150
cells[56].peer_closure_seconds[1],600
cells[56].peer_closure_seconds[2],1050
cells[56].peer_count,3
cells[56].peer_distribution.max,1050
cells[56].peer_distribution.min,150
cells[56].peer_distribution.values_seconds[0],150
cells[56].peer_distribution.values_seconds[1],600
cells[56].peer_distribution.values_seconds[2],1050
cells[56].peer_mad_seconds,450.0
cells[56].peer_median_seconds,610.0
cells[56].subject_closure_seconds,30
cells[56].subject_priority_rank,1
cells[56].subject_risk_total_score,26.03
cells[56].subject_value,30
cells[57].cohort_entities_ranked,4
cells[57].cohort_size,3
cells[57].deviation_mad_units,null
cells[57].entities_tied_at_top_priority,1
cells[57].finding_emitted,false
cells[57].peer_closure_seconds[0],150
cells[57].peer_closure_seconds[1],600
cells[57].peer_closure_seconds[2],1050
cells[57].peer_count,3
cells[57].peer_distribution.max,1050
cells[57].peer_distribution.min,150
cells[57].peer_distribution.values_seconds[0],150
cells[57].peer_distribution.values_seconds[1],600
cells[57].peer_distribution.values_seconds[2],1050
cells[57].peer_mad_seconds,450.0
cells[57].peer_median_seconds,610.0
cells[57].subject_closure_seconds,150
cells[57].subject_priority_rank,1
cells[57].subject_risk_total_score,25.8
cells[57].subject_value,150
cells[58].cohort_entities_ranked,4
cells[58].cohort_size,3
cells[58].deviation_mad_units,null
cells[58].entities_tied_at_top_priority,1
cells[58].finding_emitted,false
cells[58].peer_closure_seconds[0],150
cells[58].peer_closure_seconds[1],600
cells[58].peer_closure_seconds[2],1050
cells[58].peer_count,3
cells[58].peer_distribution.max,1050
cells[58].peer_distribution.min,150
cells[58].peer_distribution.values_seconds[0],150
cells[58].peer_distribution.values_seconds[1],600
cells[58].peer_distribution.values_seconds[2],1050
cells[58].peer_mad_seconds,450.0
cells[58].peer_median_seconds,610.0
cells[58].subject_closure_seconds,300
cells[58].subject_priority_rank,2
cells[58].subject_risk_total_score,25.49
cells[58].subject_value,300
cells[59].cohort_entities_ranked,4
cells[59].cohort_size,3
cells[59].deviation_mad_units,null
cells[59].entities_tied_at_top_priority,1
cells[59].finding_emitted,false
cells[59].peer_closure_seconds[0],150
cells[59].peer_closure_seconds[1],600
cells[59].peer_closure_seconds[2],1050
cells[59].peer_count,3
cells[59].peer_distribution.max,1050
cells[59].peer_distribution.min,150
cells[59].peer_distribution.values_seconds[0],150
cells[59].peer_distribution.values_seconds[1],600
cells[59].peer_distribution.values_seconds[2],1050
cells[59].peer_mad_seconds,450.0
cells[59].peer_median_seconds,610.0
cells[59].subject_closure_seconds,450
cells[59].subject_priority_rank,2
cells[59].subject_risk_total_score,25.14
cells[59].subject_value,450
cells[60].cohort_entities_ranked,4
cells[60].cohort_size,3
cells[60].deviation_mad_units,null
cells[60].entities_tied_at_top_priority,1
cells[60].finding_emitted,false
cells[60].peer_closure_seconds[0],150
cells[60].peer_closure_seconds[1],600
cells[60].peer_closure_seconds[2],1050
cells[60].peer_count,3
cells[60].peer_distribution.max,1050
cells[60].peer_distribution.min,150
cells[60].peer_distribution.values_seconds[0],150
cells[60].peer_distribution.values_seconds[1],600
cells[60].peer_distribution.values_seconds[2],1050
cells[60].peer_mad_seconds,450.0
cells[60].peer_median_seconds,610.0
cells[60].subject_closure_seconds,600
cells[60].subject_priority_rank,2
cells[60].subject_risk_total_score,23.6
cells[60].subject_value,600
cells[61].cohort_entities_ranked,4
cells[61].cohort_size,3
cells[61].deviation_mad_units,null
cells[61].entities_tied_at_top_priority,1
cells[61].finding_emitted,false
cells[61].peer_closure_seconds[0],150
cells[61].peer_closure_seconds[1],600
cells[61].peer_closure_seconds[2],1050
cells[61].peer_count,3
cells[61].peer_distribution.max,1050
cells[61].peer_distribution.min,150
cells[61].peer_distribution.values_seconds[0],150
cells[61].peer_distribution.values_seconds[1],600
cells[61].peer_distribution.values_seconds[2],1050
cells[61].peer_mad_seconds,450.0
cells[61].peer_median_seconds,610.0
cells[61].subject_closure_seconds,900
cells[61].subject_priority_rank,2
cells[61].subject_risk_total_score,23.6
cells[61].subject_value,900
cells[62].cohort_entities_ranked,4
cells[62].cohort_size,3
cells[62].deviation_mad_units,2.0
cells[62].entities_tied_at_top_priority,1
cells[62].finding_emitted,true
cells[62].findings[0].effect,2.0
cells[62].findings[0].statistic,1510.0
cells[62].findings[0].threshold,610.0
cells[62].peer_closure_seconds[0],150
cells[62].peer_closure_seconds[1],600
cells[62].peer_closure_seconds[2],1050
cells[62].peer_count,3
cells[62].peer_distribution.max,1050
cells[62].peer_distribution.min,150
cells[62].peer_distribution.values_seconds[0],150
cells[62].peer_distribution.values_seconds[1],600
cells[62].peer_distribution.values_seconds[2],1050
cells[62].peer_mad_seconds,450.0
cells[62].peer_median_seconds,610.0
cells[62].subject_closure_seconds,1500
cells[62].subject_priority_rank,1
cells[62].subject_risk_total_score,28.22
cells[62].subject_value,1500
cells[63].cohort_entities_ranked,4
cells[63].cohort_size,3
cells[63].deviation_mad_units,5.333333333333333
cells[63].entities_tied_at_top_priority,1
cells[63].finding_emitted,true
cells[63].findings[0].effect,5.333333333333333
cells[63].findings[0].statistic,3010.0
cells[63].findings[0].threshold,610.0
cells[63].peer_closure_seconds[0],150
cells[63].peer_closure_seconds[1],600
cells[63].peer_closure_seconds[2],1050
cells[63].peer_count,3
cells[63].peer_distribution.max,1050
cells[63].peer_distribution.min,150
cells[63].peer_distribution.values_seconds[0],150
cells[63].peer_distribution.values_seconds[1],600
cells[63].peer_distribution.values_seconds[2],1050
cells[63].peer_mad_seconds,450.0
cells[63].peer_median_seconds,610.0
cells[63].subject_closure_seconds,3000
cells[63].subject_priority_rank,1
cells[63].subject_risk_total_score,28.22
cells[63].subject_value,3000
cells[64].cohort_entities_ranked,5
cells[64].cohort_size,4
cells[64].deviation_mad_units,null
cells[64].entities_tied_at_top_priority,1
cells[64].finding_emitted,false
cells[64].peer_closure_seconds[0],150
cells[64].peer_closure_seconds[1],450
cells[64].peer_closure_seconds[2],750
cells[64].peer_closure_seconds[3],1050
cells[64].peer_count,4
cells[64].peer_distribution.max,1050
cells[64].peer_distribution.min,150
cells[64].peer_distribution.values_seconds[0],150
cells[64].peer_distribution.values_seconds[1],450
cells[64].peer_distribution.values_seconds[2],750
cells[64].peer_distribution.values_seconds[3],1050
cells[64].peer_mad_seconds,300.0
cells[64].peer_median_seconds,610.0
cells[64].subject_closure_seconds,30
cells[64].subject_priority_rank,2
cells[64].subject_risk_total_score,26.03
cells[64].subject_value,30
cells[65].cohort_entities_ranked,5
cells[65].cohort_size,4
cells[65].deviation_mad_units,null
cells[65].entities_tied_at_top_priority,1
cells[65].finding_emitted,false
cells[65].peer_closure_seconds[0],150
cells[65].peer_closure_seconds[1],450
cells[65].peer_closure_seconds[2],750
cells[65].peer_closure_seconds[3],1050
cells[65].peer_count,4
cells[65].peer_distribution.max,1050
cells[65].peer_distribution.min,150
cells[65].peer_distribution.values_seconds[0],150
cells[65].peer_distribution.values_seconds[1],450
cells[65].peer_distribution.values_seconds[2],750
cells[65].peer_distribution.values_seconds[3],1050
cells[65].peer_mad_seconds,300.0
cells[65].peer_median_seconds,610.0
cells[65].subject_closure_seconds,150
cells[65].subject_priority_rank,2
cells[65].subject_risk_total_score,25.8
cells[65].subject_value,150
cells[66].cohort_entities_ranked,5
cells[66].cohort_size,4
cells[66].deviation_mad_units,null
cells[66].entities_tied_at_top_priority,1
cells[66].finding_emitted,false
cells[66].peer_closure_seconds[0],150
cells[66].peer_closure_seconds[1],450
cells[66].peer_closure_seconds[2],750
cells[66].peer_closure_seconds[3],1050
cells[66].peer_count,4
cells[66].peer_distribution.max,1050
cells[66].peer_distribution.min,150
cells[66].peer_distribution.values_seconds[0],150
cells[66].peer_distribution.values_seconds[1],450
cells[66].peer_distribution.values_seconds[2],750
cells[66].peer_distribution.values_seconds[3],1050
cells[66].peer_mad_seconds,300.0
cells[66].peer_median_seconds,610.0
cells[66].subject_closure_seconds,300
cells[66].subject_priority_rank,3
cells[66].subject_risk_total_score,25.49
cells[66].subject_value,300
cells[67].cohort_entities_ranked,5
cells[67].cohort_size,4
cells[67].deviation_mad_units,null
cells[67].entities_tied_at_top_priority,1
cells[67].finding_emitted,false
cells[67].peer_closure_seconds[0],150
cells[67].peer_closure_seconds[1],450
cells[67].peer_closure_seconds[2],750
cells[67].peer_closure_seconds[3],1050
cells[67].peer_count,4
cells[67].peer_distribution.max,1050
cells[67].peer_distribution.min,150
cells[67].peer_distribution.values_seconds[0],150
cells[67].peer_distribution.values_seconds[1],450
cells[67].peer_distribution.values_seconds[2],750
cells[67].peer_distribution.values_seconds[3],1050
cells[67].peer_mad_seconds,300.0
cells[67].peer_median_seconds,610.0
cells[67].subject_closure_seconds,450
cells[67].subject_priority_rank,3
cells[67].subject_risk_total_score,25.14
cells[67].subject_value,450
cells[68].cohort_entities_ranked,5
cells[68].cohort_size,4
cells[68].deviation_mad_units,null
cells[68].entities_tied_at_top_priority,1
cells[68].finding_emitted,false
cells[68].peer_closure_seconds[0],150
cells[68].peer_closure_seconds[1],450
cells[68].peer_closure_seconds[2],750
cells[68].peer_closure_seconds[3],1050
cells[68].peer_count,4
cells[68].peer_distribution.max,1050
cells[68].peer_distribution.min,150
cells[68].peer_distribution.values_seconds[0],150
cells[68].peer_distribution.values_seconds[1],450
cells[68].peer_distribution.values_seconds[2],750
cells[68].peer_distribution.values_seconds[3],1050
cells[68].peer_mad_seconds,300.0
cells[68].peer_median_seconds,610.0
cells[68].subject_closure_seconds,600
cells[68].subject_priority_rank,4
cells[68].subject_risk_total_score,23.6
cells[68].subject_value,600
cells[69].cohort_entities_ranked,5
cells[69].cohort_size,4
cells[69].deviation_mad_units,null
cells[69].entities_tied_at_top_priority,1
cells[69].finding_emitted,false
cells[69].peer_closure_seconds[0],150
cells[69].peer_closure_seconds[1],450
cells[69].peer_closure_seconds[2],750
cells[69].peer_closure_seconds[3],1050
cells[69].peer_count,4
cells[69].peer_distribution.max,1050
cells[69].peer_distribution.min,150
cells[69].peer_distribution.values_seconds[0],150
cells[69].peer_distribution.values_seconds[1],450
cells[69].peer_distribution.values_seconds[2],750
cells[69].peer_distribution.values_seconds[3],1050
cells[69].peer_mad_seconds,300.0
cells[69].peer_median_seconds,610.0
cells[69].subject_closure_seconds,900
cells[69].subject_priority_rank,4
cells[69].subject_risk_total_score,23.6
cells[69].subject_value,900
cells[70].cohort_entities_ranked,5
cells[70].cohort_size,4
cells[70].deviation_mad_units,3.0
cells[70].entities_tied_at_top_priority,1
cells[70].finding_emitted,true
cells[70].findings[0].effect,3.0
cells[70].findings[0].statistic,1510.0
cells[70].findings[0].threshold,610.0
cells[70].peer_closure_seconds[0],150
cells[70].peer_closure_seconds[1],450
cells[70].peer_closure_seconds[2],750
cells[70].peer_closure_seconds[3],1050
cells[70].peer_count,4
cells[70].peer_distribution.max,1050
cells[70].peer_distribution.min,150
cells[70].peer_distribution.values_seconds[0],150
cells[70].peer_distribution.values_seconds[1],450
cells[70].peer_distribution.values_seconds[2],750
cells[70].peer_distribution.values_seconds[3],1050
cells[70].peer_mad_seconds,300.0
cells[70].peer_median_seconds,610.0
cells[70].subject_closure_seconds,1500
cells[70].subject_priority_rank,1
cells[70].subject_risk_total_score,29.31
cells[70].subject_value,1500
cells[71].cohort_entities_ranked,5
cells[71].cohort_size,4
cells[71].deviation_mad_units,8.0
cells[71].entities_tied_at_top_priority,1
cells[71].finding_emitted,true
cells[71].findings[0].effect,8.0
cells[71].findings[0].statistic,3010.0
cells[71].findings[0].threshold,610.0
cells[71].peer_closure_seconds[0],150
cells[71].peer_closure_seconds[1],450
cells[71].peer_closure_seconds[2],750
cells[71].peer_closure_seconds[3],1050
cells[71].peer_count,4
cells[71].peer_distribution.max,1050
cells[71].peer_distribution.min,150
cells[71].peer_distribution.values_seconds[0],150
cells[71].peer_distribution.values_seconds[1],450
cells[71].peer_distribution.values_seconds[2],750
cells[71].peer_distribution.values_seconds[3],1050
cells[71].peer_mad_seconds,300.0
cells[71].peer_median_seconds,610.0
cells[71].subject_closure_seconds,3000
cells[71].subject_priority_rank,1
cells[71].subject_risk_total_score,29.31
cells[71].subject_value,3000
cells[72].cohort_entities_ranked,6
cells[72].cohort_size,5
cells[72].deviation_mad_units,-2.533333333333333
cells[72].entities_tied_at_top_priority,1
cells[72].finding_emitted,true
cells[72].findings[0].effect,-2.533333333333333
cells[72].findings[0].statistic,40.0
cells[72].findings[0].threshold,610.0
cells[72].peer_closure_seconds[0],150
cells[72].peer_closure_seconds[1],375
cells[72].peer_closure_seconds[2],600
cells[72].peer_closure_seconds[3],825
cells[72].peer_closure_seconds[4],1050
cells[72].peer_count,5
cells[72].peer_distribution.max,1050
cells[72].peer_distribution.min,150
cells[72].peer_distribution.values_seconds[0],150
cells[72].peer_distribution.values_seconds[1],375
cells[72].peer_distribution.values_seconds[2],600
cells[72].peer_distribution.values_seconds[3],825
cells[72].peer_distribution.values_seconds[4],1050
cells[72].peer_mad_seconds,225.0
cells[72].peer_median_seconds,610.0
cells[72].subject_closure_seconds,30
cells[72].subject_priority_rank,1
cells[72].subject_risk_total_score,32.56
cells[72].subject_value,30
cells[73].cohort_entities_ranked,6
cells[73].cohort_size,5
cells[73].deviation_mad_units,-2.0
cells[73].entities_tied_at_top_priority,1
cells[73].finding_emitted,true
cells[73].findings[0].effect,-2.0
cells[73].findings[0].statistic,160.0
cells[73].findings[0].threshold,610.0
cells[73].peer_closure_seconds[0],150
cells[73].peer_closure_seconds[1],375
cells[73].peer_closure_seconds[2],600
cells[73].peer_closure_seconds[3],825
cells[73].peer_closure_seconds[4],1050
cells[73].peer_count,5
cells[73].peer_distribution.max,1050
cells[73].peer_distribution.min,150
cells[73].peer_distribution.values_seconds[0],150
cells[73].peer_distribution.values_seconds[1],375
cells[73].peer_distribution.values_seconds[2],600
cells[73].peer_distribution.values_seconds[3],825
cells[73].peer_distribution.values_seconds[4],1050
cells[73].peer_mad_seconds,225.0
cells[73].peer_median_seconds,610.0
cells[73].subject_closure_seconds,150
cells[73].subject_priority_rank,1
cells[73].subject_risk_total_score,32.16
cells[73].subject_value,150
cells[74].cohort_entities_ranked,6
cells[74].cohort_size,5
cells[74].deviation_mad_units,null
cells[74].entities_tied_at_top_priority,1
cells[74].finding_emitted,false
cells[74].peer_closure_seconds[0],150
cells[74].peer_closure_seconds[1],375
cells[74].peer_closure_seconds[2],600
cells[74].peer_closure_seconds[3],825
cells[74].peer_closure_seconds[4],1050
cells[74].peer_count,5
cells[74].peer_distribution.max,1050
cells[74].peer_distribution.min,150
cells[74].peer_distribution.values_seconds[0],150
cells[74].peer_distribution.values_seconds[1],375
cells[74].peer_distribution.values_seconds[2],600
cells[74].peer_distribution.values_seconds[3],825
cells[74].peer_distribution.values_seconds[4],1050
cells[74].peer_mad_seconds,225.0
cells[74].peer_median_seconds,610.0
cells[74].subject_closure_seconds,300
cells[74].subject_priority_rank,4
cells[74].subject_risk_total_score,25.49
cells[74].subject_value,300
cells[75].cohort_entities_ranked,6
cells[75].cohort_size,5
cells[75].deviation_mad_units,null
cells[75].entities_tied_at_top_priority,1
cells[75].finding_emitted,false
cells[75].peer_closure_seconds[0],150
cells[75].peer_closure_seconds[1],375
cells[75].peer_closure_seconds[2],600
cells[75].peer_closure_seconds[3],825
cells[75].peer_closure_seconds[4],1050
cells[75].peer_count,5
cells[75].peer_distribution.max,1050
cells[75].peer_distribution.min,150
cells[75].peer_distribution.values_seconds[0],150
cells[75].peer_distribution.values_seconds[1],375
cells[75].peer_distribution.values_seconds[2],600
cells[75].peer_distribution.values_seconds[3],825
cells[75].peer_distribution.values_seconds[4],1050
cells[75].peer_mad_seconds,225.0
cells[75].peer_median_seconds,610.0
cells[75].subject_closure_seconds,450
cells[75].subject_priority_rank,5
cells[75].subject_risk_total_score,25.14
cells[75].subject_value,450
cells[76].cohort_entities_ranked,6
cells[76].cohort_size,5
cells[76].deviation_mad_units,null
cells[76].entities_tied_at_top_priority,1
cells[76].finding_emitted,false
cells[76].peer_closure_seconds[0],150
cells[76].peer_closure_seconds[1],375
cells[76].peer_closure_seconds[2],600
cells[76].peer_closure_seconds[3],825
cells[76].peer_closure_seconds[4],1050
cells[76].peer_count,5
cells[76].peer_distribution.max,1050
cells[76].peer_distribution.min,150
cells[76].peer_distribution.values_seconds[0],150
cells[76].peer_distribution.values_seconds[1],375
cells[76].peer_distribution.values_seconds[2],600
cells[76].peer_distribution.values_seconds[3],825
cells[76].peer_distribution.values_seconds[4],1050
cells[76].peer_mad_seconds,225.0
cells[76].peer_median_seconds,610.0
cells[76].subject_closure_seconds,600
cells[76].subject_priority_rank,5
cells[76].subject_risk_total_score,23.6
cells[76].subject_value,600
cells[77].cohort_entities_ranked,6
cells[77].cohort_size,5
cells[77].deviation_mad_units,null
cells[77].entities_tied_at_top_priority,1
cells[77].finding_emitted,false
cells[77].peer_closure_seconds[0],150
cells[77].peer_closure_seconds[1],375
cells[77].peer_closure_seconds[2],600
cells[77].peer_closure_seconds[3],825
cells[77].peer_closure_seconds[4],1050
cells[77].peer_count,5
cells[77].peer_distribution.max,1050
cells[77].peer_distribution.min,150
cells[77].peer_distribution.values_seconds[0],150
cells[77].peer_distribution.values_seconds[1],375
cells[77].peer_distribution.values_seconds[2],600
cells[77].peer_distribution.values_seconds[3],825
cells[77].peer_distribution.values_seconds[4],1050
cells[77].peer_mad_seconds,225.0
cells[77].peer_median_seconds,610.0
cells[77].subject_closure_seconds,900
cells[77].subject_priority_rank,5
cells[77].subject_risk_total_score,23.6
cells[77].subject_value,900
cells[78].cohort_entities_ranked,6
cells[78].cohort_size,5
cells[78].deviation_mad_units,4.0
cells[78].entities_tied_at_top_priority,1
cells[78].finding_emitted,true
cells[78].findings[0].effect,4.0
cells[78].findings[0].statistic,1510.0
cells[78].findings[0].threshold,610.0
cells[78].peer_closure_seconds[0],150
cells[78].peer_closure_seconds[1],375
cells[78].peer_closure_seconds[2],600
cells[78].peer_closure_seconds[3],825
cells[78].peer_closure_seconds[4],1050
cells[78].peer_count,5
cells[78].peer_distribution.max,1050
cells[78].peer_distribution.min,150
cells[78].peer_distribution.values_seconds[0],150
cells[78].peer_distribution.values_seconds[1],375
cells[78].peer_distribution.values_seconds[2],600
cells[78].peer_distribution.values_seconds[3],825
cells[78].peer_distribution.values_seconds[4],1050
cells[78].peer_mad_seconds,225.0
cells[78].peer_median_seconds,610.0
cells[78].subject_closure_seconds,1500
cells[78].subject_priority_rank,1
cells[78].subject_risk_total_score,30.27
cells[78].subject_value,1500
cells[79].cohort_entities_ranked,6
cells[79].cohort_size,5
cells[79].deviation_mad_units,10.666666666666666
cells[79].entities_tied_at_top_priority,1
cells[79].finding_emitted,true
cells[79].findings[0].effect,10.666666666666666
cells[79].findings[0].statistic,3010.0
cells[79].findings[0].threshold,610.0
cells[79].peer_closure_seconds[0],150
cells[79].peer_closure_seconds[1],375
cells[79].peer_closure_seconds[2],600
cells[79].peer_closure_seconds[3],825
cells[79].peer_closure_seconds[4],1050
cells[79].peer_count,5
cells[79].peer_distribution.max,1050
cells[79].peer_distribution.min,150
cells[79].peer_distribution.values_seconds[0],150
cells[79].peer_distribution.values_seconds[1],375
cells[79].peer_distribution.values_seconds[2],600
cells[79].peer_distribution.values_seconds[3],825
cells[79].peer_distribution.values_seconds[4],1050
cells[79].peer_mad_seconds,225.0
cells[79].peer_median_seconds,610.0
cells[79].subject_closure_seconds,3000
cells[79].subject_priority_rank,1
cells[79].subject_risk_total_score,30.27
cells[79].subject_value,3000
cells[80].cohort_entities_ranked,7
cells[80].cohort_size,6
cells[80].deviation_mad_units,-2.111111111111111
cells[80].entities_tied_at_top_priority,1
cells[80].finding_emitted,true
cells[80].findings[0].effect,-2.111111111111111
cells[80].findings[0].statistic,40.0
cells[80].findings[0].threshold,610.0
cells[80].peer_closure_seconds[0],150
cells[80].peer_closure_seconds[1],330
cells[80].peer_closure_seconds[2],510
cells[80].peer_closure_seconds[3],690
cells[80].peer_closure_seconds[4],870
cells[80].peer_closure_seconds[5],1050
cells[80].peer_count,6
cells[80].peer_distribution.max,1050
cells[80].peer_distribution.min,150
cells[80].peer_distribution.values_seconds[0],150
cells[80].peer_distribution.values_seconds[1],330
cells[80].peer_distribution.values_seconds[2],510
cells[80].peer_distribution.values_seconds[3],690
cells[80].peer_distribution.values_seconds[4],870
cells[80].peer_distribution.values_seconds[5],1050
cells[80].peer_mad_seconds,270.0
cells[80].peer_median_seconds,610.0
cells[80].subject_closure_seconds,30
cells[80].subject_priority_rank,1
cells[80].subject_risk_total_score,32.43
cells[80].subject_value,30
cells[81].cohort_entities_ranked,7
cells[81].cohort_size,6
cells[81].deviation_mad_units,null
cells[81].entities_tied_at_top_priority,1
cells[81].finding_emitted,false
cells[81].peer_closure_seconds[0],150
cells[81].peer_closure_seconds[1],330
cells[81].peer_closure_seconds[2],510
cells[81].peer_closure_seconds[3],690
cells[81].peer_closure_seconds[4],870
cells[81].peer_closure_seconds[5],1050
cells[81].peer_count,6
cells[81].peer_distribution.max,1050
cells[81].peer_distribution.min,150
cells[81].peer_distribution.values_seconds[0],150
cells[81].peer_distribution.values_seconds[1],330
cells[81].peer_distribution.values_seconds[2],510
cells[81].peer_distribution.values_seconds[3],690
cells[81].peer_distribution.values_seconds[4],870
cells[81].peer_distribution.values_seconds[5],1050
cells[81].peer_mad_seconds,270.0
cells[81].peer_median_seconds,610.0
cells[81].subject_closure_seconds,150
cells[81].subject_priority_rank,4
cells[81].subject_risk_total_score,25.8
cells[81].subject_value,150
cells[82].cohort_entities_ranked,7
cells[82].cohort_size,6
cells[82].deviation_mad_units,null
cells[82].entities_tied_at_top_priority,1
cells[82].finding_emitted,false
cells[82].peer_closure_seconds[0],150
cells[82].peer_closure_seconds[1],330
cells[82].peer_closure_seconds[2],510
cells[82].peer_closure_seconds[3],690
cells[82].peer_closure_seconds[4],870
cells[82].peer_closure_seconds[5],1050
cells[82].peer_count,6
cells[82].peer_distribution.max,1050
cells[82].peer_distribution.min,150
cells[82].peer_distribution.values_seconds[0],150
cells[82].peer_distribution.values_seconds[1],330
cells[82].peer_distribution.values_seconds[2],510
cells[82].peer_distribution.values_seconds[3],690
cells[82].peer_distribution.values_seconds[4],870
cells[82].peer_distribution.values_seconds[5],1050
cells[82].peer_mad_seconds,270.0
cells[82].peer_median_seconds,610.0
cells[82].subject_closure_seconds,300
cells[82].subject_priority_rank,5
cells[82].subject_risk_total_score,25.49
cells[82].subject_value,300
cells[83].cohort_entities_ranked,7
cells[83].cohort_size,6
cells[83].deviation_mad_units,null
cells[83].entities_tied_at_top_priority,1
cells[83].finding_emitted,false
cells[83].peer_closure_seconds[0],150
cells[83].peer_closure_seconds[1],330
cells[83].peer_closure_seconds[2],510
cells[83].peer_closure_seconds[3],690
cells[83].peer_closure_seconds[4],870
cells[83].peer_closure_seconds[5],1050
cells[83].peer_count,6
cells[83].peer_distribution.max,1050
cells[83].peer_distribution.min,150
cells[83].peer_distribution.values_seconds[0],150
cells[83].peer_distribution.values_seconds[1],330
cells[83].peer_distribution.values_seconds[2],510
cells[83].peer_distribution.values_seconds[3],690
cells[83].peer_distribution.values_seconds[4],870
cells[83].peer_distribution.values_seconds[5],1050
cells[83].peer_mad_seconds,270.0
cells[83].peer_median_seconds,610.0
cells[83].subject_closure_seconds,450
cells[83].subject_priority_rank,6
cells[83].subject_risk_total_score,25.14
cells[83].subject_value,450
cells[84].cohort_entities_ranked,7
cells[84].cohort_size,6
cells[84].deviation_mad_units,null
cells[84].entities_tied_at_top_priority,1
cells[84].finding_emitted,false
cells[84].peer_closure_seconds[0],150
cells[84].peer_closure_seconds[1],330
cells[84].peer_closure_seconds[2],510
cells[84].peer_closure_seconds[3],690
cells[84].peer_closure_seconds[4],870
cells[84].peer_closure_seconds[5],1050
cells[84].peer_count,6
cells[84].peer_distribution.max,1050
cells[84].peer_distribution.min,150
cells[84].peer_distribution.values_seconds[0],150
cells[84].peer_distribution.values_seconds[1],330
cells[84].peer_distribution.values_seconds[2],510
cells[84].peer_distribution.values_seconds[3],690
cells[84].peer_distribution.values_seconds[4],870
cells[84].peer_distribution.values_seconds[5],1050
cells[84].peer_mad_seconds,270.0
cells[84].peer_median_seconds,610.0
cells[84].subject_closure_seconds,600
cells[84].subject_priority_rank,7
cells[84].subject_risk_total_score,23.6
cells[84].subject_value,600
cells[85].cohort_entities_ranked,7
cells[85].cohort_size,6
cells[85].deviation_mad_units,null
cells[85].entities_tied_at_top_priority,1
cells[85].finding_emitted,false
cells[85].peer_closure_seconds[0],150
cells[85].peer_closure_seconds[1],330
cells[85].peer_closure_seconds[2],510
cells[85].peer_closure_seconds[3],690
cells[85].peer_closure_seconds[4],870
cells[85].peer_closure_seconds[5],1050
cells[85].peer_count,6
cells[85].peer_distribution.max,1050
cells[85].peer_distribution.min,150
cells[85].peer_distribution.values_seconds[0],150
cells[85].peer_distribution.values_seconds[1],330
cells[85].peer_distribution.values_seconds[2],510
cells[85].peer_distribution.values_seconds[3],690
cells[85].peer_distribution.values_seconds[4],870
cells[85].peer_distribution.values_seconds[5],1050
cells[85].peer_mad_seconds,270.0
cells[85].peer_median_seconds,610.0
cells[85].subject_closure_seconds,900
cells[85].subject_priority_rank,7
cells[85].subject_risk_total_score,23.6
cells[85].subject_value,900
cells[86].cohort_entities_ranked,7
cells[86].cohort_size,6
cells[86].deviation_mad_units,3.3333333333333335
cells[86].entities_tied_at_top_priority,1
cells[86].finding_emitted,true
cells[86].findings[0].effect,3.3333333333333335
cells[86].findings[0].statistic,1510.0
cells[86].findings[0].threshold,610.0
cells[86].peer_closure_seconds[0],150
cells[86].peer_closure_seconds[1],330
cells[86].peer_closure_seconds[2],510
cells[86].peer_closure_seconds[3],690
cells[86].peer_closure_seconds[4],870
cells[86].peer_closure_seconds[5],1050
cells[86].peer_count,6
cells[86].peer_distribution.max,1050
cells[86].peer_distribution.min,150
cells[86].peer_distribution.values_seconds[0],150
cells[86].peer_distribution.values_seconds[1],330
cells[86].peer_distribution.values_seconds[2],510
cells[86].peer_distribution.values_seconds[3],690
cells[86].peer_distribution.values_seconds[4],870
cells[86].peer_distribution.values_seconds[5],1050
cells[86].peer_mad_seconds,270.0
cells[86].peer_median_seconds,610.0
cells[86].subject_closure_seconds,1500
cells[86].subject_priority_rank,1
cells[86].subject_risk_total_score,30.27
cells[86].subject_value,1500
cells[87].cohort_entities_ranked,7
cells[87].cohort_size,6
cells[87].deviation_mad_units,8.88888888888889
cells[87].entities_tied_at_top_priority,1
cells[87].finding_emitted,true
cells[87].findings[0].effect,8.88888888888889
cells[87].findings[0].statistic,3010.0
cells[87].findings[0].threshold,610.0
cells[87].peer_closure_seconds[0],150
cells[87].peer_closure_seconds[1],330
cells[87].peer_closure_seconds[2],510
cells[87].peer_closure_seconds[3],690
cells[87].peer_closure_seconds[4],870
cells[87].peer_closure_seconds[5],1050
cells[87].peer_count,6
cells[87].peer_distribution.max,1050
cells[87].peer_distribution.min,150
cells[87].peer_distribution.values_seconds[0],150
cells[87].peer_distribution.values_seconds[1],330
cells[87].peer_distribution.values_seconds[2],510
cells[87].peer_distribution.values_seconds[3],690
cells[87].peer_distribution.values_seconds[4],870
cells[87].peer_distribution.values_seconds[5],1050
cells[87].peer_mad_seconds,270.0
cells[87].peer_median_seconds,610.0
cells[87].subject_closure_seconds,3000
cells[87].subject_priority_rank,1
cells[87].subject_risk_total_score,30.27
cells[87].subject_value,3000
cells[88].cohort_entities_ranked,9
cells[88].cohort_size,8
cells[88].deviation_mad_units,-2.217898832684825
cells[88].entities_tied_at_top_priority,1
cells[88].finding_emitted,true
cells[88].findings[0].effect,-2.217898832684825
cells[88].findings[0].statistic,40.0
cells[88].findings[0].threshold,610.0
cells[88].peer_closure_seconds[0],150
cells[88].peer_closure_seconds[1],279
cells[88].peer_closure_seconds[2],407
cells[88].peer_closure_seconds[3],536
cells[88].peer_closure_seconds[4],664
cells[88].peer_closure_seconds[5],793
cells[88].peer_closure_seconds[6],921
cells[88].peer_closure_seconds[7],1050
cells[88].peer_count,8
cells[88].peer_distribution.max,1050
cells[88].peer_distribution.min,150
cells[88].peer_distribution.values_seconds[0],150
cells[88].peer_distribution.values_seconds[1],279
cells[88].peer_distribution.values_seconds[2],407
cells[88].peer_distribution.values_seconds[3],536
cells[88].peer_distribution.values_seconds[4],664
cells[88].peer_distribution.values_seconds[5],793
cells[88].peer_distribution.values_seconds[6],921
cells[88].peer_distribution.values_seconds[7],1050
cells[88].peer_mad_seconds,257.0
cells[88].peer_median_seconds,610.0
cells[88].subject_closure_seconds,30
cells[88].subject_priority_rank,1
cells[88].subject_risk_total_score,32.46
cells[88].subject_value,30
cells[89].cohort_entities_ranked,9
cells[89].cohort_size,8
cells[89].deviation_mad_units,null
cells[89].entities_tied_at_top_priority,1
cells[89].finding_emitted,false
cells[89].peer_closure_seconds[0],150
cells[89].peer_closure_seconds[1],279
cells[89].peer_closure_seconds[2],407
cells[89].peer_closure_seconds[3],536
cells[89].peer_closure_seconds[4],664
cells[89].peer_closure_seconds[5],793
cells[89].peer_closure_seconds[6],921
cells[89].peer_closure_seconds[7],1050
cells[89].peer_count,8
cells[89].peer_distribution.max,1050
cells[89].peer_distribution.min,150
cells[89].peer_distribution.values_seconds[0],150
cells[89].peer_distribution.values_seconds[1],279
cells[89].peer_distribution.values_seconds[2],407
cells[89].peer_distribution.values_seconds[3],536
cells[89].peer_distribution.values_seconds[4],664
cells[89].peer_distribution.values_seconds[5],793
cells[89].peer_distribution.values_seconds[6],921
cells[89].peer_distribution.values_seconds[7],1050
cells[89].peer_mad_seconds,257.0
cells[89].peer_median_seconds,610.0
cells[89].subject_closure_seconds,150
cells[89].subject_priority_rank,6
cells[89].subject_risk_total_score,25.8
cells[89].subject_value,150
cells[90].cohort_entities_ranked,9
cells[90].cohort_size,8
cells[90].deviation_mad_units,null
cells[90].entities_tied_at_top_priority,1
cells[90].finding_emitted,false
cells[90].peer_closure_seconds[0],150
cells[90].peer_closure_seconds[1],279
cells[90].peer_closure_seconds[2],407
cells[90].peer_closure_seconds[3],536
cells[90].peer_closure_seconds[4],664
cells[90].peer_closure_seconds[5],793
cells[90].peer_closure_seconds[6],921
cells[90].peer_closure_seconds[7],1050
cells[90].peer_count,8
cells[90].peer_distribution.max,1050
cells[90].peer_distribution.min,150
cells[90].peer_distribution.values_seconds[0],150
cells[90].peer_distribution.values_seconds[1],279
cells[90].peer_distribution.values_seconds[2],407
cells[90].peer_distribution.values_seconds[3],536
cells[90].peer_distribution.values_seconds[4],664
cells[90].peer_distribution.values_seconds[5],793
cells[90].peer_distribution.values_seconds[6],921
cells[90].peer_distribution.values_seconds[7],1050
cells[90].peer_mad_seconds,257.0
cells[90].peer_median_seconds,610.0
cells[90].subject_closure_seconds,300
cells[90].subject_priority_rank,8
cells[90].subject_risk_total_score,25.49
cells[90].subject_value,300
cells[91].cohort_entities_ranked,9
cells[91].cohort_size,8
cells[91].deviation_mad_units,null
cells[91].entities_tied_at_top_priority,1
cells[91].finding_emitted,false
cells[91].peer_closure_seconds[0],150
cells[91].peer_closure_seconds[1],279
cells[91].peer_closure_seconds[2],407
cells[91].peer_closure_seconds[3],536
cells[91].peer_closure_seconds[4],664
cells[91].peer_closure_seconds[5],793
cells[91].peer_closure_seconds[6],921
cells[91].peer_closure_seconds[7],1050
cells[91].peer_count,8
cells[91].peer_distribution.max,1050
cells[91].peer_distribution.min,150
cells[91].peer_distribution.values_seconds[0],150
cells[91].peer_distribution.values_seconds[1],279
cells[91].peer_distribution.values_seconds[2],407
cells[91].peer_distribution.values_seconds[3],536
cells[91].peer_distribution.values_seconds[4],664
cells[91].peer_distribution.values_seconds[5],793
cells[91].peer_distribution.values_seconds[6],921
cells[91].peer_distribution.values_seconds[7],1050
cells[91].peer_mad_seconds,257.0
cells[91].peer_median_seconds,610.0
cells[91].subject_closure_seconds,450
cells[91].subject_priority_rank,9
cells[91].subject_risk_total_score,25.14
cells[91].subject_value,450
cells[92].cohort_entities_ranked,9
cells[92].cohort_size,8
cells[92].deviation_mad_units,null
cells[92].entities_tied_at_top_priority,1
cells[92].finding_emitted,false
cells[92].peer_closure_seconds[0],150
cells[92].peer_closure_seconds[1],279
cells[92].peer_closure_seconds[2],407
cells[92].peer_closure_seconds[3],536
cells[92].peer_closure_seconds[4],664
cells[92].peer_closure_seconds[5],793
cells[92].peer_closure_seconds[6],921
cells[92].peer_closure_seconds[7],1050
cells[92].peer_count,8
cells[92].peer_distribution.max,1050
cells[92].peer_distribution.min,150
cells[92].peer_distribution.values_seconds[0],150
cells[92].peer_distribution.values_seconds[1],279
cells[92].peer_distribution.values_seconds[2],407
cells[92].peer_distribution.values_seconds[3],536
cells[92].peer_distribution.values_seconds[4],664
cells[92].peer_distribution.values_seconds[5],793
cells[92].peer_distribution.values_seconds[6],921
cells[92].peer_distribution.values_seconds[7],1050
cells[92].peer_mad_seconds,257.0
cells[92].peer_median_seconds,610.0
cells[92].subject_closure_seconds,600
cells[92].subject_priority_rank,9
cells[92].subject_risk_total_score,23.6
cells[92].subject_value,600
cells[93].cohort_entities_ranked,9
cells[93].cohort_size,8
cells[93].deviation_mad_units,null
cells[93].entities_tied_at_top_priority,1
cells[93].finding_emitted,false
cells[93].peer_closure_seconds[0],150
cells[93].peer_closure_seconds[1],279
cells[93].peer_closure_seconds[2],407
cells[93].peer_closure_seconds[3],536
cells[93].peer_closure_seconds[4],664
cells[93].peer_closure_seconds[5],793
cells[93].peer_closure_seconds[6],921
cells[93].peer_closure_seconds[7],1050
cells[93].peer_count,8
cells[93].peer_distribution.max,1050
cells[93].peer_distribution.min,150
cells[93].peer_distribution.values_seconds[0],150
cells[93].peer_distribution.values_seconds[1],279
cells[93].peer_distribution.values_seconds[2],407
cells[93].peer_distribution.values_seconds[3],536
cells[93].peer_distribution.values_seconds[4],664
cells[93].peer_distribution.values_seconds[5],793
cells[93].peer_distribution.values_seconds[6],921
cells[93].peer_distribution.values_seconds[7],1050
cells[93].peer_mad_seconds,257.0
cells[93].peer_median_seconds,610.0
cells[93].subject_closure_seconds,900
cells[93].subject_priority_rank,9
cells[93].subject_risk_total_score,23.6
cells[93].subject_value,900
cells[94].cohort_entities_ranked,9
cells[94].cohort_size,8
cells[94].deviation_mad_units,3.501945525291829
cells[94].entities_tied_at_top_priority,1
cells[94].finding_emitted,true
cells[94].findings[0].effect,3.501945525291829
cells[94].findings[0].statistic,1510.0
cells[94].findings[0].threshold,610.0
cells[94].peer_closure_seconds[0],150
cells[94].peer_closure_seconds[1],279
cells[94].peer_closure_seconds[2],407
cells[94].peer_closure_seconds[3],536
cells[94].peer_closure_seconds[4],664
cells[94].peer_closure_seconds[5],793
cells[94].peer_closure_seconds[6],921
cells[94].peer_closure_seconds[7],1050
cells[94].peer_count,8
cells[94].peer_distribution.max,1050
cells[94].peer_distribution.min,150
cells[94].peer_distribution.values_seconds[0],150
cells[94].peer_distribution.values_seconds[1],279
cells[94].peer_distribution.values_seconds[2],407
cells[94].peer_distribution.values_seconds[3],536
cells[94].peer_distribution.values_seconds[4],664
cells[94].peer_distribution.values_seconds[5],793
cells[94].peer_distribution.values_seconds[6],921
cells[94].peer_distribution.values_seconds[7],1050
cells[94].peer_mad_seconds,257.0
cells[94].peer_median_seconds,610.0
cells[94].subject_closure_seconds,1500
cells[94].subject_priority_rank,1
cells[94].subject_risk_total_score,30.27
cells[94].subject_value,1500
cells[95].cohort_entities_ranked,9
cells[95].cohort_size,8
cells[95].deviation_mad_units,9.33852140077821
cells[95].entities_tied_at_top_priority,1
cells[95].finding_emitted,true
cells[95].findings[0].effect,9.33852140077821
cells[95].findings[0].statistic,3010.0
cells[95].findings[0].threshold,610.0
cells[95].peer_closure_seconds[0],150
cells[95].peer_closure_seconds[1],279
cells[95].peer_closure_seconds[2],407
cells[95].peer_closure_seconds[3],536
cells[95].peer_closure_seconds[4],664
cells[95].peer_closure_seconds[5],793
cells[95].peer_closure_seconds[6],921
cells[95].peer_closure_seconds[7],1050
cells[95].peer_count,8
cells[95].peer_distribution.max,1050
cells[95].peer_distribution.min,150
cells[95].peer_distribution.values_seconds[0],150
cells[95].peer_distribution.values_seconds[1],279
cells[95].peer_distribution.values_seconds[2],407
cells[95].peer_distribution.values_seconds[3],536
cells[95].peer_distribution.values_seconds[4],664
cells[95].peer_distribution.values_seconds[5],793
cells[95].peer_distribution.values_seconds[6],921
cells[95].peer_distribution.values_seconds[7],1050
cells[95].peer_mad_seconds,257.0
cells[95].peer_median_seconds,610.0
cells[95].subject_closure_seconds,3000
cells[95].subject_priority_rank,1
cells[95].subject_risk_total_score,30.27
cells[95].subject_value,3000
design.cells,96
design.cohort_sizes[0],2
design.cohort_sizes[1],3
design.cohort_sizes[2],4
design.cohort_sizes[3],5
design.cohort_sizes[4],6
design.cohort_sizes[5],8
design.peer_spreads.tight[0],540
design.peer_spreads.tight[1],660
design.peer_spreads.wide[0],150
design.peer_spreads.wide[1],1050
design.subject_closure_seconds[0],30
design.subject_closure_seconds[1],150
design.subject_closure_seconds[2],300
design.subject_closure_seconds[3],450
design.subject_closure_seconds[4],600
design.subject_closure_seconds[5],900
design.subject_closure_seconds[6],1500
design.subject_closure_seconds[7],3000
findings_emitted_per_spread_and_size.tight:2,0
findings_emitted_per_spread_and_size.tight:3,7
findings_emitted_per_spread_and_size.tight:4,7
findings_emitted_per_spread_and_size.tight:5,7
findings_emitted_per_spread_and_size.tight:6,7
findings_emitted_per_spread_and_size.tight:8,7
findings_emitted_per_spread_and_size.wide:2,0
findings_emitted_per_spread_and_size.wide:3,2
findings_emitted_per_spread_and_size.wide:4,2
findings_emitted_per_spread_and_size.wide:5,4
findings_emitted_per_spread_and_size.wide:6,3
findings_emitted_per_spread_and_size.wide:8,3
matrix[0].cohort_entities_ranked,3
matrix[0].cohort_size,2
matrix[0].deviation_mad_units,null
matrix[0].finding_emitted,false
matrix[0].peer_count_used,2
matrix[0].peer_mad_seconds,0.0
matrix[0].peer_median_seconds,0.0
matrix[0].subject_closure_seconds,30
matrix[0].subject_priority_rank,1
matrix[0].subject_risk_total_score,26.03
matrix[1].cohort_entities_ranked,3
matrix[1].cohort_size,2
matrix[1].deviation_mad_units,null
matrix[1].finding_emitted,false
matrix[1].peer_count_used,2
matrix[1].peer_mad_seconds,0.0
matrix[1].peer_median_seconds,0.0
matrix[1].subject_closure_seconds,150
matrix[1].subject_priority_rank,1
matrix[1].subject_risk_total_score,25.8
matrix[2].cohort_entities_ranked,3
matrix[2].cohort_size,2
matrix[2].deviation_mad_units,null
matrix[2].finding_emitted,false
matrix[2].peer_count_used,2
matrix[2].peer_mad_seconds,0.0
matrix[2].peer_median_seconds,0.0
matrix[2].subject_closure_seconds,300
matrix[2].subject_priority_rank,1
matrix[2].subject_risk_total_score,25.49
matrix[3].cohort_entities_ranked,3
matrix[3].cohort_size,2
matrix[3].deviation_mad_units,null
matrix[3].finding_emitted,false
matrix[3].peer_count_used,2
matrix[3].peer_mad_seconds,0.0
matrix[3].peer_median_seconds,0.0
matrix[3].subject_closure_seconds,450
matrix[3].subject_priority_rank,1
matrix[3].subject_risk_total_score,25.14
matrix[4].cohort_entities_ranked,3
matrix[4].cohort_size,2
matrix[4].deviation_mad_units,null
matrix[4].finding_emitted,false
matrix[4].peer_count_used,2
matrix[4].peer_mad_seconds,0.0
matrix[4].peer_median_seconds,0.0
matrix[4].subject_closure_seconds,600
matrix[4].subject_priority_rank,2
matrix[4].subject_risk_total_score,23.6
matrix[5].cohort_entities_ranked,3
matrix[5].cohort_size,2
matrix[5].deviation_mad_units,null
matrix[5].finding_emitted,false
matrix[5].peer_count_used,2
matrix[5].peer_mad_seconds,0.0
matrix[5].peer_median_seconds,0.0
matrix[5].subject_closure_seconds,900
matrix[5].subject_priority_rank,2
matrix[5].subject_risk_total_score,23.6
matrix[6].cohort_entities_ranked,3
matrix[6].cohort_size,2
matrix[6].deviation_mad_units,null
matrix[6].finding_emitted,false
matrix[6].peer_count_used,2
matrix[6].peer_mad_seconds,0.0
matrix[6].peer_median_seconds,0.0
matrix[6].subject_closure_seconds,1500
matrix[6].subject_priority_rank,2
matrix[6].subject_risk_total_score,23.6
matrix[7].cohort_entities_ranked,3
matrix[7].cohort_size,2
matrix[7].deviation_mad_units,null
matrix[7].finding_emitted,false
matrix[7].peer_count_used,2
matrix[7].peer_mad_seconds,0.0
matrix[7].peer_median_seconds,0.0
matrix[7].subject_closure_seconds,3000
matrix[7].subject_priority_rank,2
matrix[7].subject_risk_total_score,23.6
matrix[8].cohort_entities_ranked,4
matrix[8].cohort_size,3
matrix[8].deviation_mad_units,-9.5
matrix[8].finding_emitted,true
matrix[8].peer_count_used,3
matrix[8].peer_mad_seconds,60.0
matrix[8].peer_median_seconds,610.0
matrix[8].subject_closure_seconds,30
matrix[8].subject_priority_rank,1
matrix[8].subject_risk_total_score,30.65
matrix[9].cohort_entities_ranked,4
matrix[9].cohort_size,3
matrix[9].deviation_mad_units,-7.5
matrix[9].finding_emitted,true
matrix[9].peer_count_used,3
matrix[9].peer_mad_seconds,60.0
matrix[9].peer_median_seconds,610.0
matrix[9].subject_closure_seconds,150
matrix[9].subject_priority_rank,1
matrix[9].subject_risk_total_score,30.42
matrix[10].cohort_entities_ranked,4
matrix[10].cohort_size,3
matrix[10].deviation_mad_units,-5.0
matrix[10].finding_emitted,true
matrix[10].peer_count_used,3
matrix[10].peer_mad_seconds,60.0
matrix[10].peer_median_seconds,610.0
matrix[10].subject_closure_seconds,300
matrix[10].subject_priority_rank,1
matrix[10].subject_risk_total_score,30.11
matrix[11].cohort_entities_ranked,4
matrix[11].cohort_size,3
matrix[11].deviation_mad_units,-2.5
matrix[11].finding_emitted,true
matrix[11].peer_count_used,3
matrix[11].peer_mad_seconds,60.0
matrix[11].peer_median_seconds,610.0
matrix[11].subject_closure_seconds,450
matrix[11].subject_priority_rank,1
matrix[11].subject_risk_total_score,29.76
matrix[12].cohort_entities_ranked,4
matrix[12].cohort_size,3
matrix[12].deviation_mad_units,null
matrix[12].finding_emitted,false
matrix[12].peer_count_used,3
matrix[12].peer_mad_seconds,60.0
matrix[12].peer_median_seconds,610.0
matrix[12].subject_closure_seconds,600
matrix[12].subject_priority_rank,2
matrix[12].subject_risk_total_score,23.6
matrix[13].cohort_entities_ranked,4
matrix[13].cohort_size,3
matrix[13].deviation_mad_units,5.0
matrix[13].finding_emitted,true
matrix[13].peer_count_used,3
matrix[13].peer_mad_seconds,60.0
matrix[13].peer_median_seconds,610.0
matrix[13].subject_closure_seconds,900
matrix[13].subject_priority_rank,1
matrix[13].subject_risk_total_score,28.22
matrix[14].cohort_entities_ranked,4
matrix[14].cohort_size,3
matrix[14].deviation_mad_units,15.0
matrix[14].finding_emitted,true
matrix[14].peer_count_used,3
matrix[14].peer_mad_seconds,60.0
matrix[14].peer_median_seconds,610.0
matrix[14].subject_closure_seconds,1500
matrix[14].subject_priority_rank,1
matrix[14].subject_risk_total_score,28.22
matrix[15].cohort_entities_ranked,4
matrix[15].cohort_size,3
matrix[15].deviation_mad_units,40.0
matrix[15].finding_emitted,true
matrix[15].peer_count_used,3
matrix[15].peer_mad_seconds,60.0
matrix[15].peer_median_seconds,610.0
matrix[15].subject_closure_seconds,3000
matrix[15].subject_priority_rank,1
matrix[15].subject_risk_total_score,28.22
matrix[16].cohort_entities_ranked,5
matrix[16].cohort_size,4
matrix[16].deviation_mad_units,-14.25
matrix[16].finding_emitted,true
matrix[16].peer_count_used,4
matrix[16].peer_mad_seconds,40.0
matrix[16].peer_median_seconds,610.0
matrix[16].subject_closure_seconds,30
matrix[16].subject_priority_rank,1
matrix[16].subject_risk_total_score,31.74
matrix[17].cohort_entities_ranked,5
matrix[17].cohort_size,4
matrix[17].deviation_mad_units,-11.25
matrix[17].finding_emitted,true
matrix[17].peer_count_used,4
matrix[17].peer_mad_seconds,40.0
matrix[17].peer_median_seconds,610.0
matrix[17].subject_closure_seconds,150
matrix[17].subject_priority_rank,1
matrix[17].subject_risk_total_score,31.51
matrix[18].cohort_entities_ranked,5
matrix[18].cohort_size,4
matrix[18].deviation_mad_units,-7.5
matrix[18].finding_emitted,true
matrix[18].peer_count_used,4
matrix[18].peer_mad_seconds,40.0
matrix[18].peer_median_seconds,610.0
matrix[18].subject_closure_seconds,300
matrix[18].subject_priority_rank,1
matrix[18].subject_risk_total_score,31.2
matrix[19].cohort_entities_ranked,5
matrix[19].cohort_size,4
matrix[19].deviation_mad_units,-3.75
matrix[19].finding_emitted,true
matrix[19].peer_count_used,4
matrix[19].peer_mad_seconds,40.0
matrix[19].peer_median_seconds,610.0
matrix[19].subject_closure_seconds,450
matrix[19].subject_priority_rank,1
matrix[19].subject_risk_total_score,30.85
matrix[20].cohort_entities_ranked,5
matrix[20].cohort_size,4
matrix[20].deviation_mad_units,null
matrix[20].finding_emitted,false
matrix[20].peer_count_used,4
matrix[20].peer_mad_seconds,40.0
matrix[20].peer_median_seconds,610.0
matrix[20].subject_closure_seconds,600
matrix[20].subject_priority_rank,4
matrix[20].subject_risk_total_score,23.6
matrix[21].cohort_entities_ranked,5
matrix[21].cohort_size,4
matrix[21].deviation_mad_units,7.5
matrix[21].finding_emitted,true
matrix[21].peer_count_used,4
matrix[21].peer_mad_seconds,40.0
matrix[21].peer_median_seconds,610.0
matrix[21].subject_closure_seconds,900
matrix[21].subject_priority_rank,1
matrix[21].subject_risk_total_score,29.31
matrix[22].cohort_entities_ranked,5
matrix[22].cohort_size,4
matrix[22].deviation_mad_units,22.5
matrix[22].finding_emitted,true
matrix[22].peer_count_used,4
matrix[22].peer_mad_seconds,40.0
matrix[22].peer_median_seconds,610.0
matrix[22].subject_closure_seconds,1500
matrix[22].subject_priority_rank,1
matrix[22].subject_risk_total_score,29.31
matrix[23].cohort_entities_ranked,5
matrix[23].cohort_size,4
matrix[23].deviation_mad_units,60.0
matrix[23].finding_emitted,true
matrix[23].peer_count_used,4
matrix[23].peer_mad_seconds,40.0
matrix[23].peer_median_seconds,610.0
matrix[23].subject_closure_seconds,3000
matrix[23].subject_priority_rank,1
matrix[23].subject_risk_total_score,29.31
matrix[24].cohort_entities_ranked,6
matrix[24].cohort_size,5
matrix[24].deviation_mad_units,-19.0
matrix[24].finding_emitted,true
matrix[24].peer_count_used,5
matrix[24].peer_mad_seconds,30.0
matrix[24].peer_median_seconds,610.0
matrix[24].subject_closure_seconds,30
matrix[24].subject_priority_rank,1
matrix[24].subject_risk_total_score,32.7
matrix[25].cohort_entities_ranked,6
matrix[25].cohort_size,5
matrix[25].deviation_mad_units,-15.0
matrix[25].finding_emitted,true
matrix[25].peer_count_used,5
matrix[25].peer_mad_seconds,30.0
matrix[25].peer_median_seconds,610.0
matrix[25].subject_closure_seconds,150
matrix[25].subject_priority_rank,1
matrix[25].subject_risk_total_score,32.47
matrix[26].cohort_entities_ranked,6
matrix[26].cohort_size,5
matrix[26].deviation_mad_units,-10.0
matrix[26].finding_emitted,true
matrix[26].peer_count_used,5
matrix[26].peer_mad_seconds,30.0
matrix[26].peer_median_seconds,610.0
matrix[26].subject_closure_seconds,300
matrix[26].subject_priority_rank,1
matrix[26].subject_risk_total_score,32.16
matrix[27].cohort_entities_ranked,6
matrix[27].cohort_size,5
matrix[27].deviation_mad_units,-5.0
matrix[27].finding_emitted,true
matrix[27].peer_count_used,5
matrix[27].peer_mad_seconds,30.0
matrix[27].peer_median_seconds,610.0
matrix[27].subject_closure_seconds,450
matrix[27].subject_priority_rank,1
matrix[27].subject_risk_total_score,31.81
matrix[28].cohort_entities_ranked,6
matrix[28].cohort_size,5
matrix[28].deviation_mad_units,null
matrix[28].finding_emitted,false
matrix[28].peer_count_used,5
matrix[28].peer_mad_seconds,30.0
matrix[28].peer_median_seconds,610.0
matrix[28].subject_closure_seconds,600
matrix[28].subject_priority_rank,5
matrix[28].subject_risk_total_score,23.6
matrix[29].cohort_entities_ranked,6
matrix[29].cohort_size,5
matrix[29].deviation_mad_units,10.0
matrix[29].finding_emitted,true
matrix[29].peer_count_used,5
matrix[29].peer_mad_seconds,30.0
matrix[29].peer_median_seconds,610.0
matrix[29].subject_closure_seconds,900
matrix[29].subject_priority_rank,1
matrix[29].subject_risk_total_score,30.27
matrix[30].cohort_entities_ranked,6
matrix[30].cohort_size,5
matrix[30].deviation_mad_units,30.0
matrix[30].finding_emitted,true
matrix[30].peer_count_used,5
matrix[30].peer_mad_seconds,30.0
matrix[30].peer_median_seconds,610.0
matrix[30].subject_closure_seconds,1500
matrix[30].subject_priority_rank,1
matrix[30].subject_risk_total_score,30.27
matrix[31].cohort_entities_ranked,6
matrix[31].cohort_size,5
matrix[31].deviation_mad_units,80.0
matrix[31].finding_emitted,true
matrix[31].peer_count_used,5
matrix[31].peer_mad_seconds,30.0
matrix[31].peer_median_seconds,610.0
matrix[31].subject_closure_seconds,3000
matrix[31].subject_priority_rank,1
matrix[31].subject_risk_total_score,30.27
matrix[32].cohort_entities_ranked,7
matrix[32].cohort_size,6
matrix[32].deviation_mad_units,-15.833333333333334
matrix[32].finding_emitted,true
matrix[32].peer_count_used,6
matrix[32].peer_mad_seconds,36.0
matrix[32].peer_median_seconds,610.0
matrix[32].subject_closure_seconds,30
matrix[32].subject_priority_rank,1
matrix[32].subject_risk_total_score,32.7
matrix[33].cohort_entities_ranked,7
matrix[33].cohort_size,6
matrix[33].deviation_mad_units,-12.5
matrix[33].finding_emitted,true
matrix[33].peer_count_used,6
matrix[33].peer_mad_seconds,36.0
matrix[33].peer_median_seconds,610.0
matrix[33].subject_closure_seconds,150
matrix[33].subject_priority_rank,1
matrix[33].subject_risk_total_score,32.47
matrix[34].cohort_entities_ranked,7
matrix[34].cohort_size,6
matrix[34].deviation_mad_units,-8.333333333333334
matrix[34].finding_emitted,true
matrix[34].peer_count_used,6
matrix[34].peer_mad_seconds,36.0
matrix[34].peer_median_seconds,610.0
matrix[34].subject_closure_seconds,300
matrix[34].subject_priority_rank,1
matrix[34].subject_risk_total_score,32.16
matrix[35].cohort_entities_ranked,7
matrix[35].cohort_size,6
matrix[35].deviation_mad_units,-4.166666666666667
matrix[35].finding_emitted,true
matrix[35].peer_count_used,6
matrix[35].peer_mad_seconds,36.0
matrix[35].peer_median_seconds,610.0
matrix[35].subject_closure_seconds,450
matrix[35].subject_priority_rank,1
matrix[35].subject_risk_total_score,31.81
matrix[36].cohort_entities_ranked,7
matrix[36].cohort_size,6
matrix[36].deviation_mad_units,null
matrix[36].finding_emitted,false
matrix[36].peer_count_used,6
matrix[36].peer_mad_seconds,36.0
matrix[36].peer_median_seconds,610.0
matrix[36].subject_closure_seconds,600
matrix[36].subject_priority_rank,7
matrix[36].subject_risk_total_score,23.6
matrix[37].cohort_entities_ranked,7
matrix[37].cohort_size,6
matrix[37].deviation_mad_units,8.333333333333334
matrix[37].finding_emitted,true
matrix[37].peer_count_used,6
matrix[37].peer_mad_seconds,36.0
matrix[37].peer_median_seconds,610.0
matrix[37].subject_closure_seconds,900
matrix[37].subject_priority_rank,1
matrix[37].subject_risk_total_score,30.27
matrix[38].cohort_entities_ranked,7
matrix[38].cohort_size,6
matrix[38].deviation_mad_units,25.0
matrix[38].finding_emitted,true
matrix[38].peer_count_used,6
matrix[38].peer_mad_seconds,36.0
matrix[38].peer_median_seconds,610.0
matrix[38].subject_closure_seconds,1500
matrix[38].subject_priority_rank,1
matrix[38].subject_risk_total_score,30.27
matrix[39].cohort_entities_ranked,7
matrix[39].cohort_size,6
matrix[39].deviation_mad_units,66.66666666666667
matrix[39].finding_emitted,true
matrix[39].peer_count_used,6
matrix[39].peer_mad_seconds,36.0
matrix[39].peer_median_seconds,610.0
matrix[39].subject_closure_seconds,3000
matrix[39].subject_priority_rank,1
matrix[39].subject_risk_total_score,30.27
matrix[40].cohort_entities_ranked,9
matrix[40].cohort_size,8
matrix[40].deviation_mad_units,-16.52173913043478
matrix[40].finding_emitted,true
matrix[40].peer_count_used,8
matrix[40].peer_mad_seconds,34.5
matrix[40].peer_median_seconds,610.0
matrix[40].subject_closure_seconds,30
matrix[40].subject_priority_rank,1
matrix[40].subject_risk_total_score,32.7
matrix[41].cohort_entities_ranked,9
matrix[41].cohort_size,8
matrix[41].deviation_mad_units,-13.043478260869565
matrix[41].finding_emitted,true
matrix[41].peer_count_used,8
matrix[41].peer_mad_seconds,34.5
matrix[41].peer_median_seconds,610.0
matrix[41].subject_closure_seconds,150
matrix[41].subject_priority_rank,1
matrix[41].subject_risk_total_score,32.47
matrix[42].cohort_entities_ranked,9
matrix[42].cohort_size,8
matrix[42].deviation_mad_units,-8.695652173913043
matrix[42].finding_emitted,true
matrix[42].peer_count_used,8
matrix[42].peer_mad_seconds,34.5
matrix[42].peer_median_seconds,610.0
matrix[42].subject_closure_seconds,300
matrix[42].subject_priority_rank,1
matrix[42].subject_risk_total_score,32.16
matrix[43].cohort_entities_ranked,9
matrix[43].cohort_size,8
matrix[43].deviation_mad_units,-4.3478260869565215
matrix[43].finding_emitted,true
matrix[43].peer_count_used,8
matrix[43].peer_mad_seconds,34.5
matrix[43].peer_median_seconds,610.0
matrix[43].subject_closure_seconds,450
matrix[43].subject_priority_rank,1
matrix[43].subject_risk_total_score,31.81
matrix[44].cohort_entities_ranked,9
matrix[44].cohort_size,8
matrix[44].deviation_mad_units,null
matrix[44].finding_emitted,false
matrix[44].peer_count_used,8
matrix[44].peer_mad_seconds,34.5
matrix[44].peer_median_seconds,610.0
matrix[44].subject_closure_seconds,600
matrix[44].subject_priority_rank,9
matrix[44].subject_risk_total_score,23.6
matrix[45].cohort_entities_ranked,9
matrix[45].cohort_size,8
matrix[45].deviation_mad_units,8.695652173913043
matrix[45].finding_emitted,true
matrix[45].peer_count_used,8
matrix[45].peer_mad_seconds,34.5
matrix[45].peer_median_seconds,610.0
matrix[45].subject_closure_seconds,900
matrix[45].subject_priority_rank,1
matrix[45].subject_risk_total_score,30.27
matrix[46].cohort_entities_ranked,9
matrix[46].cohort_size,8
matrix[46].deviation_mad_units,26.08695652173913
matrix[46].finding_emitted,true
matrix[46].peer_count_used,8
matrix[46].peer_mad_seconds,34.5
matrix[46].peer_median_seconds,610.0
matrix[46].subject_closure_seconds,1500
matrix[46].subject_priority_rank,1
matrix[46].subject_risk_total_score,30.27
matrix[47].cohort_entities_ranked,9
matrix[47].cohort_size,8
matrix[47].deviation_mad_units,69.56521739130434
matrix[47].finding_emitted,true
matrix[47].peer_count_used,8
matrix[47].peer_mad_seconds,34.5
matrix[47].peer_median_seconds,610.0
matrix[47].subject_closure_seconds,3000
matrix[47].subject_priority_rank,1
matrix[47].subject_risk_total_score,30.27
matrix[48].cohort_entities_ranked,3
matrix[48].cohort_size,2
matrix[48].deviation_mad_units,null
matrix[48].finding_emitted,false
matrix[48].peer_count_used,2
matrix[48].peer_mad_seconds,0.0
matrix[48].peer_median_seconds,0.0
matrix[48].subject_closure_seconds,30
matrix[48].subject_priority_rank,1
matrix[48].subject_risk_total_score,26.03
matrix[49].cohort_entities_ranked,3
matrix[49].cohort_size,2
matrix[49].deviation_mad_units,null
matrix[49].finding_emitted,false
matrix[49].peer_count_used,2
matrix[49].peer_mad_seconds,0.0
matrix[49].peer_median_seconds,0.0
matrix[49].subject_closure_seconds,150
matrix[49].subject_priority_rank,1
matrix[49].subject_risk_total_score,25.8
matrix[50].cohort_entities_ranked,3
matrix[50].cohort_size,2
matrix[50].deviation_mad_units,null
matrix[50].finding_emitted,false
matrix[50].peer_count_used,2
matrix[50].peer_mad_seconds,0.0
matrix[50].peer_median_seconds,0.0
matrix[50].subject_closure_seconds,300
matrix[50].subject_priority_rank,2
matrix[50].subject_risk_total_score,25.49
matrix[51].cohort_entities_ranked,3
matrix[51].cohort_size,2
matrix[51].deviation_mad_units,null
matrix[51].finding_emitted,false
matrix[51].peer_count_used,2
matrix[51].peer_mad_seconds,0.0
matrix[51].peer_median_seconds,0.0
matrix[51].subject_closure_seconds,450
matrix[51].subject_priority_rank,2
matrix[51].subject_risk_total_score,25.14
matrix[52].cohort_entities_ranked,3
matrix[52].cohort_size,2
matrix[52].deviation_mad_units,null
matrix[52].finding_emitted,false
matrix[52].peer_count_used,2
matrix[52].peer_mad_seconds,0.0
matrix[52].peer_median_seconds,0.0
matrix[52].subject_closure_seconds,600
matrix[52].subject_priority_rank,2
matrix[52].subject_risk_total_score,23.6
matrix[53].cohort_entities_ranked,3
matrix[53].cohort_size,2
matrix[53].deviation_mad_units,null
matrix[53].finding_emitted,false
matrix[53].peer_count_used,2
matrix[53].peer_mad_seconds,0.0
matrix[53].peer_median_seconds,0.0
matrix[53].subject_closure_seconds,900
matrix[53].subject_priority_rank,2
matrix[53].subject_risk_total_score,23.6
matrix[54].cohort_entities_ranked,3
matrix[54].cohort_size,2
matrix[54].deviation_mad_units,null
matrix[54].finding_emitted,false
matrix[54].peer_count_used,2
matrix[54].peer_mad_seconds,0.0
matrix[54].peer_median_seconds,0.0
matrix[54].subject_closure_seconds,1500
matrix[54].subject_priority_rank,2
matrix[54].subject_risk_total_score,23.6
matrix[55].cohort_entities_ranked,3
matrix[55].cohort_size,2
matrix[55].deviation_mad_units,null
matrix[55].finding_emitted,false
matrix[55].peer_count_used,2
matrix[55].peer_mad_seconds,0.0
matrix[55].peer_median_seconds,0.0
matrix[55].subject_closure_seconds,3000
matrix[55].subject_priority_rank,2
matrix[55].subject_risk_total_score,23.6
matrix[56].cohort_entities_ranked,4
matrix[56].cohort_size,3
matrix[56].deviation_mad_units,null
matrix[56].finding_emitted,false
matrix[56].peer_count_used,3
matrix[56].peer_mad_seconds,450.0
matrix[56].peer_median_seconds,610.0
matrix[56].subject_closure_seconds,30
matrix[56].subject_priority_rank,1
matrix[56].subject_risk_total_score,26.03
matrix[57].cohort_entities_ranked,4
matrix[57].cohort_size,3
matrix[57].deviation_mad_units,null
matrix[57].finding_emitted,false
matrix[57].peer_count_used,3
matrix[57].peer_mad_seconds,450.0
matrix[57].peer_median_seconds,610.0
matrix[57].subject_closure_seconds,150
matrix[57].subject_priority_rank,1
matrix[57].subject_risk_total_score,25.8
matrix[58].cohort_entities_ranked,4
matrix[58].cohort_size,3
matrix[58].deviation_mad_units,null
matrix[58].finding_emitted,false
matrix[58].peer_count_used,3
matrix[58].peer_mad_seconds,450.0
matrix[58].peer_median_seconds,610.0
matrix[58].subject_closure_seconds,300
matrix[58].subject_priority_rank,2
matrix[58].subject_risk_total_score,25.49
matrix[59].cohort_entities_ranked,4
matrix[59].cohort_size,3
matrix[59].deviation_mad_units,null
matrix[59].finding_emitted,false
matrix[59].peer_count_used,3
matrix[59].peer_mad_seconds,450.0
matrix[59].peer_median_seconds,610.0
matrix[59].subject_closure_seconds,450
matrix[59].subject_priority_rank,2
matrix[59].subject_risk_total_score,25.14
matrix[60].cohort_entities_ranked,4
matrix[60].cohort_size,3
matrix[60].deviation_mad_units,null
matrix[60].finding_emitted,false
matrix[60].peer_count_used,3
matrix[60].peer_mad_seconds,450.0
matrix[60].peer_median_seconds,610.0
matrix[60].subject_closure_seconds,600
matrix[60].subject_priority_rank,2
matrix[60].subject_risk_total_score,23.6
matrix[61].cohort_entities_ranked,4
matrix[61].cohort_size,3
matrix[61].deviation_mad_units,null
matrix[61].finding_emitted,false
matrix[61].peer_count_used,3
matrix[61].peer_mad_seconds,450.0
matrix[61].peer_median_seconds,610.0
matrix[61].subject_closure_seconds,900
matrix[61].subject_priority_rank,2
matrix[61].subject_risk_total_score,23.6
matrix[62].cohort_entities_ranked,4
matrix[62].cohort_size,3
matrix[62].deviation_mad_units,2.0
matrix[62].finding_emitted,true
matrix[62].peer_count_used,3
matrix[62].peer_mad_seconds,450.0
matrix[62].peer_median_seconds,610.0
matrix[62].subject_closure_seconds,1500
matrix[62].subject_priority_rank,1
matrix[62].subject_risk_total_score,28.22
matrix[63].cohort_entities_ranked,4
matrix[63].cohort_size,3
matrix[63].deviation_mad_units,5.333333333333333
matrix[63].finding_emitted,true
matrix[63].peer_count_used,3
matrix[63].peer_mad_seconds,450.0
matrix[63].peer_median_seconds,610.0
matrix[63].subject_closure_seconds,3000
matrix[63].subject_priority_rank,1
matrix[63].subject_risk_total_score,28.22
matrix[64].cohort_entities_ranked,5
matrix[64].cohort_size,4
matrix[64].deviation_mad_units,null
matrix[64].finding_emitted,false
matrix[64].peer_count_used,4
matrix[64].peer_mad_seconds,300.0
matrix[64].peer_median_seconds,610.0
matrix[64].subject_closure_seconds,30
matrix[64].subject_priority_rank,2
matrix[64].subject_risk_total_score,26.03
matrix[65].cohort_entities_ranked,5
matrix[65].cohort_size,4
matrix[65].deviation_mad_units,null
matrix[65].finding_emitted,false
matrix[65].peer_count_used,4
matrix[65].peer_mad_seconds,300.0
matrix[65].peer_median_seconds,610.0
matrix[65].subject_closure_seconds,150
matrix[65].subject_priority_rank,2
matrix[65].subject_risk_total_score,25.8
matrix[66].cohort_entities_ranked,5
matrix[66].cohort_size,4
matrix[66].deviation_mad_units,null
matrix[66].finding_emitted,false
matrix[66].peer_count_used,4
matrix[66].peer_mad_seconds,300.0
matrix[66].peer_median_seconds,610.0
matrix[66].subject_closure_seconds,300
matrix[66].subject_priority_rank,3
matrix[66].subject_risk_total_score,25.49
matrix[67].cohort_entities_ranked,5
matrix[67].cohort_size,4
matrix[67].deviation_mad_units,null
matrix[67].finding_emitted,false
matrix[67].peer_count_used,4
matrix[67].peer_mad_seconds,300.0
matrix[67].peer_median_seconds,610.0
matrix[67].subject_closure_seconds,450
matrix[67].subject_priority_rank,3
matrix[67].subject_risk_total_score,25.14
matrix[68].cohort_entities_ranked,5
matrix[68].cohort_size,4
matrix[68].deviation_mad_units,null
matrix[68].finding_emitted,false
matrix[68].peer_count_used,4
matrix[68].peer_mad_seconds,300.0
matrix[68].peer_median_seconds,610.0
matrix[68].subject_closure_seconds,600
matrix[68].subject_priority_rank,4
matrix[68].subject_risk_total_score,23.6
matrix[69].cohort_entities_ranked,5
matrix[69].cohort_size,4
matrix[69].deviation_mad_units,null
matrix[69].finding_emitted,false
matrix[69].peer_count_used,4
matrix[69].peer_mad_seconds,300.0
matrix[69].peer_median_seconds,610.0
matrix[69].subject_closure_seconds,900
matrix[69].subject_priority_rank,4
matrix[69].subject_risk_total_score,23.6
matrix[70].cohort_entities_ranked,5
matrix[70].cohort_size,4
matrix[70].deviation_mad_units,3.0
matrix[70].finding_emitted,true
matrix[70].peer_count_used,4
matrix[70].peer_mad_seconds,300.0
matrix[70].peer_median_seconds,610.0
matrix[70].subject_closure_seconds,1500
matrix[70].subject_priority_rank,1
matrix[70].subject_risk_total_score,29.31
matrix[71].cohort_entities_ranked,5
matrix[71].cohort_size,4
matrix[71].deviation_mad_units,8.0
matrix[71].finding_emitted,true
matrix[71].peer_count_used,4
matrix[71].peer_mad_seconds,300.0
matrix[71].peer_median_seconds,610.0
matrix[71].subject_closure_seconds,3000
matrix[71].subject_priority_rank,1
matrix[71].subject_risk_total_score,29.31
matrix[72].cohort_entities_ranked,6
matrix[72].cohort_size,5
matrix[72].deviation_mad_units,-2.533333333333333
matrix[72].finding_emitted,true
matrix[72].peer_count_used,5
matrix[72].peer_mad_seconds,225.0
matrix[72].peer_median_seconds,610.0
matrix[72].subject_closure_seconds,30
matrix[72].subject_priority_rank,1
matrix[72].subject_risk_total_score,32.56
matrix[73].cohort_entities_ranked,6
matrix[73].cohort_size,5
matrix[73].deviation_mad_units,-2.0
matrix[73].finding_emitted,true
matrix[73].peer_count_used,5
matrix[73].peer_mad_seconds,225.0
matrix[73].peer_median_seconds,610.0
matrix[73].subject_closure_seconds,150
matrix[73].subject_priority_rank,1
matrix[73].subject_risk_total_score,32.16
matrix[74].cohort_entities_ranked,6
matrix[74].cohort_size,5
matrix[74].deviation_mad_units,null
matrix[74].finding_emitted,false
matrix[74].peer_count_used,5
matrix[74].peer_mad_seconds,225.0
matrix[74].peer_median_seconds,610.0
matrix[74].subject_closure_seconds,300
matrix[74].subject_priority_rank,4
matrix[74].subject_risk_total_score,25.49
matrix[75].cohort_entities_ranked,6
matrix[75].cohort_size,5
matrix[75].deviation_mad_units,null
matrix[75].finding_emitted,false
matrix[75].peer_count_used,5
matrix[75].peer_mad_seconds,225.0
matrix[75].peer_median_seconds,610.0
matrix[75].subject_closure_seconds,450
matrix[75].subject_priority_rank,5
matrix[75].subject_risk_total_score,25.14
matrix[76].cohort_entities_ranked,6
matrix[76].cohort_size,5
matrix[76].deviation_mad_units,null
matrix[76].finding_emitted,false
matrix[76].peer_count_used,5
matrix[76].peer_mad_seconds,225.0
matrix[76].peer_median_seconds,610.0
matrix[76].subject_closure_seconds,600
matrix[76].subject_priority_rank,5
matrix[76].subject_risk_total_score,23.6
matrix[77].cohort_entities_ranked,6
matrix[77].cohort_size,5
matrix[77].deviation_mad_units,null
matrix[77].finding_emitted,false
matrix[77].peer_count_used,5
matrix[77].peer_mad_seconds,225.0
matrix[77].peer_median_seconds,610.0
matrix[77].subject_closure_seconds,900
matrix[77].subject_priority_rank,5
matrix[77].subject_risk_total_score,23.6
matrix[78].cohort_entities_ranked,6
matrix[78].cohort_size,5
matrix[78].deviation_mad_units,4.0
matrix[78].finding_emitted,true
matrix[78].peer_count_used,5
matrix[78].peer_mad_seconds,225.0
matrix[78].peer_median_seconds,610.0
matrix[78].subject_closure_seconds,1500
matrix[78].subject_priority_rank,1
matrix[78].subject_risk_total_score,30.27
matrix[79].cohort_entities_ranked,6
matrix[79].cohort_size,5
matrix[79].deviation_mad_units,10.666666666666666
matrix[79].finding_emitted,true
matrix[79].peer_count_used,5
matrix[79].peer_mad_seconds,225.0
matrix[79].peer_median_seconds,610.0
matrix[79].subject_closure_seconds,3000
matrix[79].subject_priority_rank,1
matrix[79].subject_risk_total_score,30.27
matrix[80].cohort_entities_ranked,7
matrix[80].cohort_size,6
matrix[80].deviation_mad_units,-2.111111111111111
matrix[80].finding_emitted,true
matrix[80].peer_count_used,6
matrix[80].peer_mad_seconds,270.0
matrix[80].peer_median_seconds,610.0
matrix[80].subject_closure_seconds,30
matrix[80].subject_priority_rank,1
matrix[80].subject_risk_total_score,32.43
matrix[81].cohort_entities_ranked,7
matrix[81].cohort_size,6
matrix[81].deviation_mad_units,null
matrix[81].finding_emitted,false
matrix[81].peer_count_used,6
matrix[81].peer_mad_seconds,270.0
matrix[81].peer_median_seconds,610.0
matrix[81].subject_closure_seconds,150
matrix[81].subject_priority_rank,4
matrix[81].subject_risk_total_score,25.8
matrix[82].cohort_entities_ranked,7
matrix[82].cohort_size,6
matrix[82].deviation_mad_units,null
matrix[82].finding_emitted,false
matrix[82].peer_count_used,6
matrix[82].peer_mad_seconds,270.0
matrix[82].peer_median_seconds,610.0
matrix[82].subject_closure_seconds,300
matrix[82].subject_priority_rank,5
matrix[82].subject_risk_total_score,25.49
matrix[83].cohort_entities_ranked,7
matrix[83].cohort_size,6
matrix[83].deviation_mad_units,null
matrix[83].finding_emitted,false
matrix[83].peer_count_used,6
matrix[83].peer_mad_seconds,270.0
matrix[83].peer_median_seconds,610.0
matrix[83].subject_closure_seconds,450
matrix[83].subject_priority_rank,6
matrix[83].subject_risk_total_score,25.14
matrix[84].cohort_entities_ranked,7
matrix[84].cohort_size,6
matrix[84].deviation_mad_units,null
matrix[84].finding_emitted,false
matrix[84].peer_count_used,6
matrix[84].peer_mad_seconds,270.0
matrix[84].peer_median_seconds,610.0
matrix[84].subject_closure_seconds,600
matrix[84].subject_priority_rank,7
matrix[84].subject_risk_total_score,23.6
matrix[85].cohort_entities_ranked,7
matrix[85].cohort_size,6
matrix[85].deviation_mad_units,null
matrix[85].finding_emitted,false
matrix[85].peer_count_used,6
matrix[85].peer_mad_seconds,270.0
matrix[85].peer_median_seconds,610.0
matrix[85].subject_closure_seconds,900
matrix[85].subject_priority_rank,7
matrix[85].subject_risk_total_score,23.6
matrix[86].cohort_entities_ranked,7
matrix[86].cohort_size,6
matrix[86].deviation_mad_units,3.3333333333333335
matrix[86].finding_emitted,true
matrix[86].peer_count_used,6
matrix[86].peer_mad_seconds,270.0
matrix[86].peer_median_seconds,610.0
matrix[86].subject_closure_seconds,1500
matrix[86].subject_priority_rank,1
matrix[86].subject_risk_total_score,30.27
matrix[87].cohort_entities_ranked,7
matrix[87].cohort_size,6
matrix[87].deviation_mad_units,8.88888888888889
matrix[87].finding_emitted,true
matrix[87].peer_count_used,6
matrix[87].peer_mad_seconds,270.0
matrix[87].peer_median_seconds,610.0
matrix[87].subject_closure_seconds,3000
matrix[87].subject_priority_rank,1
matrix[87].subject_risk_total_score,30.27
matrix[88].cohort_entities_ranked,9
matrix[88].cohort_size,8
matrix[88].deviation_mad_units,-2.217898832684825
matrix[88].finding_emitted,true
matrix[88].peer_count_used,8
matrix[88].peer_mad_seconds,257.0
matrix[88].peer_median_seconds,610.0
matrix[88].subject_closure_seconds,30
matrix[88].subject_priority_rank,1
matrix[88].subject_risk_total_score,32.46
matrix[89].cohort_entities_ranked,9
matrix[89].cohort_size,8
matrix[89].deviation_mad_units,null
matrix[89].finding_emitted,false
matrix[89].peer_count_used,8
matrix[89].peer_mad_seconds,257.0
matrix[89].peer_median_seconds,610.0
matrix[89].subject_closure_seconds,150
matrix[89].subject_priority_rank,6
matrix[89].subject_risk_total_score,25.8
matrix[90].cohort_entities_ranked,9
matrix[90].cohort_size,8
matrix[90].deviation_mad_units,null
matrix[90].finding_emitted,false
matrix[90].peer_count_used,8
matrix[90].peer_mad_seconds,257.0
matrix[90].peer_median_seconds,610.0
matrix[90].subject_closure_seconds,300
matrix[90].subject_priority_rank,8
matrix[90].subject_risk_total_score,25.49
matrix[91].cohort_entities_ranked,9
matrix[91].cohort_size,8
matrix[91].deviation_mad_units,null
matrix[91].finding_emitted,false
matrix[91].peer_count_used,8
matrix[91].peer_mad_seconds,257.0
matrix[91].peer_median_seconds,610.0
matrix[91].subject_closure_seconds,450
matrix[91].subject_priority_rank,9
matrix[91].subject_risk_total_score,25.14
matrix[92].cohort_entities_ranked,9
matrix[92].cohort_size,8
matrix[92].deviation_mad_units,null
matrix[92].finding_emitted,false
matrix[92].peer_count_used,8
matrix[92].peer_mad_seconds,257.0
matrix[92].peer_median_seconds,610.0
matrix[92].subject_closure_seconds,600
matrix[92].subject_priority_rank,9
matrix[92].subject_risk_total_score,23.6
matrix[93].cohort_entities_ranked,9
matrix[93].cohort_size,8
matrix[93].deviation_mad_units,null
matrix[93].finding_emitted,false
matrix[93].peer_count_used,8
matrix[93].peer_mad_seconds,257.0
matrix[93].peer_median_seconds,610.0
matrix[93].subject_closure_seconds,900
matrix[93].subject_priority_rank,9
matrix[93].subject_risk_total_score,23.6
matrix[94].cohort_entities_ranked,9
matrix[94].cohort_size,8
matrix[94].deviation_mad_units,3.501945525291829
matrix[94].finding_emitted,true
matrix[94].peer_count_used,8
matrix[94].peer_mad_seconds,257.0
matrix[94].peer_median_seconds,610.0
matrix[94].subject_closure_seconds,1500
matrix[94].subject_priority_rank,1
matrix[94].subject_risk_total_score,30.27
matrix[95].cohort_entities_ranked,9
matrix[95].cohort_size,8
matrix[95].deviation_mad_units,9.33852140077821
matrix[95].finding_emitted,true
matrix[95].peer_count_used,8
matrix[95].peer_mad_seconds,257.0
matrix[95].peer_median_seconds,610.0
matrix[95].subject_closure_seconds,3000
matrix[95].subject_priority_rank,1
matrix[95].subject_risk_total_score,30.27
performance.total_elapsed_seconds,49.654498
policy.deviation_threshold_mad_units,2.0
policy.minimum_peers,3
